SparkleIndex,SparkleTerm,Cui,UmlsCanonicalName,ChosenMethod,ChosenScore,Types
0,Yellow Fever Vaccination,C0199823,Vaccination against yellow fever,alias,0.0,"[""T061""]"
2,Zenker Diverticulum,C0085232,Zenker Diverticulum,alias,0.0,"[""T047""]"
3,Zika Virus,C0318793,Zika Virus,alias,0.0,"[""T005""]"
5,Xerosis,C0259817,Xerosis,alias,0.0,"[""T047""]"
8,Yaws,C0043388,Yaws,alias,0.0,"[""T047""]"
9,Yellow Fever,C0043395,Yellow Fever,alias,0.0,"[""T047""]"
10,Wrist Sprain,C0160063,Sprain of wrist,alias,0.0,"[""T037""]"
12,Wrist Surgery,C0187064,Operative procedure on wrist,alias,0.0,"[""T061""]"
14,Xanthoma,C0302314,Xanthoma,alias,0.0,"[""T047""]"
15,Xerophthalmia,C0043349,Xerophthalmia,alias,0.0,"[""T047""]"
18,Wrist Injury,C0043264,Wrist Injuries,alias,0.0,"[""T037""]"
20,Wrist Pain,C0221785,Pain in wrist,alias,0.0,"[""T184""]"
21,Wrist Reconstruction,C0845620,Wrist reconstruction,alias,0.0,"[""T061""]"
22,Wrinkles,C0037301,Skin Wrinkling,alias,0.0,"[""T033""]"
23,Wrist Arthritis,C0409210,Arthritis of wrist,alias,0.0,"[""T047""]"
25,Wrist Dislocation,C3278433,Dislocation of wrist,alias,0.0,"[""T037""]"
27,Wrist Fracture,C5551302,Fracture of wrist,alias,0.0,"[""T037""]"
28,Womens Health,C0080339,Women's Health,alias,0.0,"[""T091""]"
31,Wound Care,C0886052,wound care,alias,0.0,"[""T061""]"
32,Wound Debridement,C0191342,Debridement of wound of skin,alias,0.0,"[""T061""]"
33,Wound Infection,C0043241,Wound Infection,alias,0.0,"[""T046""]"
34,Williams Syndrome,C0175702,Williams Syndrome,alias,0.0,"[""T047""]"
36,Wilsons Disease,C0019202,Hepatolenticular Degeneration,alias,0.0,"[""T047""]"
37,Wisdom Teeth,C0026369,Structure of wisdom tooth,alias,0.0,"[""T023""]"
38,Wiskott Aldrich Syndrome,C0043194,Wiskott-Aldrich Syndrome,alias,0.0,"[""T047""]"
39,Wolff-Parkinson-White Syndrome,C0043202,Wolff-Parkinson-White Syndrome,alias,0.0,"[""T047""]"
40,Wheezing,C0043144,Wheezing,alias,0.0,"[""T184""]"
41,Whipple Procedure,C0085162,Pancreaticoduodenectomy,alias,0.0,"[""T061""]"
42,Whipples Disease,C0023788,Whipple Disease,alias,0.0,"[""T047""]"
44,Whole Exome Sequencing,C3640077,Whole Exome Sequencing,alias,0.0,"[""T063""]"
45,Whole Genome Sequencing,C3640076,Whole Genome Sequencing,alias,0.0,"[""T063""]"
47,Wellness,C0018684,Health,alias,0.0,"[""T078""]"
50,West Nile Virus,C1096184,West Nile viral infection,alias,0.0,"[""T047""]"
51,Wheat Allergy,C0949570,Wheat Hypersensitivity,alias,0.0,"[""T047""]"
56,Well Differentiated Liposarcoma,C1266129,Atypical Lipoma,alias,0.0,"[""T191""]"
59,Weight Loss,C1262477,Weight Loss,alias,0.0,"[""T033""]"
62,Weight Problem,C0848241,weight problem,alias,0.0,"[""T184""]"
63,Wart Removal,C0580643,Removal of wart,alias,0.0,"[""T061""]"
64,Warts,C3665596,Warts,alias,0.0,"[""T047""]"
68,Weakness,C3714552,Weakness,alias,0.0,"[""T184""]"
69,Vulvar Mass,C0241716,Mass of vulva,alias,0.0,"[""T033""]"
70,Vulvectomy,C0195066,Vulvectomy,alias,0.0,"[""T061""]"
71,Vulvitis,C0042996,Vulvitis,alias,0.0,"[""T047""]"
72,Vulvodynia,C0406670,Vulvodynia,alias,0.0,"[""T047""]"
74,Waldenstrom Macroglobulinemia,C0024419,Waldenstrom Macroglobulinemia,alias,0.0,"[""T191""]"
75,Von Willebrand Disease,C0042974,von Willebrand Disease,alias,0.0,"[""T047""]"
76,VQ Scan,C0560738,VQ - Ventilation perfusion scan,alias,0.0,"[""T060""]"
77,Vulvar Abscess,C0262666,Abscess of vulva,alias,0.0,"[""T047""]"
78,Vulvar Cancer,C0375071,Malignant neoplasm of vulva,alias,0.0,"[""T191""]"
79,Vulvar Disease,C0042994,Vulvar Diseases,alias,0.0,"[""T047""]"
80,Vulvar Dysplasia,C0346210,Vulval intraepithelial neoplasia,alias,0.0,"[""T191""]"
83,Volitional Tremor,C0234376,Action Tremor,alias,0.0,"[""T184""]"
84,Volumetric Modulated Arc Therapy,C3489631,Volumetric-Modulated Arc Therapy,alias,0.0,"[""T061""]"
85,Vomiting,C0042963,Vomiting,alias,0.0,"[""T184""]"
86,Von Hippel Lindau Disease,C0019562,Von Hippel-Lindau Syndrome,alias,0.0,"[""T047""]"
88,Vogt Koyanagi Harada Syndrome,C0042170,Uveomeningoencephalitic Syndrome,alias,0.0,"[""T047""]"
89,Voice Disorders,C0042940,Voice Disorders,alias,0.0,"[""T047""]"
91,Voice Prosthesis,C0087165,Voice Prosthesis,alias,0.0,"[""T074""]"
94,Vocal Cord Dysfunction,C0859897,Vocal Cord Dysfunction,alias,0.0,"[""T033""]"
97,Vocal Cord Paralysis,C0042928,Vocal Cord Paralysis,alias,0.0,"[""T047""]"
99,Vocal Cord Surgery,C0189205,Operation on vocal cord,alias,0.0,"[""T061""]"
100,Vitiligo,C0042900,Vitiligo,alias,0.0,"[""T047""]"
101,Vitrectomy,C0042903,Vitrectomy,alias,0.0,"[""T061""]"
106,Vocal Cord Cancer,C0345715,Malignant tumor of vocal cord,alias,0.0,"[""T191""]"
109,Vitamin B12 Deficiency,C0042847,Vitamin B 12 Deficiency,alias,0.0,"[""T047""]"
111,Vitamin D Deficiency,C0042870,Vitamin D Deficiency,alias,0.0,"[""T047""]"
112,Vitamin Deficiency,C0376286,Avitaminosis,alias,0.0,"[""T047""]"
113,Visual Discomfort,C0042818,Visual discomfort,alias,0.0,"[""T184""]"
114,Visual Disturbance,C0547030,Visual disturbance,alias,0.0,"[""T033""]"
115,Visual Field Defects,C3887875,Visual field defects,alias,0.0,"[""T033""]"
116,Visual Field Testing,C0042825,Visual field study,alias,0.0,"[""T060""]"
117,Visual Impairment,C3665347,Visual Impairment,alias,0.0,"[""T033""]"
119,Virtual Colonoscopy,C0935912,Computed Tomographic Colonography,alias,0.0,"[""T060""]"
120,Viscosupplementation,C2350507,Viscosupplementation,alias,0.0,"[""T061""]"
121,Vision Loss,C3665347,Visual Impairment,alias,0.0,"[""T033""]"
123,Vision Therapy,C0150177,Vision therapy,alias,0.0,"[""T058""]"
125,Viral Exanthem,C0153062,Viral exanthem,alias,0.0,"[""T047""]"
126,Viral Hepatitis,C0042721,Viral hepatitis,alias,0.0,"[""T047""]"
127,Viral Infections,C0042769,Virus Diseases,alias,0.0,"[""T047""]"
128,Viral Meningitis,C0025297,Viral meningitis,alias,0.0,"[""T047""]"
132,Videostroboscopy,C4725909,Videostroboscopy,alias,0.0,"[""T060""]"
133,Viral Arthritis,C0003875,"Arthritis, Viral",alias,0.0,"[""T047""]"
134,Viral Cardiomyopathy,C0264797,Dilated cardiomyopathy due to viral myocarditis,alias,0.0,"[""T047""]"
135,Viral Conjunctivitis,C0009774,Viral Conjunctivitis,alias,0.0,"[""T047""]"
136,Viral Encephalitis,C0243010,Viral Encephalitis,alias,0.0,"[""T047""]"
139,Vestibular Neuritis,C0751908,Vestibular Neuronitis,alias,0.0,"[""T047""]"
140,Vestibular Neuronitis,C0751908,Vestibular Neuronitis,alias,0.0,"[""T047""]"
142,Vhl Gene,C0694897,VHL gene,alias,0.0,"[""T028""]"
143,Video Assisted Thoracoscopic Surgery,C0752151,"Thoracic Surgery, Video-Assisted",alias,0.0,"[""T061""]"
146,Vertigo,C0042571,Vertigo,alias,0.0,"[""T184""]"
150,Vertebral Fracture,C0080179,Spinal Fractures,alias,0.0,"[""T037""]"
154,Vertebrobasilar Insufficiency,C0042568,Vertebrobasilar Insufficiency,alias,0.0,"[""T047""]"
155,Vertebroplasty,C1303192,Vertebroplasty,alias,0.0,"[""T061""]"
157,Vermilionectomy,C0191993,Vermilionectomy,alias,0.0,"[""T061""]"
160,Vertebral Artery Stenosis,C0265103,Vertebral Artery Stenosis,alias,0.0,"[""T047""]"
162,Vertebral Epiphysitis,C0036310,Scheuermann's Disease,alias,0.0,"[""T047""]"
163,Ventricular Septal Defects,C0018818,Ventricular Septal Defects,alias,0.0,"[""T019""]"
164,Ventricular Shunt,C0728823,Ventricular shunt device,alias,0.0,"[""T074""]"
165,Ventricular Tachycardia,C0042514,"Tachycardia, Ventricular",alias,0.0,"[""T047""]"
166,Ventriculo Peritoneal Shunt,C0162702,Creation of ventriculo-peritoneal shunt,alias,0.0,"[""T061""]"
167,Ventriculocisternostomy,C0042515,Ventriculocisternostomy,alias,0.0,"[""T061""]"
168,Ventriculomegaly,C1531647,Cerebral ventriculomegaly,alias,0.0,"[""T033""]"
169,Ventriculostomy,C0042517,Ventriculostomy,alias,0.0,"[""T061""]"
170,Ventricular Aneurysm,C0392464,Ventricular aneurysm,alias,0.0,"[""T047""]"
171,Ventricular Arrhythmia,C0085612,Ventricular arrhythmia,alias,0.0,"[""T047""]"
172,Ventricular Assist Device,C0085842,Artificial Ventricle,alias,0.0,"[""T074""]"
173,Ventricular Fibrillation,C0042510,Ventricular Fibrillation,alias,0.0,"[""T047""]"
174,Ventricular Myxoma,C1710629,Ventricular myxoma,alias,0.0,"[""T191""]"
179,Ventilator Dependent,C0750173,Ventilator-Dependent,alias,0.0,"[""T033""]"
180,Ventral Hernia,C0019326,Ventral Hernia,alias,0.0,"[""T190""]"
181,Ventral Hernia Repair,C0019334,Repair of ventral hernia,alias,0.0,"[""T061""]"
182,Venezuelan Equine Encephalomyelitis,C0014078,Venezuelan equine encephalomyelitis,alias,0.0,"[""T047""]"
183,Venom Allergy,C4510560,Venom Hypersensitivity,alias,0.0,"[""T046""]"
184,Venous Angioma,C0334532,Venous hemangioma,alias,0.0,"[""T191""]"
185,Venous Cutdown,C0085290,Venous Cutdown,alias,0.0,"[""T061""]"
187,Venous Insufficiency,C0042485,Venous Insufficiency,alias,0.0,"[""T047""]"
189,Vein Ligation,C0191146,Ligation of vein,alias,0.0,"[""T061""]"
190,Vein Of Galen Malformation,C1562503,Vein of Galen Malformations,alias,0.0,"[""T019""]"
193,Velopharyngeal Insufficiency,C0042454,Velopharyngeal Insufficiency,alias,0.0,"[""T047""]"
196,Vasculitis,C0042384,Vasculitis,alias,0.0,"[""T047""]"
197,Vasomotor Rhinitis,C0035460,"Rhinitis, Vasomotor",alias,0.0,"[""T047""]"
199,Vasospastic Angina,C0002963,"Angina Pectoris, Variant",alias,0.0,"[""T047""]"
200,Vasovagal Syncope,C0042420,Vasovagal syncope,alias,0.0,"[""T047""]"
206,Vascular Ring,C0221214,Vascular ring,alias,0.0,"[""T019""]"
209,Vascular Ultrasound,C0948543,Vascular ultrasound procedure,alias,0.0,"[""T060""]"
210,Vascular Access Device,C0184269,Vascular Access Devices,alias,0.0,"[""T074""]"
217,Vascular Malformation,C1961121,Congenital vascular anomaly,alias,0.0,"[""T019""]"
218,Varicella Encephalitis,C0153017,Varicella Zoster Encephalitis,alias,0.0,"[""T047""]"
219,Varicella Vaccination,C5235267,varicella vaccination,alias,0.0,"[""T061""]"
220,Varicella Virus,C0042338,"herpesvirus 3, human",alias,0.0,"[""T005""]"
221,Varicocele,C0042341,Varicocele,alias,0.0,"[""T047""]"
223,Varicose Veins,C0042345,Varicosity,alias,0.0,"[""T047""]"
224,Vasa Previa,C0269852,Vasa Previa,alias,0.0,"[""T190""]"
225,Vagus Nerve Disease,C0152179,Vagus Nerve Disorder,alias,0.0,"[""T047""]"
226,Vagus Nerve Stimulation,C2350432,Vagus Nerve Stimulation,alias,0.0,"[""T061""]"
229,Valvular Heart Disease,C0018824,Heart valve disease,alias,0.0,"[""T047""]"
230,Valvuloplasty,C0190112,Heart valvuloplasty,alias,0.0,"[""T061""]"
231,Variant Angina,C0002963,"Angina Pectoris, Variant",alias,0.0,"[""T047""]"
232,Varicella,C0008049,Chickenpox,alias,0.0,"[""T047""]"
233,Vaginal Melanoma,C2004576,Vaginal Melanoma,alias,0.0,"[""T191""]"
235,Vaginal Prolapse,C0205990,Vaginal Prolapse,alias,0.0,"[""T020""]"
236,Vaginal Septum,C0431649,Vaginal septum,alias,0.0,"[""T019""]"
238,Vaginismus,C2004487,Vaginospasm,alias,0.0,"[""T047""]"
239,Vaginitis,C0042267,Vaginitis,alias,0.0,"[""T047""]"
240,Vaginoplasty,C0195196,Reconstruction of vagina,alias,0.0,"[""T061""]"
241,Vaginal Candidiasis,C0006852,Candidiasis of vagina,alias,0.0,"[""T047""]"
242,Vaginal Delivery,C1541822,Vaginal delivery procedure,alias,0.0,"[""T061""]"
243,Vaginal Discharge,C0227791,Vaginal Discharge,alias,0.0,"[""T033""]"
244,Vaginal Dryness,C0241633,Vaginal dryness,alias,0.0,"[""T033""]"
245,Vaginal Hysterectomy,C0020700,Vaginal hysterectomy,alias,0.0,"[""T061""]"
246,Vaginal Infections,C0404521,Infective vaginitis,alias,0.0,"[""T047""]"
247,Vaginal Intraepithelial Neoplasia,C0346208,Vaginal intraepithelial neoplasia,alias,0.0,"[""T191""]"
248,Vaginal Irritation,C0558368,Vaginal irritation,alias,0.0,"[""T033""]"
250,Vaginal Atrophy,C0241616,Atrophy of vagina,alias,0.0,"[""T047""]"
251,Vaginal Biopsy,C0195133,Vaginal biopsy (procedure),alias,0.0,"[""T060""]"
253,Vaginal Bleeding,C2979982,Vaginal Hemorrhage,alias,0.0,"[""T046""]"
255,Vaginal Cancer,C0042237,Malignant Vaginal Neoplasm,alias,0.0,"[""T191""]"
261,Vagal Stimulation,C1293903,Vagal stimulation,alias,0.0,"[""T060""]"
262,Vaginal Abscess,C0750053,Vaginal Abscess,alias,0.0,"[""T047""]"
264,Uterine Sarcoma,C0338113,Uterine Corpus Sarcoma,alias,0.0,"[""T191""]"
265,Uterine Septum,C0152240,Uterus bilocularis,alias,0.0,"[""T019""]"
266,Uterine Surgery,C3665370,Operation on uterus,alias,0.0,"[""T061""]"
267,Uveitis,C0042164,Uveitis,alias,0.0,"[""T047""]"
269,Uvulitis,C0042174,Uvulitis,alias,0.0,"[""T047""]"
270,Uvuloplasty,C0948461,uvuloplasty,alias,0.0,"[""T061""]"
271,Vaccinations,C0042196,Vaccination,alias,0.0,"[""T061""]"
276,Uterine Mass,C0221782,Mass of uterus,alias,0.0,"[""T033""]"
277,Uterine Myoma,C0042133,Uterine Fibroids,alias,0.0,"[""T191""]"
278,Uterine Polyp,C0156369,Uterine Polyp,alias,0.0,"[""T191""]"
279,Uterine Prolapse,C0042140,Uterine Prolapse,alias,0.0,"[""T190""]"
282,Usher Syndrome,C0271097,Usher Syndrome,alias,0.0,"[""T047""]"
284,Uterine Artery Embolization,C0729536,Uterine Artery Embolization,alias,0.0,"[""T061""]"
285,Uterine Bleeding,C0042134,Uterine hemorrhage,alias,0.0,"[""T046""]"
286,Uterine Cancer,C0153567,Uterine Cancer,alias,0.0,"[""T191""]"
287,Uterine Fibroid Embolization,C1610072,Uterine fibroid embolization,alias,0.0,"[""T061""]"
288,Urologic Surgery,C0038913,Urologic Surgical Procedures,alias,0.0,"[""T061""]"
290,Urostomy,C0856443,Urostomy procedure,alias,0.0,"[""T061""]"
291,Urothelium,C0227598,Urothelium,alias,0.0,"[""T024""]"
292,Urticaria,C0042109,Urticaria,alias,0.0,"[""T047""]"
296,Urinary Tract Infection,C0042029,Urinary tract infection,alias,0.0,"[""T047""]"
297,Urinary Tract Injury,C0497561,urologic injuries,alias,0.0,"[""T037""]"
298,Urinary Tract Malformation,C0158698,Congenital malformation of the urinary system,alias,0.0,"[""T019""]"
299,Urinary Tract Obstruction,C0178879,Urinary tract obstruction,alias,0.0,"[""T047""]"
300,Urinary Tract Pain,C0423701,Urinary Tract Pain,alias,0.0,"[""T184""]"
301,Urinary Urgency,C0085606,Urgency of micturition,alias,0.0,"[""T184""]"
302,Urodynamics,C2239180,Urodynamic studies (procedure),alias,0.0,"[""T060""]"
303,Uroflowmetry,C0200008,Uroflowmetry,alias,0.0,"[""T060""]"
305,Urinary Diversion,C0042020,Urinary Diversion,alias,0.0,"[""T061""]"
307,Urinary Incontinence,C0042024,Urinary Incontinence,alias,0.0,"[""T046""]"
310,Urinary Retention,C0080274,Urinary Retention,alias,0.0,"[""T033""]"
311,Urinary Tract Fistula,C0042021,Urinary Tract Fistula,alias,0.0,"[""T047""]"
312,Urethrotomy,C0194550,Urethrotomy,alias,0.0,"[""T061""]"
313,Urge Incontinence,C0150045,Urge Incontinence,alias,0.0,"[""T033""]"
316,Urinary Catheter Insertion,C0042019,Urinary Catheterization,alias,0.0,"[""T061""]"
319,Urethral Discharge,C0152447,Urethral discharge,alias,0.0,"[""T184""]"
320,Urethral Diverticulum,C0152443,Urethral diverticulum,alias,0.0,"[""T047""]"
321,Urethral Fistula,C0041970,Urethral fistula,alias,0.0,"[""T190""]"
323,Urethral Stricture,C4551691,Urethral stricture,alias,0.0,"[""T047""]"
325,Urethritis,C0041976,Urethritis,alias,0.0,"[""T047""]"
328,Ureteroenterostomy,C0194328,Ureteroenterostomy,alias,0.0,"[""T061""]"
329,Ureteropelvic Junction Obstruction,C0521619,Obstruction of pelviureteric junction,alias,0.0,"[""T190""]"
330,Ureteroscopy,C0401276,Diagnostic endoscopic examination of ureter,alias,0.0,"[""T060""]"
331,Ureterotomy,C0194211,Incision of ureter,alias,0.0,"[""T061""]"
332,Urethral Abscess,C0156278,Urethral abscess,alias,0.0,"[""T047""]"
334,Urethral Cancer,C0700101,Urethral Carcinoma,alias,0.0,"[""T191""]"
335,Uremia,C0041948,Uremia,alias,0.0,"[""T047""]"
339,Ureteral Stent,C0183518,Ureteric stent,alias,0.0,"[""T074""]"
341,Ureterectomy,C0194224,Ureterectomy,alias,0.0,"[""T061""]"
342,Ureterocele,C0041960,Ureterocele,alias,0.0,"[""T020""]"
346,Urachal Cyst,C0041915,Urachal Cyst,alias,0.0,"[""T019""]"
347,Urachal Remnant,C1739389,Urachal Remnant,alias,0.0,"[""T019""]"
355,Upper Gi Series,C0203057,Upper gastrointestinal tract series,alias,0.0,"[""T060""]"
357,Upper Respiratory Infection,C0041912,Upper Respiratory Infections,alias,0.0,"[""T047""]"
361,Unstable Angina,C0002965,"Angina, Unstable",alias,0.0,"[""T047""]"
362,Unsteady Gait,C0231686,"Gait, Unsteady",alias,0.0,"[""T033""]"
363,Unwanted Hair,C0850015,unwanted hair,alias,0.0,"[""T184""]"
365,Upper Back Pain,C0238741,Upper back pain,alias,0.0,"[""T184""]"
366,Undifferentiated Sarcoma,C0855073,Undifferentiated (Embryonal) Sarcoma,alias,0.0,"[""T191""]"
368,Unexplained Infertility,C0404585,Unexplained infertility,alias,0.0,"[""T046""]"
372,Unicameral Bone Cyst,C4082185,Unicameral bone cyst,alias,0.0,"[""T190""]"
374,Underactive Bladder,C4704753,"Urinary Bladder, Underactive",alias,0.0,"[""T047""]"
376,Underweight,C0041667,Underweight,alias,0.0,"[""T033""]"
377,Undiagnosed Diseases,C5197901,Undiagnosed Diseases,alias,0.0,"[""T047""]"
379,Undifferentiated Connective Tissue Disease,C0409999,Undifferentiated Connective Tissue Diseases,alias,0.0,"[""T047""]"
380,Undifferentiated Pleomorphic Sarcoma,C0334463,Malignant Fibrous Histiocytoma,alias,0.0,"[""T191""]"
381,Umbilical Cord Prolapse,C0269845,Prolapsed cord,alias,0.0,"[""T033""]"
383,Umbilical Hernia,C0019322,Umbilical hernia,alias,0.0,"[""T190""]"
392,Ultraviolet Therapy,C0041626,Ultraviolet Therapy,alias,0.0,"[""T061""]"
394,Umbilical Cord Compression,C0266798,Compression of umbilical cord,alias,0.0,"[""T047""]"
398,Ulnar Nerve Injury,C0161458,Injury of ulnar nerve,alias,0.0,"[""T037""]"
401,Ulnar Neuropathy,C0154743,Ulnar Neuropathies,alias,0.0,"[""T047""]"
403,Typhus Fever,C0041471,TYPHUS,alias,0.0,"[""T047""]"
404,Tyrosinemia,C0268483,Tyrosinemias,alias,0.0,"[""T047""]"
406,Ulcerative Colitis,C0009324,Ulcerative Colitis,alias,0.0,"[""T047""]"
407,Ulcerative Proctitis,C2937222,Chronic ulcerative proctitis,alias,0.0,"[""T047""]"
411,Tympanostomy,C0087123,Tympanostomy,alias,0.0,"[""T061""]"
412,Type 1 Diabetes,C0011854,"Diabetes Mellitus, Insulin-Dependent",alias,0.0,"[""T047""]"
414,Type 2 Diabetes,C0011860,"Diabetes Mellitus, Non-Insulin-Dependent",alias,0.0,"[""T047""]"
416,Typhoid Fever,C0041466,Typhoid Fever,alias,0.0,"[""T047""]"
419,Twins,C0041427,Twin sibling (person),alias,0.0,"[""T099""]"
421,Twitching,C0231530,Muscle twitch,alias,0.0,"[""T033""]"
423,Tympanometry,C0085853,Tympanometry,alias,0.0,"[""T060""]"
425,Tumor Of Parotid Gland,C0030581,Parotid Neoplasms,alias,0.0,"[""T191""]"
426,Tumor Pathology,C1519688,Tumor Pathology,alias,0.0,"[""T091""]"
427,Tumor Treating Fields Therapy,C4087167,Tumour treating fields therapy,alias,0.0,"[""T061""]"
429,Turf Toe,C0406185,Turf Toe,alias,0.0,"[""T037""]"
430,Turner Syndrome,C0041408,Turner Syndrome,alias,0.0,"[""T047""]"
432,Tularemia,C0041351,Tularemia,alias,0.0,"[""T047""]"
434,Tumid Lupus Erythematosus,C0406636,Lupus erythematosus tumidus,alias,0.0,"[""T047""]"
435,Tumor Infiltrating Lymphocyte Therapy,C0280661,tumor infiltrating lymphocyte therapy,alias,0.0,"[""T061""]"
439,Tuberous Sclerosis,C0041341,Tuberous Sclerosis,alias,0.0,"[""T191""]"
442,Tubulointerstitial Nephritis,C0041349,"Nephritis, Tubulointerstitial",alias,0.0,"[""T047""]"
443,Tufted Angioma,C0346073,Tufted angioma of skin,alias,0.0,"[""T191""]"
446,Tubal Factor Infertility,C0745287,infertility tubal factor,alias,0.0,"[""T047""]"
447,Tubal Ligation,C0520483,Tubal Ligation,alias,0.0,"[""T061""]"
450,Tuberculosis,C0041296,Tuberculosis,alias,0.0,"[""T047""]"
451,Tropical Sprue,C0038054,"Sprue, Tropical",alias,0.0,"[""T047""]"
454,Truncus Arteriosus,C0041207,"Truncus Arteriosus, Persistent",alias,0.0,"[""T019""]"
455,Truncus Arteriosus Communis,C0041207,"Truncus Arteriosus, Persistent",alias,0.0,"[""T019""]"
456,Trypanosomiasis,C0041227,Trypanosomiasis,alias,0.0,"[""T047""]"
458,Trisomy 13,C0152095,Patau syndrome,alias,0.0,"[""T047""]"
459,Trisomy 18,C4317091,Trisomy 18 Syndrome,alias,0.0,"[""T047""]"
460,Trochlear Nerve Injury,C0161405,Trochlear Nerve Injuries,alias,0.0,"[""T037""]"
462,Tropical Medicine,C0041186,Tropical Medicine,alias,0.0,"[""T091""]"
463,Trigger Finger,C0158328,Trigger Finger Disorder,alias,0.0,"[""T047""]"
465,Trigger Point Injection,C0185340,Injection of trigger point,alias,0.0,"[""T061""]"
466,Trigger Thumb,C0410060,Trigger Thumb,alias,0.0,"[""T020""]"
467,Triple Negative Breast Cancer,C3539878,Triple Negative Breast Neoplasms,alias,0.0,"[""T191""]"
468,Triple X Syndrome,C0221033,Trisomy X syndrome,alias,0.0,"[""T047""]"
469,Trisomy,C0041107,Trisomy,alias,0.0,"[""T049""]"
470,Tricuspid Regurgitation,C0040961,Tricuspid Valve Insufficiency,alias,0.0,"[""T047""]"
471,Tricuspid Stenosis,C0040963,Tricuspid Valve Stenosis,alias,0.0,"[""T047""]"
472,Tricuspid Valve Disease,C0264882,Tricuspid valve disorder,alias,0.0,"[""T047""]"
475,Trigeminal Neuralgia,C0040997,Trigeminal Neuralgia,alias,0.0,"[""T047""]"
477,Trichinosis,C0040896,Trichinellosis,alias,0.0,"[""T047""]"
478,Trichomoniasis,C0040921,Trichomonas Infections,alias,0.0,"[""T047""]"
480,Trichotillomania,C0040953,Trichotillomania,alias,0.0,"[""T048""]"
481,Tricuspid Atresia,C0243002,Tricuspid Atresia,alias,0.0,"[""T019""]"
483,Tree Nut Allergy,C0577620,Nut Hypersensitivity,alias,0.0,"[""T047""]"
484,Tremor,C0040822,Tremor,alias,0.0,"[""T184""]"
485,Trench Fever,C0040830,Trench Fever,alias,0.0,"[""T047""]"
490,Travel Medicine,C2718055,Travel Medicine,alias,0.0,"[""T091""]"
491,Travel Vaccination,C0555961,travel vaccinations,alias,0.0,"[""T061""]"
493,Treacher Collins Syndrome,C0242387,Mandibulofacial Dysostosis,alias,0.0,"[""T047""]"
495,Traumatic Amputation,C0002694,"Amputation, Traumatic",alias,0.0,"[""T037""]"
497,Traumatic Brain Injury,C0876926,Traumatic Brain Injury,alias,0.0,"[""T037""]"
501,Traumatic Cataract,C0154983,Traumatic cataract,alias,0.0,"[""T037""]"
503,Transverse Myelitis,C0026976,"Myelitis, Transverse",alias,0.0,"[""T047""]"
504,Transverse Rectus Abdominis Myocutaneous Flap,C5551436,TRAM Flap Procedure,alias,0.0,"[""T061""]"
507,Trauma,C3714660,Trauma,alias,0.0,"[""T037""]"
513,Transthoracic Echocardiogram,C0430462,Transthoracic echocardiography,alias,0.0,"[""T060""]"
519,Transposition Of Great Vessels,C0040761,Transposition of Great Vessels,alias,0.0,"[""T019""]"
524,Transmissible Spongiform Encephalopathies,C0162534,Prion Diseases,alias,0.0,"[""T047""]"
526,Transoral Laser Microsurgery,C2984589,Transoral Laser Microsurgery,alias,0.0,"[""T061""]"
532,Transitional Cell Carcinoma,C0007138,"Carcinoma, Transitional Cell",alias,0.0,"[""T191""]"
533,Transitional Meningioma,C0334611,Transitional Meningioma,alias,0.0,"[""T191""]"
537,Transient Acantholytic Dermatosis,C0263325,Grover's disease,alias,0.0,"[""T047""]"
538,Transient Blindness,C0155003,"Blindness, Transient",alias,0.0,"[""T046""]"
543,Transcatheter Mitral Valve Repair,C2921039,Transcatheter mitral valve repair,alias,0.0,"[""T061""]"
546,Transcranial Doppler,C0206077,"Ultrasonography, Doppler, Transcranial",alias,0.0,"[""T060""]"
547,Transesophageal Echocardiography,C0206054,"Echocardiography, Transesophageal",alias,0.0,"[""T060""]"
549,Trachonychia,C0406443,Twenty nail dystrophy,alias,0.0,"[""T019""]"
550,Transaminitis,C2242708,Hypertransaminasaemia,alias,0.0,"[""T033""]"
551,Transanal Endoscopic Microsurgery,C4042939,Transanal Endoscopic Microsurgery,alias,0.0,"[""T061""]"
552,Transanal Minimally Invasive Surgery,C4505038,Transanal Minimally Invasive Surgery,alias,0.0,"[""T061""]"
555,Tracheoesophageal Fistula,C0040588,Tracheoesophageal Fistula,alias,0.0,"[""T190""]"
556,Tracheomalacia,C0948187,Tracheomalacia,alias,0.0,"[""T047""]"
557,Tracheoplasty,C2937235,Repair of trachea,alias,0.0,"[""T061""]"
558,Tracheostomy,C0472567,Exteriorization of trachea,alias,0.0,"[""T061""]"
560,Tracheal Resection,C0189360,Resection of trachea,alias,0.0,"[""T061""]"
561,Tracheal Stenosis,C0040583,Tracheal Stenosis,alias,0.0,"[""T047""]"
562,Tracheal Stent,C0183517,Tracheal stent,alias,0.0,"[""T074""]"
565,Tracheobronchitis,C0040586,Tracheobronchitis,alias,0.0,"[""T047""]"
566,Tracheal Cancer,C0153489,Malignant neoplasm of trachea,alias,0.0,"[""T191""]"
569,Tracheal Diseases,C0040580,Tracheal Diseases,alias,0.0,"[""T047""]"
572,Toxic Synovitis,C0302886,Toxic synovitis,alias,0.0,"[""T047""]"
573,Toxic Thyroid Nodule,C0154141,Thyrotoxicosis with toxic single thyroid nodule,alias,0.0,"[""T047""]"
574,Toxocariasis,C0040553,Toxocariasis,alias,0.0,"[""T047""]"
575,Toxoplasmosis,C0040558,Toxoplasmosis,alias,0.0,"[""T047""]"
576,Toxoplasmosis Encephalitis,C0085315,"Toxoplasmosis, Cerebral",alias,0.0,"[""T047""]"
577,Trabeculoplasty,C0040574,Trabeculectomy,alias,0.0,"[""T061""]"
578,Toxic Epidermal Necrolysis,C0014518,Toxic Epidermal Necrolysis,alias,0.0,"[""T047""]"
579,Toxic Hepatitis,C0019193,"Hepatitis, Toxic",alias,0.0,"[""T037""]"
581,Toxic Myopathy,C0154769,Myotoxicity,alias,0.0,"[""T047""]"
582,Toxic Nodular Goiter,C0342127,Toxic nodular goiter,alias,0.0,"[""T047""]"
583,Toxic Shock Syndrome,C0600327,Toxic Shock Syndrome,alias,0.0,"[""T047""]"
587,Tourette Syndrome,C0040517,Gilles de la Tourette syndrome,alias,0.0,"[""T047""]"
589,Toxic Diffuse Goiter,C0342122,Toxic diffuse goiter,alias,0.0,"[""T047""]"
592,Total Knee Replacement,C0086511,Knee Replacement Arthroplasty,alias,0.0,"[""T061""]"
596,Torticollis,C0040485,Torticollis,alias,0.0,"[""T184""]"
598,Total Body Irradiation,C0043162,Whole-Body Irradiation,alias,0.0,"[""T061""]"
600,Total Hip Replacement,C0040508,Total Hip Replacement (procedure),alias,0.0,"[""T061""]"
602,Topectomy,C0040463,Topectomy,alias,0.0,"[""T061""]"
603,Tophus,C0221248,Tophus,alias,0.0,"[""T020""]"
606,Torsion Dystonia,C0013423,Dystonia Musculorum Deformans,alias,0.0,"[""T047""]"
608,Tonsillar Abscess,C0238469,Abscess of tonsil,alias,0.0,"[""T047""]"
609,Tonsillar Hypertrophy,C0272386,Hypertrophy of tonsils,alias,0.0,"[""T047""]"
610,Tonsillectomy,C0040423,Tonsillectomy,alias,0.0,"[""T061""]"
611,Tonsillitis,C0040425,Tonsillitis,alias,0.0,"[""T047""]"
612,Tonsilloliths,C0272388,Amygdalolith,alias,0.0,"[""T047""]"
614,Tongue Pain,C0017672,Glossalgia,alias,0.0,"[""T184""]"
616,Tongue Surgery,C4763986,Tongue Surgery,alias,0.0,"[""T061""]"
617,Tongue Swelling,C0236068,Tongue swelling,alias,0.0,"[""T046""]"
618,Tongue Tied,C0152415,Ankyloglossia,alias,0.0,"[""T019""]"
619,Tonic Clonic Seizure,C0494475,Tonic - clonic seizures,alias,0.0,"[""T047""]"
620,Tomotherapy,C1831735,Tomotherapy,alias,0.0,"[""T061""]"
622,Tongue Cancer,C0153349,Malignant neoplasm of tongue,alias,0.0,"[""T191""]"
624,Tongue Cyst,C0345176,Cyst of tongue,alias,0.0,"[""T047""]"
625,Tongue Mass,C0241436,Mass of tongue,alias,0.0,"[""T033""]"
626,Tongue Numbness,C0520559,Numbness of tongue,alias,0.0,"[""T184""]"
631,Toe Deformity,C0149662,Deformity of toe,alias,0.0,"[""T190""]"
632,Toe Dislocation,C0434717,Dislocation of toe joint,alias,0.0,"[""T037""]"
633,Toe Fracture,C0149755,Fracture of phalanx of foot,alias,0.0,"[""T037""]"
635,Toe Injury,C0560641,Injury of toe,alias,0.0,"[""T037""]"
637,Toe Pain,C0241416,Pain in toe,alias,0.0,"[""T184""]"
639,Tobacco Abuse,C0040336,Tobacco Use Disorder,alias,0.0,"[""T048""]"
641,Tobacco Use Cessation,C0600549,Tobacco Use Cessation,alias,0.0,"[""T055""]"
642,Tobacco Use Disorder,C0040336,Tobacco Use Disorder,alias,0.0,"[""T048""]"
644,Tinea Nigra,C0152067,tinea nigra,alias,0.0,"[""T047""]"
645,Tinea Pedis,C0040259,Tinea Pedis,alias,0.0,"[""T047""]"
646,Tinea Versicolor,C0040262,Tinea Versicolor,alias,0.0,"[""T047""]"
647,Tingling,C0030554,Paresthesia,alias,0.0,"[""T047""]"
648,Tinnitus,C0040264,Tinnitus,alias,0.0,"[""T047""]"
649,Tiredness,C0015672,Fatigue,alias,0.0,"[""T184""]"
651,Tilt Table Test,C0242880,Tilt-Table Test,alias,0.0,"[""T060""]"
652,Tinea Blanca,C0040249,White Piedra,alias,0.0,"[""T047""]"
653,Tinea Capitis,C0040250,Tinea Capitis,alias,0.0,"[""T047""]"
654,Tinea Corporis,C0040252,Tinea corporis (disorder),alias,0.0,"[""T047""]"
655,Tinea Cruris,C1384589,Tinea cruris,alias,0.0,"[""T047""]"
656,Tinea Manus,C0153246,tinea manus,alias,0.0,"[""T047""]"
659,Tic Disorders,C0040188,Tic disorder,alias,0.0,"[""T048""]"
660,Tick Borne Encephalitis,C0014061,Tick-Borne Encephalitis,alias,0.0,"[""T047""]"
661,Tick Borne Infections,C0162699,Tick-Borne Infections,alias,0.0,"[""T047""]"
662,Tietze Syndrome,C0040213,Tietze's Syndrome,alias,0.0,"[""T047""]"
663,Tibial Neuropathy,C0751932,Tibial Neuropathy,alias,0.0,"[""T047""]"
665,Tibial Spine Fracture,C0559736,Tibial Spine Fractures,alias,0.0,"[""T037""]"
667,Tibial Torsion,C0426900,Tibial torsion,alias,0.0,"[""T033""]"
669,Thyroid Orbitopathy,C0339143,Thyroid associated opthalmopathies,alias,0.0,"[""T047""]"
670,Thyroid Surgery,C0193769,Operation on thyroid gland,alias,0.0,"[""T061""]"
671,Thyroid Ultrasound,C0877525,ultrasound thyroid,alias,0.0,"[""T060""]"
672,Thyroiditis,C0040147,Thyroiditis,alias,0.0,"[""T047""]"
674,Thyrotoxicosis,C0040156,Thyrotoxicosis,alias,0.0,"[""T047""]"
675,Tibia Fracture,C0040185,Tibial Fractures,alias,0.0,"[""T037""]"
676,Thyroid Cyst,C0162299,Cyst of thyroid,alias,0.0,"[""T047""]"
677,Thyroid Disorder,C0040128,Thyroid Diseases,alias,0.0,"[""T047""]"
679,Thyroid Hormone Resistance,C4722330,Generalized Thyroid Hormone Resistance,alias,0.0,"[""T047""]"
681,Thyroid Nodule,C0040137,Thyroid Nodule,alias,0.0,"[""T191""]"
682,Thymus Cancer,C0751552,Malignant neoplasm of thymus,alias,0.0,"[""T191""]"
683,Thymus Disorders,C0154199,Disease of thymus gland,alias,0.0,"[""T047""]"
687,Thyroid Cancer,C0007115,Malignant neoplasm of thyroid,alias,0.0,"[""T191""]"
689,Thumb Sprain,C0434472,thumb sprain,alias,0.0,"[""T037""]"
691,Thumb Sucking,C0040068,Thumbsucking,alias,0.0,"[""T033""]"
692,Thumb Surgery,C0749410,Thumb surgery,alias,0.0,"[""T061""]"
693,Thymectomy,C0040071,Thymectomy,alias,0.0,"[""T061""]"
694,Thymoma,C0040100,Thymoma,alias,0.0,"[""T191""]"
698,Thumb Dislocation,C0347744,Traumatic dislocation of joint of thumb,alias,0.0,"[""T037""]"
699,Thumb Hypoplasia,C0431890,Hypoplasia of thumb,alias,0.0,"[""T019""]"
700,Thumb Pain,C0241394,Pain in thumb,alias,0.0,"[""T184""]"
701,Thrombolysis,C0520997,"Thrombolysis, function",alias,0.0,"[""T201""]"
702,Thrombophilia,C0398623,Thrombophilia,alias,0.0,"[""T047""]"
703,Thrombophlebitis,C0040046,Thrombophlebitis,alias,0.0,"[""T046""]"
704,Thrombosis,C0040053,Thrombosis,alias,0.0,"[""T046""]"
706,Thrombotic Thrombocytopenic Purpura,C0034155,"Purpura, Thrombotic Thrombocytopenic",alias,0.0,"[""T047""]"
708,Throat Tightness,C0236071,Constriction in throat,alias,0.0,"[""T033""]"
709,Thrombectomy,C0162578,Thrombectomy,alias,0.0,"[""T061""]"
711,Thromboangiitis Obliterans,C0040021,Thromboangiitis Obliterans,alias,0.0,"[""T047""]"
712,Thrombocytopenia,C0040034,Thrombocytopenia,alias,0.0,"[""T047""]"
713,Thrombocytosis,C0836924,Thrombocytosis,alias,0.0,"[""T047""]"
714,Threatened Abortion,C0000821,Threatened abortion,alias,0.0,"[""T046""]"
719,Throat Cancer,C0740339,Throat Carcinoma,alias,0.0,"[""T191""]"
723,Thoracoscopy,C0039989,Thoracoscopy,alias,0.0,"[""T061""]"
724,Thoracostomy,C0039991,Thoracotomy,alias,0.0,"[""T061""]"
725,Thoracotomy,C0039991,Thoracotomy,alias,0.0,"[""T061""]"
727,Thoracoplasty,C0039988,Thoracoplasty,alias,0.0,"[""T061""]"
733,Thoracic Spine Fracture,C0347780,Fracture of thoracic spine,alias,0.0,"[""T037""]"
735,Thoracic Spine Injury,C0432667,Injury of thoracic spine,alias,0.0,"[""T037""]"
743,Thoracic Outlet Syndrome,C0039984,Thoracic Outlet Syndrome,alias,0.0,"[""T047""]"
747,Thoracic Aortic Aneurysm,C0162872,"Aortic Aneurysm, Thoracic",alias,0.0,"[""T190""]"
748,Thoracic Cancer,C0153661,Malignant neoplasm of thorax,alias,0.0,"[""T191""]"
749,Thoracic Disc Disease,C0749371,thoracic disc disease,alias,0.0,"[""T047""]"
750,Thoracic Endovascular Aortic Repair,C5690823,Thoracic Endovascular Aortic Repair,alias,0.0,"[""T061""]"
753,Third Degree Burn,C0433445,Third degree burn injury,alias,0.0,"[""T037""]"
754,Third Degree Uterine Prolapse,C0392530,Third degree uterine prolapse,alias,0.0,"[""T020""]"
755,Thoracentesis,C0189477,Thoracentesis,alias,0.0,"[""T061""]"
759,Thalamotomy,C0195894,Thalamotomy,alias,0.0,"[""T061""]"
760,Thalassemia,C0039730,Thalassemia,alias,0.0,"[""T047""]"
761,Thalassemia Trait,C0702157,Thalassemia trait,alias,0.0,"[""T047""]"
762,Thallium Stress Test,C1455714,Thallium Myocardial Perfusion Imaging Stress Test,alias,0.0,"[""T060""]"
763,Thelarche,C1291704,Thelarche finding,alias,0.0,"[""T033""]"
764,Thermal Burns,C0701836,Thermal burn,alias,0.0,"[""T037""]"
766,Tethered Spinal Cord Syndrome,C0080218,Tethered Cord Syndrome,alias,0.0,"[""T047""]"
770,Tetraplegia,C0034372,Quadriplegia,alias,0.0,"[""T047""]"
772,Testicular Tumor,C0039590,Testicular Neoplasms,alias,0.0,"[""T191""]"
775,Tetanus,C0039614,Tetanus,alias,0.0,"[""T047""]"
777,Testicular Dysfunction,C0405581,Testicular dysfunction,alias,0.0,"[""T047""]"
778,Testicular Hydrocele,C1720771,Testicular Hydrocele,alias,0.0,"[""T019""]"
779,Testicular Mass,C0241353,Testicular mass,alias,0.0,"[""T033""]"
780,Testicular Microlithiasis,C1864873,Testicular Microlithiasis,alias,0.0,"[""T047""]"
781,Testicular Pain,C0039591,Pain in testicle,alias,0.0,"[""T184""]"
783,Testicular Torsion,C0037856,Spermatic Cord Torsion,alias,0.0,"[""T047""]"
784,Testicular Atrophy,C0156312,Atrophy of testis,alias,0.0,"[""T047""]"
785,Testicular Biopsy,C0403215,Biopsy of testis,alias,0.0,"[""T060""]"
786,Testicular Cancer,C0153594,Malignant neoplasm of testis,alias,0.0,"[""T191""]"
789,Testicular Choriocarcinoma,C0238449,Choriocarcinoma of the Testis,alias,0.0,"[""T191""]"
790,Tension Pneumothorax,C0264558,Tension Pneumothorax,alias,0.0,"[""T047""]"
792,Teratoma,C0039538,Teratoma,alias,0.0,"[""T191""]"
795,Terminal Illness,C0679247,Terminal illness,alias,0.0,"[""T047""]"
796,Tenodesis,C1260974,Tenodesis,alias,0.0,"[""T061""]"
797,Tenolysis,C0185458,Lysis of adhesions of tendon,alias,0.0,"[""T061""]"
798,Tenosynovitis,C0039520,Tenosynovitis,alias,0.0,"[""T047""]"
800,Tension Headache,C0033893,Tension Headache,alias,0.0,"[""T047""]"
801,Tendon Injury,C0039504,Tendon Injuries,alias,0.0,"[""T037""]"
804,Tendonitis,C0039503,Tendinitis,alias,0.0,"[""T047""]"
806,Tenesmus,C0232726,Rectal tenesmus,alias,0.0,"[""T184""]"
809,Tender Lymph Node,C0240273,Tender lymph node,alias,0.0,"[""T184""]"
812,Tendinopathy,C0151936,Disorder of tendon,alias,0.0,"[""T047""]"
813,Tendinosis,C1568363,Tendinosis,alias,0.0,"[""T047""]"
814,Temporal Lobe Epilepsy,C0014556,"Epilepsy, Temporal Lobe",alias,0.0,"[""T047""]"
817,Temporomandibular Joint Disorder,C0039494,Temporomandibular Joint Disorders,alias,0.0,"[""T047""]"
818,Temporomandibular Joint Dysfunction,C0039496,Temporomandibular Joint Dysfunction Syndrome,alias,0.0,"[""T047""]"
820,Telogen Effluvium,C0263518,Telogen effluvium,alias,0.0,"[""T047""]"
821,Temper Tantrum,C0233558,Temper tantrum,alias,0.0,"[""T048""]"
824,Temporal Bone Fracture,C0272461,Fracture of temporal bone,alias,0.0,"[""T037""]"
826,Tay Sachs Disease,C0039373,Tay-Sachs Disease,alias,0.0,"[""T047""]"
828,Tectal Glioma,C5556345,Tectal Glioma,alias,0.0,"[""T191""]"
829,Teen Pregnancy,C0032968,Pregnancy in Adolescence,alias,0.0,"[""T033""]"
830,Teething,C0039437,Teething syndrome,alias,0.0,"[""T033""]"
831,Telangiectasia,C0039446,Telangiectasis,alias,0.0,"[""T033""]"
832,Targeted Molecular Therapy,C2699893,Molecular Targeted Therapy,alias,0.0,"[""T061""]"
833,Targeted Radiation Therapy,C0205918,"Radiotherapy, Targeted",alias,0.0,"[""T061""]"
834,Tarlov Cyst,C0520720,Tarlov Cysts,alias,0.0,"[""T047""]"
835,Tarsal Coalition,C0265654,Tarsal Coalition,alias,0.0,"[""T019""]"
836,Tarsal Tunnel Syndrome,C0039319,Tarsal Tunnel Syndrome,alias,0.0,"[""T047""]"
837,Tattoo Removal,C0848356,Tattoo Removal,alias,0.0,"[""T061""]"
840,Takayasu Arteritis,C0039263,Takayasu Arteritis,alias,0.0,"[""T047""]"
841,Takotsubo Cardiomyopathy,C1739395,Takotsubo Cardiomyopathy,alias,0.0,"[""T047""]"
842,Tamoxifen,C0039286,tamoxifen,alias,0.0,"[""T109"", ""T121""]"
843,Tardive Dyskinesia,C0686347,Tardive Dyskinesia,alias,0.0,"[""T047""]"
844,Syringobulbia,C0270771,Syringobulbia,alias,0.0,"[""T019""]"
845,Syringomyelia,C0039144,Syringomyelia,alias,0.0,"[""T047""]"
846,Systemic Lupus Erythematosus,C0024141,"Lupus Erythematosus, Systemic",alias,0.0,"[""T047""]"
847,Systemic Scleroderma,C0036421,Systemic Scleroderma,alias,0.0,"[""T047""]"
848,Tachycardia,C0039231,Tachycardia,alias,0.0,"[""T033""]"
852,Synovial Chondromatosis,C0029427,Synovial osteochondromatosis,alias,0.0,"[""T047""]"
853,Synovial Sarcoma,C0039101,synovial sarcoma,alias,0.0,"[""T191""]"
854,Synovitis,C0039103,Synovitis,alias,0.0,"[""T047""]"
855,Syphilis,C0039128,Syphilis,alias,0.0,"[""T047""]"
856,Sympathectomy,C0039038,Sympathectomy,alias,0.0,"[""T061""]"
857,Sympathetic Nerve Block,C0039043,Sympathetic Nerve Block,alias,0.0,"[""T061""]"
858,Syncope,C3541349,Syncope (amphibian),alias,0.0,"[""T011""]"
859,Syndactyly,C0039075,Syndactyly,alias,0.0,"[""T019""]"
863,Swollen Throat,C0559687,Congestion of throat,alias,0.0,"[""T184""]"
865,Sydenham Chorea,C0152113,Rheumatic Chorea,alias,0.0,"[""T047""]"
867,Symbrachydactyly,C0431878,Symbrachydactyly,alias,0.0,"[""T019""]"
868,Symmastia,C2931749,Symmastia,alias,0.0,"[""T047""]"
869,Sweat Gland Carcinoma,C0334344,Sweat gland adenocarcinoma,alias,0.0,"[""T191""]"
870,Sweet Syndrome,C0085077,Sweet Syndrome,alias,0.0,"[""T047""]"
871,Swelling,C0038999,Swelling,alias,0.0,"[""T033""]"
872,Swelling Of Eyelid,C0560024,Swelling of eyelid,alias,0.0,"[""T184""]"
874,Swollen Gums,C0235324,Dental swelling,alias,0.0,"[""T033""]"
876,Suture Removal,C0184936,Removal of sutures,alias,0.0,"[""T061""]"
880,Swallowing Problem,C0392678,Swallowing problem,alias,0.0,"[""T184""]"
886,Surgical Wounds,C0332803,Surgical wound,alias,0.0,"[""T037""]"
893,Surgical Staging,C0443276,Pathological staging,alias,0.0,"[""T170""]"
900,Supraglottic Cancer,C1299240,Carcinoma of supraglottis,alias,0.0,"[""T191""]"
902,Supraorbital Neuralgia,C0038870,"Neuralgia, Supraorbital",alias,0.0,"[""T047""]"
904,Supravalvular Aortic Stenosis,C0003499,Supravalvular aortic stenosis,alias,0.0,"[""T047""]"
905,Supraventricular Tachycardia,C0039240,Supraventricular tachycardia,alias,0.0,"[""T047""]"
909,Supernumerary Nipple,C0266011,Accessory nipple,alias,0.0,"[""T019""]"
912,Superficial Keratectomy,C0395404,Superficial keratectomy,alias,0.0,"[""T061""]"
913,Superficial Phlebitis,C0750876,Superficial phlebitis,alias,0.0,"[""T047""]"
919,Sunburn,C3249880,Solar Erythema,alias,0.0,"[""T033""]"
921,Sunspots,C0376616,Sunspots,alias,0.0,"[""T033""]"
924,Sudden Deafness,C1148477,"Deafness, Sudden",alias,0.0,"[""T184""]"
925,Sudden Infant Death Syndrome,C0038644,Sudden infant death syndrome,alias,0.0,"[""T047""]"
927,Sudden Vision Loss,C0155002,Sudden Visual Loss,alias,0.0,"[""T184""]"
928,Suicidal Ideation,C0424000,Feeling suicidal (finding),alias,0.0,"[""T033""]"
929,Suicide Attempt,C0038663,Suicide attempt,alias,0.0,"[""T037""]"
931,Substance Dependence,C0038580,Substance Dependence,alias,0.0,"[""T048""]"
934,Subtotal Colectomy,C0149750,Partial resection of colon,alias,0.0,"[""T061""]"
935,Subungual Hematoma,C0474975,Subungual hematoma,alias,0.0,"[""T037""]"
936,Sudanophilic Cerebral Sclerosis,C0007795,Diffuse Cerebral Sclerosis of Schilder,alias,0.0,"[""T047""]"
940,Subphrenic Abscess,C0038565,Subphrenic Abscess,alias,0.0,"[""T047""]"
942,Substance Addiction,C0038580,Substance Dependence,alias,0.0,"[""T048""]"
943,Subglottic Stenosis,C0238441,Subglottic stenosis,alias,0.0,"[""T190""]"
944,Sublingual Immunotherapy,C3658366,Sublingual Immunotherapy,alias,0.0,"[""T061""]"
951,Subclavian Steal Syndrome,C0038531,Subclavian Steal Syndrome,alias,0.0,"[""T047""]"
953,Subdural Hematoma,C0018946,"Hematoma, Subdural",alias,0.0,"[""T046""]"
955,Subdural Hemorrhage,C0018946,"Hematoma, Subdural",alias,0.0,"[""T046""]"
956,Subependymal Giant Cell Astrocytoma,C0205768,Subependymal Giant Cell Astrocytoma,alias,0.0,"[""T191""]"
958,Subacute Bacterial Endocarditis,C0014122,Subacute Bacterial Endocarditis,alias,0.0,"[""T047""]"
960,Subaortic Stenosis,C0340375,Subaortic stenosis,alias,0.0,"[""T047""]"
961,Subarachnoid Hemorrhage,C0038525,Subarachnoid Hemorrhage,alias,0.0,"[""T047""]"
963,Stridor,C0038450,Stridor,alias,0.0,"[""T184""]"
964,Stroke Rehabilitation,C0204097,Stroke Rehabilitation,alias,0.0,"[""T061""]"
967,Sturge Weber Syndrome,C0038505,Sturge-Weber Syndrome,alias,0.0,"[""T047""]"
968,Stye,C0019919,Hordeolum externum,alias,0.0,"[""T047""]"
971,Striae,C0152459,Linear atrophy,alias,0.0,"[""T020""]"
972,Striae Gravidarum,C0344310,Striae gravidarum,alias,0.0,"[""T046""]"
975,Streptococcal Infections,C0038395,Streptococcal Infections,alias,0.0,"[""T047""]"
976,Streptococcal Meningitis,C0154639,Streptococcal meningitis,alias,0.0,"[""T047""]"
979,Stress Fractures,C0016664,Stress Fractures,alias,0.0,"[""T037""]"
980,Stress Incontinence,C0042025,Urinary Stress Incontinence,alias,0.0,"[""T047""]"
984,Strabismus,C0038379,Strabismus,alias,0.0,"[""T047""]"
985,Strabismus Surgery,C0197981,Strabismus surgery (procedure),alias,0.0,"[""T061""]"
987,Strep Throat,C0036689,Streptococcal sore throat,alias,0.0,"[""T047""]"
988,Stomach Fistula,C0017128,Gastric Fistula,alias,0.0,"[""T190""]"
989,Stomach Pain,C0221512,Stomach ache,alias,0.0,"[""T184""]"
990,Stomach Surgery,C0192398,Operation on stomach,alias,0.0,"[""T061""]"
993,Stomatitis,C0038362,Stomatitis,alias,0.0,"[""T047""]"
995,Stomach Ache,C0235309,Upset stomach,alias,0.0,"[""T184""]"
996,Stomach Cancer,C0024623,Malignant neoplasm of stomach,alias,0.0,"[""T191""]"
998,Stomach Cramps,C0344375,Stomach cramps (finding),alias,0.0,"[""T184""]"
999,Stomach Disorders,C0038354,Stomach Diseases,alias,0.0,"[""T047""]"
1001,Stevens Johnson Syndrome,C0038325,Stevens-Johnson Syndrome,alias,0.0,"[""T047""]"
1002,Stickler Syndrome,C2020284,"Stickler syndrome, type 1",alias,0.0,"[""T047""]"
1003,Stiffness,C0427008,Stiffness,alias,0.0,"[""T184""]"
1008,Stereotactic Radiosurgery,C3846112,"Radiosurgery, Stereotactic",alias,0.0,"[""T061""]"
1010,Stereotypic Movement Disorder,C0038273,Stereotypic Movement Disorder,alias,0.0,"[""T048""]"
1012,Sternal Fracture,C0238436,Fracture of sternum,alias,0.0,"[""T037""]"
1016,Stereotactic Ablative Radiotherapy,C4763970,Stereotactic Ablative Radiotherapy,alias,0.0,"[""T061""]"
1017,Stereotactic Body Radiation Therapy,C3896609,Stereotactic Body Radiation Therapy,alias,0.0,"[""T061""]"
1027,Stem Cell Harvest,C0411265,Harvesting of stem cells,alias,0.0,"[""T061""]"
1029,Stem Cell Transplant,C1504389,Stem cell transplant,alias,0.0,"[""T061""]"
1031,Stasis Dermatitis,C0011620,Stasis dermatitis,alias,0.0,"[""T047""]"
1032,Status Asthmaticus,C0038218,Status Asthmaticus,alias,0.0,"[""T047""]"
1033,Status Epilepticus,C0038220,Status Epilepticus,alias,0.0,"[""T047""]"
1034,Steatorrhea,C0038238,Steatorrhea,alias,0.0,"[""T033""]"
1036,Stapedectomy,C0038150,Stapedectomy,alias,0.0,"[""T061""]"
1037,Staphylococcal Meningitis,C0154640,Staphylococcal meningitis,alias,0.0,"[""T047""]"
1038,Staphylococcal Scalded Skin Syndrome,C0038165,Staphylococcal Scalded Skin Syndrome,alias,0.0,"[""T047""]"
1040,Staple Removal,C0204864,Removal of staples,alias,0.0,"[""T061""]"
1041,Stargardt Macular Degeneration,C0271093,Stargardt's disease,alias,0.0,"[""T047""]"
1042,Squamous Cell Carcinoma Of The Skin,C0553723,Squamous cell carcinoma of skin,alias,0.0,"[""T191""]"
1049,Staging Laparotomy,C0843591,Staging Laparotomy,alias,0.0,"[""T060""]"
1051,Squamous Cell Carcinoma Of The Cervix,C0279671,Cervical Squamous Cell Carcinoma,alias,0.0,"[""T191""]"
1053,Squamous Cell Carcinoma Of The Esophagus,C0279626,Squamous cell carcinoma of esophagus,alias,0.0,"[""T191""]"
1058,Spotted Fevers,C0038041,Spotted Fever Group Rickettsiosis,alias,0.0,"[""T047""]"
1060,Sprengel Deformity,C0152438,Sprengel deformity,alias,0.0,"[""T019""]"
1061,Sputum Production,C0242104,Sputum production,alias,0.0,"[""T042""]"
1065,Squamous Cell Carcinoma Of Penis,C0238348,Squamous Cell Carcinoma of the Penis,alias,0.0,"[""T191""]"
1073,Spontaneous Pneumothorax,C0149781,Spontaneous pneumothorax,alias,0.0,"[""T047""]"
1074,Sporotrichosis,C0038034,Sporotrichosis,alias,0.0,"[""T047""]"
1078,Sports Psychology,C0871418,"Psychology, Sports",alias,0.0,"[""T090""]"
1081,Spongioblastoma,C0334584,Spongioblastoma,alias,0.0,"[""T191""]"
1082,Spontaneous Abortion,C4552766,Miscarriage,alias,0.0,"[""T046""]"
1084,Spondylolisthesis,C0038016,Spondylolisthesis,alias,0.0,"[""T047""]"
1085,Spondylosis,C0038019,Spondylosis,alias,0.0,"[""T047""]"
1087,Spondylosis With Myelopathy,C0263853,spondylitic myelopathy,alias,0.0,"[""T047""]"
1088,Spondylosyndesis,C0037935,Spinal fusion (procedure),alias,0.0,"[""T061""]"
1090,Splenic Sequestration,C1260402,splenic sequestration,alias,0.0,"[""T047""]"
1091,Splenomegaly,C0038002,Splenomegaly,alias,0.0,"[""T033""]"
1094,Spondyloarthropathy,C0949691,Spondylarthropathies,alias,0.0,"[""T047""]"
1095,Spondyloepiphyseal Dysplasia,C0038015,Spondyloepiphyseal Dysplasia,alias,0.0,"[""T047""]"
1096,Splenectomy,C0037995,Splenectomy,alias,0.0,"[""T061""]"
1100,Splenic Cyst,C0272407,Splenic cyst,alias,0.0,"[""T047""]"
1101,Splenic Disease,C0037997,Splenic Diseases,alias,0.0,"[""T047""]"
1102,Splenic Infection,C0948149,Splenic Infection,alias,0.0,"[""T047""]"
1103,Spinocerebellar Degeneration,C0037952,Spinocerebellar Degeneration,alias,0.0,"[""T047""]"
1104,Spinocerebellar Diseases,C0037952,Spinocerebellar Degeneration,alias,0.0,"[""T047""]"
1105,Spirochetal Infection,C0037974,Spirochaetales Infections,alias,0.0,"[""T047""]"
1106,Spirometry,C0037981,Spirometry,alias,0.0,"[""T060""]"
1107,Spleen Cancer,C0153470,Malignant neoplasm of spleen,alias,0.0,"[""T191""]"
1108,Spleen Injury,C0160405,Injury of spleen,alias,0.0,"[""T037""]"
1109,Spleen Pain,C0920154,spleen pain,alias,0.0,"[""T184""]"
1110,Spine Osteoarthritis,C2350242,"Osteoarthritis, Spine",alias,0.0,"[""T047""]"
1111,Spine Pain,C0423673,Pain in spine,alias,0.0,"[""T184""]"
1116,Spinocerebellar Ataxia,C0087012,"Ataxia, Spinocerebellar",alias,0.0,"[""T047""]"
1119,Spine Injury,C0037937,Spinal Injuries,alias,0.0,"[""T037""]"
1121,Spine Instrumentation,C0356967,Spinal instrumentation,alias,0.0,"[""T061""]"
1125,Spindle Cell Sarcoma,C0205945,"Sarcoma, Spindle Cell",alias,0.0,"[""T191""]"
1126,Spine Arthritis,C0949690,Spondylarthritis,alias,0.0,"[""T047""]"
1128,Spine Deformity,C0575157,Deformity of spine,alias,0.0,"[""T190""]"
1131,Spine Fracture,C0080179,Spinal Fractures,alias,0.0,"[""T037""]"
1133,Spinal Dysraphism,C0080178,Spina Bifida,alias,0.0,"[""T019""]"
1134,Spinal Muscular Atrophy,C0026847,Spinal Muscular Atrophy,alias,0.0,"[""T047""]"
1136,Spinal Stenosis,C0037944,Spinal Stenosis,alias,0.0,"[""T020""]"
1138,Spindle Cell Rhabdomyosarcoma,C1266134,Spindle cell rhabdomyosarcoma,alias,0.0,"[""T191""]"
1139,Spinal Cord Injury,C0037929,Spinal Cord Injuries,alias,0.0,"[""T037""]"
1142,Spinal Cord Stimulator,C0810635,"Stimulators, Electrical, Spinal Cord",alias,0.0,"[""T074""]"
1143,Spinal Cord Surgery,C2608059,Operation on spinal cord (procedure),alias,0.0,"[""T061""]"
1144,Spinal Cord Tumors,C0037930,Spinal Cord Neoplasms,alias,0.0,"[""T191""]"
1146,Spina Bifida,C0080178,Spina Bifida,alias,0.0,"[""T019""]"
1151,Spinal Cord Compression,C0037926,Compression of spinal cord,alias,0.0,"[""T047""]"
1152,Spinal Cord Diseases,C0037928,Spinal Cord Diseases,alias,0.0,"[""T047""]"
1153,Sphenoidotomy,C0189124,Puncture of sphenoid sinus,alias,0.0,"[""T061""]"
1154,Spherocytosis,C0553720,Spherocytosis,alias,0.0,"[""T033""]"
1156,Sphincteroplasty,C0843083,sphincteroplasty,alias,0.0,"[""T061""]"
1157,Sphincterotomy,C0748895,Sphincterotomy,alias,0.0,"[""T061""]"
1158,Spider Bite,C0242188,Spider Bites,alias,0.0,"[""T037""]"
1159,Spider Veins,C1138421,Spider Veins,alias,0.0,"[""T033""]"
1160,Spigelian Hernia,C0392508,Spigelian hernia,alias,0.0,"[""T020""]"
1161,Speech Disorder,C0037822,Speech Disorders,alias,0.0,"[""T047""]"
1162,Speech Therapy,C0037831,Speech Therapy,alias,0.0,"[""T061""]"
1163,Sperm Donation,C0871414,sperm donation,alias,0.0,"[""T055""]"
1165,Spermatocele,C0037859,Spermatocele,alias,0.0,"[""T047"", ""T190""]"
1167,Sphenoidectomy,C0189156,Sphenoid sinusectomy,alias,0.0,"[""T061""]"
1168,Spasms,C0037763,Spasm,alias,0.0,"[""T184""]"
1169,Spasmus Nutans,C1527306,spasmus nutans,alias,0.0,"[""T047""]"
1170,Spastic Infantile Paralysis,C0023882,Little's Disease,alias,0.0,"[""T047""]"
1171,Spasticity,C0026838,Muscle Spasticity,alias,0.0,"[""T184""]"
1175,Speech Delay,C0241210,Speech Delay,alias,0.0,"[""T048""]"
1176,Solitary Plasmacytoma,C0032131,Plasmacytoma,alias,0.0,"[""T191""]"
1178,Somatoform Disorders,C0037650,Somatoform Disorder,alias,0.0,"[""T048""]"
1179,Somnolence,C2830004,Somnolence,alias,0.0,"[""T048""]"
1180,Sore Lip,C0451633,Sore lip,alias,0.0,"[""T184""]"
1181,Sore Throat,C0031350,Pharyngitis,alias,0.0,"[""T047""]"
1182,Soreness,C0234233,Sore to touch,alias,0.0,"[""T184""]"
1184,Soft Tissue Injury,C0037578,Soft Tissue Injuries,alias,0.0,"[""T037""]"
1187,Solar Dermatitis,C0038814,Sunburn,alias,0.0,"[""T037""]"
1188,Solid Tumors,C0280100,Solid Neoplasm,alias,0.0,"[""T191""]"
1189,Solitary Fibrous Tumor,C1266119,Solitary fibrous tumor,alias,0.0,"[""T191""]"
1190,Solitary Kidney,C0266294,Unilateral agenesis of kidney,alias,0.0,"[""T019""]"
1191,Snoring,C0037384,Snoring,alias,0.0,"[""T184""]"
1195,Social Support,C0037438,Social support,alias,0.0,"[""T054""]"
1197,Soft Tissue Biopsy,C0185275,Biopsy of soft tissue,alias,0.0,"[""T060""]"
1198,Soft Tissue Disorder,C0263978,Disorder of soft tissue,alias,0.0,"[""T047""]"
1201,Smith-Lemli-Opitz Syndrome,C0175694,Smith-Lemli-Opitz Syndrome,alias,0.0,"[""T047""]"
1202,Smoker Cough,C0264345,Smokers' cough,alias,0.0,"[""T184""]"
1203,Snapping Hip Syndrome,C0263843,Snapping hip,alias,0.0,"[""T047""]"
1205,Sneezing,C0037383,Sneezing,alias,0.0,"[""T184""]"
1207,Smallpox,C0037354,Smallpox,alias,0.0,"[""T047""]"
1210,Smell Disorders,C0553757,Olfaction Disorders,alias,0.0,"[""T047""]"
1212,Small Fiber Neuropathy,C3276706,Small Fiber Neuropathy,alias,0.0,"[""T047""]"
1213,Small For Gestational Age,C0235991,Small for gestational age (disorder),alias,0.0,"[""T033""]"
1215,Small Intestine Cancer,C0153425,Malignant tumor of small intestine,alias,0.0,"[""T191""]"
1216,Small Intestine Disease,C0341268,Disorder of small intestine,alias,0.0,"[""T047""]"
1217,Small Kidney,C0156247,Small kidney,alias,0.0,"[""T033""]"
1220,Small Bowel Obstruction,C0235329,Small bowel obstruction,alias,0.0,"[""T047""]"
1223,Small Cell Lung Cancer,C0149925,Small cell carcinoma of lung,alias,0.0,"[""T191""]"
1226,Slurred Speech,C0234518,Slurred speech,alias,0.0,"[""T033""]"
1230,Small Bowel Cancer,C0238196,Small intestine carcinoma,alias,0.0,"[""T191""]"
1231,Small Bowel Disease,C0341268,Disorder of small intestine,alias,0.0,"[""T047""]"
1232,Sleepwalking,C0037672,Somnambulism,alias,0.0,"[""T047""]"
1233,Sleeve Lobectomy,C0396585,Sleeve Lobectomy,alias,0.0,"[""T061""]"
1234,Slipped Capital Femoral Epiphysis,C0149887,Slipped Capital Femoral Epiphyses,alias,0.0,"[""T047""]"
1235,Slipped Upper Femoral Epiphysis,C0158441,Slipped upper femoral epiphysis,alias,0.0,"[""T046""]"
1236,Slipping Rib Syndrome,C0040213,Tietze's Syndrome,alias,0.0,"[""T047""]"
1238,Sleep Related Eating Disorder,C1963717,Sleep Related Eating Disorder,alias,0.0,"[""T048""]"
1241,Sleep Talking,C0542313,Sleep Talking,alias,0.0,"[""T047""]"
1242,Sleep Terrors,C0037320,Night Terrors,alias,0.0,"[""T048""]"
1245,Sleep Disorders,C0851578,Sleep Disorders,alias,0.0,"[""T048""]"
1246,Sleep Disorders Therapy,C0281168,Sleep Disorder Therapy,alias,0.0,"[""T061""]"
1248,Sleep Paralysis,C0456511,Sleep Paralysis,alias,0.0,"[""T047""]"
1250,Skull Fracture,C0037304,Skull Fractures,alias,0.0,"[""T037""]"
1251,Skull Osteoma,C1828336,Osteoma of skull,alias,0.0,"[""T191""]"
1254,Sleep Apnea,C0037315,Sleep Apnea Syndromes,alias,0.0,"[""T047""]"
1257,Skin Tag,C0037293,Skin tag,alias,0.0,"[""T191""]"
1258,Skin Tag Removal,C0586954,Excision of skin tag,alias,0.0,"[""T061""]"
1259,Skin Test,C0037296,Hypersensitivity skin testing,alias,0.0,"[""T060""]"
1260,Skin Ulcer,C0037299,Skin Ulcer,alias,0.0,"[""T047""]"
1262,Skull Base Tumor,C0376527,Skull Base Neoplasms,alias,0.0,"[""T191""]"
1264,Skin Pigmentation,C0037290,Skin Pigmentation,alias,0.0,"[""T042""]"
1268,Skin Spots,C0848332,Spots on skin,alias,0.0,"[""T184""]"
1271,Skin Disease,C0037274,Dermatologic disorders,alias,0.0,"[""T047""]"
1272,Skin Examination,C0436149,Examination of skin,alias,0.0,"[""T060""]"
1273,Skin Fillers,C4042850,Dermal Fillers,alias,0.0,"[""T122""]"
1274,Skin Graft,C0037297,Skin Transplantation,alias,0.0,"[""T061""]"
1276,Skin Biopsy,C0150866,Biopsy of skin procedure,alias,0.0,"[""T060""]"
1277,Skin Bullae,C0241054,Skin bulla,alias,0.0,"[""T033""]"
1278,Skin Cancer,C0007114,Malignant neoplasm of skin,alias,0.0,"[""T191""]"
1281,Skin Cancer Screening,C2919584,Screening for malignant neoplasm of skin (procedure),alias,0.0,"[""T061""]"
1284,Skeletal Disorder,C0263661,Disorder of skeletal system,alias,0.0,"[""T047""]"
1288,Skin Abscess,C0149777,Abscess of skin AND/OR subcutaneous tissue,alias,0.0,"[""T046""]"
1289,Skin Aging,C0037271,Skin Aging,alias,0.0,"[""T042""]"
1290,Sinus Mass,C0748722,sinus mass,alias,0.0,"[""T033""]"
1291,Sinus Node Dysfunction,C0428908,Sinus Node Dysfunction (disorder),alias,0.0,"[""T047""]"
1292,Sinus Pain,C0723349,Sinus Pain brand of acetaminophen-pseudoephedrine,alias,0.0,"[""T109"", ""T121""]"
1293,Sinus Polyp,C0264231,Polyp of nasal sinus,alias,0.0,"[""T191""]"
1294,Sinus Pressure,C0848633,sinus pressure,alias,0.0,"[""T184""]"
1295,Sinus Surgery,C0748725,sinus surgery,alias,0.0,"[""T061""]"
1296,Sinusitis,C0037199,Sinusitis,alias,0.0,"[""T047""]"
1297,Sinonasal Papilloma,C0334268,Benign inverted transitional cell papilloma,alias,0.0,"[""T191""]"
1298,Sinonasal Undifferentiated Carcinoma,C1710096,Sinonasal undifferentiated carcinoma,alias,0.0,"[""T191""]"
1300,Sinus Cancer,C3534577,Sinus Cancer,alias,0.0,"[""T191""]"
1303,Single Lung Transplant,C0396598,Single lung transplant (procedure),alias,0.0,"[""T061""]"
1304,Single Photon Emission Computed Tomography,C0040399,"Tomography, Emission-Computed, Single-Photon",alias,0.0,"[""T060""]"
1306,Single Ventricle Defect,C3274516,Single Ventricle Defect,alias,0.0,"[""T019""]"
1309,Sinoatrial Node Dysfunction,C0428908,Sinus Node Dysfunction (disorder),alias,0.0,"[""T047""]"
1310,Sigmoidoscopy,C0037075,Sigmoidoscopy (procedure),alias,0.0,"[""T060""]"
1311,Silicosis,C0037116,Silicosis,alias,0.0,"[""T047""]"
1313,Simple Partial Seizures,C0234974,Simple Partial Seizures,alias,0.0,"[""T047""]"
1317,Sickle Beta Plus Thalassemia,C3274465,Sickle Beta Plus Thalassemia,alias,0.0,"[""T047""]"
1318,Sickle Cell Disease,C0002895,"Anemia, Sickle Cell",alias,0.0,"[""T047""]"
1319,Sickle Cell Retinopathy,C0339491,Sickle cell retinopathy,alias,0.0,"[""T047""]"
1322,Sigmoidectomy,C0192866,Sigmoid colectomy,alias,0.0,"[""T061""]"
1323,Sialadenitis,C0037023,Sialadenitis,alias,0.0,"[""T047""]"
1325,Sialolithiasis,C0036091,Sialolithiasis,alias,0.0,"[""T047""]"
1326,Sialorrhea,C0037036,Sialorrhea,alias,0.0,"[""T047""]"
1327,Sicca Syndrome,C0086981,Sicca Syndrome,alias,0.0,"[""T047""]"
1328,Sick Sinus Syndrome,C0037052,Sick Sinus Syndrome,alias,0.0,"[""T047""]"
1330,Shoulder Pain,C0037011,Shoulder Pain,alias,0.0,"[""T184""]"
1331,Shoulder Sprain,C0272869,Sprain of shoulder,alias,0.0,"[""T037""]"
1333,Shoulder Strain,C0555315,Shoulder strain,alias,0.0,"[""T037""]"
1334,Shoulder Tendonitis,C0262633,Tendinitis of shoulder region,alias,0.0,"[""T047""]"
1335,Shwachman Diamond Syndrome,C0272170,Shwachman syndrome,alias,0.0,"[""T047""]"
1336,Shoulder Fracture,C0037006,Shoulder Fractures,alias,0.0,"[""T037""]"
1337,Shoulder Impingement,C0376685,Shoulder Impingement Syndrome,alias,0.0,"[""T047""]"
1338,Shoulder Injection,C0856432,Shoulder injection,alias,0.0,"[""T061""]"
1339,Shoulder Injury,C0149776,Shoulder Injuries,alias,0.0,"[""T037""]"
1340,Shoulder Instability,C0575624,Shoulder joint unstable,alias,0.0,"[""T033""]"
1342,Short Umbilical Cord,C0266786,Short umbilical cord,alias,0.0,"[""T033""]"
1345,Shoulder Arthritis,C1298682,shoulder arthritis,alias,0.0,"[""T047""]"
1347,Shoulder Dislocation,C0037005,Shoulder Dislocation,alias,0.0,"[""T037""]"
1348,Shoulder Dystocia,C0269825,Shoulder Dystocia,alias,0.0,"[""T046""]"
1351,Short Bowel Syndrome,C0036992,Short Bowel Syndrome,alias,0.0,"[""T047""]"
1353,Short Qt Syndrome,C2348199,Short Qt Syndrome,alias,0.0,"[""T047""]"
1354,Short Stature,C0013336,Dwarfism,alias,0.0,"[""T047""]"
1355,Shakiness,C0392703,Shakes,alias,0.0,"[""T033""]"
1357,Shift Work Sleep Disorder,C0751760,Shift-Work Sleep Disorder,alias,0.0,"[""T048""]"
1359,Shin Splints,C0242094,Shin splint (physical object),alias,0.0,"[""T074""]"
1361,Severe Preeclampsia,C0341950,Severe pre-eclampsia,alias,0.0,"[""T046""]"
1363,Sexual Dysfunction,C0549622,Sexual Dysfunction,alias,0.0,"[""T048""]"
1364,Sexual Health,C2362326,Sexual Health,alias,0.0,"[""T032""]"
1366,Sezary Syndrome,C0036920,Sezary Syndrome,alias,0.0,"[""T191""]"
1367,Severe Asthma,C0581126,Severe asthma,alias,0.0,"[""T033""]"
1369,Severe Combined Immunodeficiency,C0085110,Severe Combined Immunodeficiency,alias,0.0,"[""T047""]"
1370,Severe Congenital Neutropenia,C1853118,Severe congenital neutropenia,alias,0.0,"[""T047""]"
1373,Severe Pain,C0278140,Severe pain,alias,0.0,"[""T033""]"
1374,Sequestrectomy,C0185216,Sequestrectomy,alias,0.0,"[""T061""]"
1376,Serum Sickness,C0036830,Serum Sickness,alias,0.0,"[""T047""]"
1377,Sesamoiditis,C0264076,Sesamoiditis,alias,0.0,"[""T047""]"
1378,Seton Placement,C0973297,placement of seton,alias,0.0,"[""T061""]"
1379,Severe Acute Respiratory Syndrome,C1175175,Severe Acute Respiratory Syndrome,alias,0.0,"[""T047""]"
1381,Septate Uterus,C0152240,Uterus bilocularis,alias,0.0,"[""T019""]"
1382,Septic Arthritis,C1692886,"Arthritis, Bacterial",alias,0.0,"[""T047""]"
1384,Septoplasty,C0844334,septoplasty,alias,0.0,"[""T061""]"
1386,Sentinel Node Biopsy,C0796693,Sentinel Lymph Node Biopsy,alias,0.0,"[""T060""]"
1388,Separation Anxiety Disorder,C0003477,Separation Anxiety Disorder,alias,0.0,"[""T048""]"
1389,Sepsis,C0243026,Sepsis,alias,0.0,"[""T047""]"
1390,Septal Defect,C0018816,Heart Septal Defects,alias,0.0,"[""T019""]"
1397,Sentinel Lymph Node Biopsy,C0796693,Sentinel Lymph Node Biopsy,alias,0.0,"[""T060""]"
1400,Senility,C0231337,Senility,alias,0.0,"[""T033""]"
1405,Selective Iga Deficiency,C4049006,Selective immunoglobulin A deficiency,alias,0.0,"[""T047""]"
1406,Selective Mutism,C0236818,Selective Mutism,alias,0.0,"[""T048""]"
1407,Semen Analysis,C0202533,Semen analysis procedure,alias,0.0,"[""T059""]"
1408,Seminoma,C5551428,Testicular Seminoma,alias,0.0,"[""T191""]"
1409,Senile Cataract,C0036646,Senile cataract,alias,0.0,"[""T020""]"
1413,Secondary Polycythemia,C1318533,Secondary polycythemia,alias,0.0,"[""T047""]"
1414,Secretory Meningioma,C1384406,Secretory meningioma,alias,0.0,"[""T191""]"
1415,Segmentectomy,C0024885,Segmental Mastectomy,alias,0.0,"[""T061""]"
1417,Secondary Amenorrhea,C0232940,Secondary physiologic amenorrhea,alias,0.0,"[""T047""]"
1418,Secondary Biliary Cirrhosis,C0238065,Secondary Biliary Cholangitis,alias,0.0,"[""T047""]"
1420,Secondary Hyperaldosteronism,C0271728,Secondary hyperaldosteronism,alias,0.0,"[""T047""]"
1421,Secondary Hyperparathyroidism,C0020503,"Hyperparathyroidism, Secondary",alias,0.0,"[""T047""]"
1422,Secondary Hypertension,C0155616,Secondary hypertension,alias,0.0,"[""T047""]"
1423,Sebaceous Hyperplasia,C0406484,Sebaceous hyperplasia,alias,0.0,"[""T047""]"
1424,Seborrheic Dermatitis,C0036508,Seborrheic dermatitis,alias,0.0,"[""T047""]"
1425,Seborrheic Eczema,C0036508,Seborrheic dermatitis,alias,0.0,"[""T047""]"
1426,Seborrheic Keratosis,C0022603,Seborrheic keratosis,alias,0.0,"[""T191""]"
1427,Sebum,C0036511,Sebum,alias,0.0,"[""T031""]"
1429,Seafood Allergy,C0685900,Allergy to seafood,alias,0.0,"[""T047""]"
1430,Seasonal Affective Disorder,C0085159,Seasonal Affective Disorder,alias,0.0,"[""T048""]"
1431,Seasonal Allergies,C0018621,Hay fever,alias,0.0,"[""T047""]"
1432,Sebaceous Carcinoma,C0206684,Sebaceous Adenocarcinoma,alias,0.0,"[""T191""]"
1433,Sebaceous Cyst Removal,C0577310,Excision of sebaceous cyst,alias,0.0,"[""T061""]"
1434,Sebaceous Gland Tumor,C0036503,Sebaceous Gland Neoplasms,alias,0.0,"[""T191""]"
1435,Scurvy,C0036474,Scurvy,alias,0.0,"[""T047""]"
1441,Scrotal Cyst,C0240969,Scrotal Cyst,alias,0.0,"[""T033""]"
1443,Scrotal Pain,C0236078,Pain in scrotum,alias,0.0,"[""T184""]"
1444,Scrotal Tumor,C0341790,Neoplasm of scrotum,alias,0.0,"[""T191""]"
1445,Scrotectomy,C0403190,scrotectomy,alias,0.0,"[""T061""]"
1447,Scotoma,C0036454,Scotoma,alias,0.0,"[""T033""]"
1448,Scratch Test,C0430562,Scratch test,alias,0.0,"[""T060""]"
1452,Scrotal Abscess,C0238418,Abscess of scrotum,alias,0.0,"[""T047""]"
1453,Sclerotherapy,C0036435,Sclerotherapy,alias,0.0,"[""T061""]"
1457,Scoliosis,C0036439,"Scoliosis, unspecified",alias,0.0,"[""T047""]"
1458,Scoliosis Surgery,C0854477,scoliosis surgery,alias,0.0,"[""T061""]"
1460,Scleritis,C0036416,Scleritis,alias,0.0,"[""T047""]"
1461,Scleroderma,C0011644,Scleroderma,alias,0.0,"[""T047""]"
1462,Sclerosing Cholangitis,C0566602,Primary sclerosing cholangitis,alias,0.0,"[""T047""]"
1463,Sclerosing Epithelioid Fibrosarcoma,C1710026,Sclerosing Epithelioid Fibrosarcoma,alias,0.0,"[""T191""]"
1465,Schwannoma,C0027809,Neurilemmoma,alias,0.0,"[""T191""]"
1466,Schwannomatosis,C1335929,Schwannomatosis,alias,0.0,"[""T191""]"
1467,Sciatica,C0036396,Sciatica,alias,0.0,"[""T184""]"
1468,Scimitar Syndrome,C0036400,Scimitar Syndrome,alias,0.0,"[""T047""]"
1469,Schistosomiasis,C0036323,Schistosomiasis,alias,0.0,"[""T047""]"
1470,Schizencephaly,C0266484,Schizencephaly,alias,0.0,"[""T019""]"
1472,School Physical,C0262624,school physical,alias,0.0,"[""T060""]"
1477,Scar Revision,C0561923,Revision of scar,alias,0.0,"[""T061""]"
1478,Scarlet Fever,C0036285,Scarlet Fever,alias,0.0,"[""T047""]"
1479,Scheuermanns Disease,C0036310,Scheuermann's Disease,alias,0.0,"[""T047""]"
1482,Scaly Skin,C0423773,Scaly skin,alias,0.0,"[""T184""]"
1483,Scaphoid Fracture,C0272654,Fracture of scaphoid bone of wrist,alias,0.0,"[""T037""]"
1484,Scapula Fracture,C0159667,Fracture of scapula,alias,0.0,"[""T037""]"
1488,Sarcosporidiosis,C0036231,Sarcocystosis,alias,0.0,"[""T047""]"
1489,Scab,C0205204,Scab,alias,0.0,"[""T020""]"
1490,Scabies,C0036262,Scabies <infestation>,alias,0.0,"[""T047""]"
1491,Scalp Psoriasis,C0406326,Psoriasis of scalp,alias,0.0,"[""T047""]"
1493,Sapho Syndrome,C0263859,"Synovitis, Acne, Pustulosis, Hyperostosis, and Osteitis Syndrome",alias,0.0,"[""T047""]"
1494,Sarcoidosis,C0036202,Sarcoidosis,alias,0.0,"[""T047""]"
1495,Sarcoma,C1261473,Sarcoma,alias,0.0,"[""T191""]"
1496,Sarcoma Botryoides,C1306573,Botryoid-Type Embryonal Rhabdomyosarcoma,alias,0.0,"[""T191""]"
1502,Salmonella Infection,C0036117,Salmonella infections,alias,0.0,"[""T047""]"
1503,Salpingo-Oophoritis,C0036133,Tubo-ovarian inflammatory disease,alias,0.0,"[""T047""]"
1507,Saethre-Chotzen Syndrome,C0175699,Saethre-Chotzen Syndrome,alias,0.0,"[""T047""]"
1509,Saint Louis Encephalitis,C0014060,"Encephalitis, St. Louis",alias,0.0,"[""T047""]"
1511,Salivary Gland Disorders,C0036093,Salivary Gland Diseases,alias,0.0,"[""T047""]"
1512,Salivary Gland Swelling,C0240925,Swelling of salivary gland,alias,0.0,"[""T033""]"
1514,Sacrococcygeal Teratoma,C0559459,Sacrococcygeal teratoma,alias,0.0,"[""T191""]"
1518,Sacroiliitis,C0574960,Sacroiliitis,alias,0.0,"[""T047""]"
1522,Russell Silver Syndrome,C0175693,Russell-Silver syndrome,alias,0.0,"[""T047""]"
1523,Sacral Dimples,C0426848,Sacral dimple,alias,0.0,"[""T033""]"
1525,Rubinstein-Taybi Syndrome,C0035934,Rubinstein-Taybi Syndrome,alias,0.0,"[""T047""]"
1526,Rumination Syndrome,C0154575,Rumination Disorders,alias,0.0,"[""T048""]"
1528,Rupture Of Papillary Muscle,C0155713,Rupture of papillary muscle,alias,0.0,"[""T046""]"
1529,Ruptured Aneurysm,C0162869,"Aneurysm, Ruptured",alias,0.0,"[""T047""]"
1532,Round Cell Liposarcoma,C0206634,"Liposarcoma, Myxoid",alias,0.0,"[""T191""]"
1534,Roux-En-Y Bypass,C0002804,Roux-en-Y Anastomosis,alias,0.0,"[""T061""]"
1537,Rubella,C0035920,Rubella,alias,0.0,"[""T047""]"
1539,Rotator Cuff Impingement,C0376685,Shoulder Impingement Syndrome,alias,0.0,"[""T047""]"
1540,Rotator Cuff Injury,C0851122,Rotator Cuff Injuries,alias,0.0,"[""T037""]"
1541,Rotator Cuff Repair,C0186666,Repair of musculotendinous cuff of shoulder,alias,0.0,"[""T061""]"
1542,Rotator Cuff Tear,C5399759,Rotator Cuff Tears,alias,0.0,"[""T033""]"
1543,Rotavirus,C0035870,Rotavirus,alias,0.0,"[""T005""]"
1544,Rosai Dorfman Disease,C0019625,Sinus histiocytosis,alias,0.0,"[""T047""]"
1545,Roseola,C0015231,Exanthema Subitum,alias,0.0,"[""T047""]"
1548,Rotational Atherectomy,C0162655,Rotational Atherectomy,alias,0.0,"[""T061""]"
1556,Rosacea,C0035854,Rosacea,alias,0.0,"[""T047""]"
1576,Robertsonian Translocation,C0333715,Robertsonian translocation,alias,0.0,"[""T049""]"
1582,Right Ventricular Hypertrophy,C0162770,Right Ventricular Hypertrophy,alias,0.0,"[""T047""]"
1587,Ridged Nails,C0423820,Ridged nails,alias,0.0,"[""T033""]"
1588,Right Bundle Branch Block,C0085615,Right bundle branch block,alias,0.0,"[""T047""]"
1589,Right Heart Catheterization,C0189896,Catheterization of right heart,alias,0.0,"[""T060""]"
1590,Right Heart Failure,C0235527,"Heart Failure, Right-Sided",alias,0.0,"[""T047""]"
1591,Right Lower Quadrant Pain,C0694551,Right lower quadrant pain,alias,0.0,"[""T184""]"
1592,Right Upper Quadrant Pain,C0235299,Right upper quadrant pain,alias,0.0,"[""T184""]"
1593,Rhizotomy,C0282615,Rhizotomy procedure,alias,0.0,"[""T061""]"
1596,Rib Fracture,C0035522,Rib Fractures,alias,0.0,"[""T037""]"
1598,Rickets,C0035579,Rickets,alias,0.0,"[""T047""]"
1599,Rhinophyma,C0035466,Rhinophyma,alias,0.0,"[""T047""]"
1600,Rhinoplasty,C0035467,rhinoplasty,alias,0.0,"[""T061""]"
1602,Rhinorrhea,C1260880,Rhinorrhea,alias,0.0,"[""T184""]"
1603,Rhinoscleroma,C0035468,Rhinoscleroma,alias,0.0,"[""T047""]"
1604,Rhinosporidiosis,C0035469,Rhinosporidiosis,alias,0.0,"[""T047""]"
1605,Rheumatoid Arthritis,C0003873,Rheumatoid Arthritis,alias,0.0,"[""T047""]"
1607,Rheumatoid Lung,C0994344,Rheumatoid lung disease,alias,0.0,"[""T047""]"
1608,Rheumatoid Nodules,C0035450,Rheumatoid Nodule,alias,0.0,"[""T020""]"
1610,Rhinitis,C0035455,Rhinitis,alias,0.0,"[""T047""]"
1611,Rheumatic Fever,C0035436,Rheumatic Fever,alias,0.0,"[""T047""]"
1612,Rheumatic Heart Disease,C0035439,Rheumatic Heart Disease,alias,0.0,"[""T047""]"
1616,Rhabdomyolysis,C0035410,Rhabdomyolysis,alias,0.0,"[""T046""]"
1617,Rhabdomyoma,C0035411,Rhabdomyoma,alias,0.0,"[""T191""]"
1618,Rhabdomyosarcoma,C0035412,Rhabdomyosarcoma,alias,0.0,"[""T191""]"
1624,Rett Syndrome,C0035372,Rett Syndrome,alias,0.0,"[""T047""]"
1625,Reye Syndrome,C0035400,Reye Syndrome,alias,0.0,"[""T047""]"
1626,Rh Incompatibility,C1504421,Rh Incompatibility,alias,0.0,"[""T046""]"
1627,Rhabdoid Tumor Of The Kidney,C0854917,Rhabdoid Tumor of the Kidney,alias,0.0,"[""T191""]"
1628,Rhabdoid Tumor Predisposition Syndrome,C2985524,Rhabdoid tumor predisposition syndrome,alias,0.0,"[""T047""]"
1629,Retroperitoneal Fibrosis,C0035357,Retroperitoneal fibrosis,alias,0.0,"[""T047""]"
1631,Retroperitoneal Mass,C0267771,Retroperitoneal mass,alias,0.0,"[""T047""]"
1632,Retroperitoneal Sarcoma,C0585129,Retroperitoneal sarcoma,alias,0.0,"[""T191""]"
1634,Retropharyngeal Abscess,C0155843,Retropharyngeal Abscess,alias,0.0,"[""T047""]"
1635,Retinal Vein Occlusion,C0035328,Retinal Vein Occlusion,alias,0.0,"[""T047""]"
1636,Retinitis Pigmentosa,C0035334,Retinitis Pigmentosa,alias,0.0,"[""T047""]"
1637,Retinoblastoma,C0035335,Retinoblastoma,alias,0.0,"[""T191""]"
1638,Retinopathy Of Prematurity,C0035344,Retinopathy of Prematurity,alias,0.0,"[""T047""]"
1639,Retinoschisis,C0152439,Retinoschisis,alias,0.0,"[""T047""]"
1641,Retinal Degeneration,C0035304,Retinal Degeneration,alias,0.0,"[""T046""]"
1642,Retinal Detachment,C0035305,Retinal Detachment,alias,0.0,"[""T047""]"
1643,Retinal Dysplasia,C0035313,Retinal Dysplasia,alias,0.0,"[""T019""]"
1645,Retinal Neovascularization,C0035320,Retinal Neovascularization,alias,0.0,"[""T046""]"
1646,Retinal Tear,C0035321,Retinal Perforations,alias,0.0,"[""T047""]"
1648,Restrictive Lung Disease,C0085581,Restrictive lung disease,alias,0.0,"[""T047""]"
1649,Restylane,C1101698,Restylane,alias,0.0,"[""T109"", ""T121""]"
1654,Respiratory Syncytial Virus,C0035236,Respiratory syncytial virus,alias,0.0,"[""T005""]"
1655,Respite Care,C0035247,Respite care of patient,alias,0.0,"[""T058""]"
1657,Rest Pain,C0234253,Pain at rest,alias,0.0,"[""T184""]"
1658,Restless Legs Syndrome,C0035258,Restless Legs Syndrome,alias,0.0,"[""T047""]"
1659,Restrictive Cardiomyopathy,C0007196,Restrictive cardiomyopathy,alias,0.0,"[""T047""]"
1661,Reproductive Endocrinology,C1514865,Reproductive Endocrinology discipline,alias,0.0,"[""T091""]"
1662,Reproductive Health,C0242667,Reproductive Health,alias,0.0,"[""T091""]"
1665,Respiratory Distress Syndrome,C0035220,"Respiratory Distress Syndrome, Newborn",alias,0.0,"[""T047""]"
1666,Respiratory Failure,C1145670,Respiratory Failure,alias,0.0,"[""T047""]"
1670,Repetitive Stress Injury,C0035127,Cumulative Trauma Disorders,alias,0.0,"[""T047""]"
1686,Repair Of Cystocele,C1261300,Repair of cystocele,alias,0.0,"[""T061""]"
1698,Renal Tubular Acidosis,C0001126,Renal tubular acidosis,alias,0.0,"[""T047""]"
1702,Renovascular Hypertension,C0020545,"Hypertension, Renovascular",alias,0.0,"[""T047""]"
1704,Renal Mass,C0262613,Renal mass,alias,0.0,"[""T033""]"
1705,Renal Metastases,C0153685,Secondary malignant neoplasm of kidney,alias,0.0,"[""T191""]"
1706,Renal Obstruction,C0748324,renal obstruction,alias,0.0,"[""T047""]"
1707,Renal Osteodystrophy,C0035086,Renal Osteodystrophy,alias,0.0,"[""T047""]"
1708,Renal Pelvis Carcinoma,C1335749,Renal Pelvis Carcinoma,alias,0.0,"[""T191""]"
1712,Renal Failure,C0035078,Kidney Failure,alias,0.0,"[""T047""]"
1713,Renal Hypertension,C0020544,Renal hypertension,alias,0.0,"[""T047""]"
1714,Renal Hypoplasia,C0266295,Congenital hypoplasia of kidney,alias,0.0,"[""T019""]"
1715,Renal Insufficiency,C1565489,Renal Insufficiency,alias,0.0,"[""T047""]"
1717,Renal Cortical Necrosis,C0022656,Kidney Cortex Necrosis,alias,0.0,"[""T047""]"
1721,Renal Disease,C0022658,Kidney Diseases,alias,0.0,"[""T047""]"
1723,Renal Artery Disease,C3640053,Renal Artery Disease,alias,0.0,"[""T047""]"
1726,Renal Artery Stenosis,C0035067,Renal Artery Stenosis,alias,0.0,"[""T047""]"
1729,Renal Colic,C0152169,Renal Colic,alias,0.0,"[""T184""]"
1734,Renal Artery Angioplasty,C1282893,Angioplasty renal artery,alias,0.0,"[""T061""]"
1752,Relapsing Fever,C0035021,Relapsing Fever,alias,0.0,"[""T047""]"
1759,Rejuvenation,C0035016,Rejuvenation,alias,0.0,"[""T061""]"
1760,Refractive Surgery,C1274010,Surgical ocular refractive procedure,alias,0.0,"[""T061""]"
1761,Refractory Anemia With Excess Blasts,C0002894,Refractory anaemia with excess blasts,alias,0.0,"[""T191""]"
1764,Regenerative Medicine,C1257974,Regenerative Medicine,alias,0.0,"[""T091""]"
1765,Regional Enteritis,C0010346,Crohn Disease,alias,0.0,"[""T047""]"
1766,Reflex Sympathetic Dystrophy,C0034931,Reflex Sympathetic Dystrophy,alias,0.0,"[""T047""]"
1767,Reflux Nephropathy,C3495566,Reflux nephropathy (disorder),alias,0.0,"[""T047""]"
1769,Refractive Amblyopia,C0152190,Refractive amblyopia,alias,0.0,"[""T047""]"
1770,Refractive Errors,C0034951,Refractive Errors,alias,0.0,"[""T047""]"
1776,Redundant Prepuce,C0345325,Redundant prepuce,alias,0.0,"[""T019""]"
1778,Recurrent Thyroid Cancer,C0278861,Recurrent Thyroid Carcinoma,alias,0.0,"[""T191""]"
1779,Recurrent Urinary Tract Infection,C0262655,Recurrent urinary tract infection,alias,0.0,"[""T047""]"
1780,Red Blood Cell Disorders,C0221016,Red blood cell disorder,alias,0.0,"[""T047""]"
1782,Red Eye,C0235267,Redness of eye,alias,0.0,"[""T184""]"
1785,Recurrent Hernia,C0281961,Recurrent Hernia,alias,0.0,"[""T020""]"
1786,Recurrent Infections,C0239998,Recurrent infections,alias,0.0,"[""T033""]"
1792,Recurrent Breast Cancer,C0278493,Recurrent Breast Carcinoma,alias,0.0,"[""T191""]"
1793,Recurrent Cervical Cancer,C0278579,Recurrent Cervical Carcinoma,alias,0.0,"[""T191""]"
1794,Recurrent Colorectal Cancer,C0854750,Recurrent Colorectal Carcinoma,alias,0.0,"[""T191""]"
1797,Rectal Prolapse,C0034888,Rectal Prolapse,alias,0.0,"[""T047""]"
1798,Rectal Squamous Cell Carcinoma,C1335690,Squamous cell carcinoma of rectum,alias,0.0,"[""T191""]"
1800,Rectocele,C0149771,Rectocele,alias,0.0,"[""T020""]"
1801,Rectovaginal Fistula,C0034895,Rectovaginal Fistula,alias,0.0,"[""T190""]"
1804,Rectal Fistula,C0034884,Rectal Fistula,alias,0.0,"[""T190""]"
1805,Rectal Hemorrhage,C0267596,Rectal hemorrhage,alias,0.0,"[""T046""]"
1806,Rectal Mass,C0240873,Rectal mass,alias,0.0,"[""T033""]"
1807,Rectal Pain,C0034886,Rectal pain,alias,0.0,"[""T184""]"
1808,Rectal Polyp,C0034887,Rectal polyp,alias,0.0,"[""T191""]"
1811,Rectal Abscess,C0149770,Rectal abscess,alias,0.0,"[""T046""]"
1813,Rectal Bleeding,C0267596,Rectal hemorrhage,alias,0.0,"[""T046""]"
1814,Rectal Cancer,C0007113,Rectal Carcinoma,alias,0.0,"[""T191""]"
1820,Reconstructive Plastic Surgery,C4763957,Reconstructive Plastic Surgery,alias,0.0,"[""T061""]"
1822,Receptive Aphasia,C0454578,Receptive aphasia (finding),alias,0.0,"[""T048""]"
1828,Rathke Cleft Cysts,C0752244,Rathke Cleft Cysts,alias,0.0,"[""T019""]"
1829,Raynauds Disease,C0034734,Raynaud Disease,alias,0.0,"[""T047""]"
1830,Rb1 Gene,C0694889,RB1 gene,alias,0.0,"[""T028""]"
1831,Reactive Airway Disease,C3714497,Reactive airway disease,alias,0.0,"[""T047""]"
1832,Reactive Arthritis,C0085435,"Arthritis, Reactive",alias,0.0,"[""T047""]"
1836,Rash,C0302295,Eruptions,alias,0.0,"[""T046""]"
1837,Rasmussen Syndrome,C0393484,Rasmussen Syndrome,alias,0.0,"[""T047""]"
1840,Rat Bite Fever,C0034686,Rat-Bite Fever,alias,0.0,"[""T047""]"
1843,Radionuclide Therapy,C0203608,Radionuclide therapy,alias,0.0,"[""T061""]"
1844,Radioulnar Synostosis,C0158761,Radioulnar Synostosis,alias,0.0,"[""T019""]"
1846,Ramsay Hunt Syndrome,C0017409,Herpes Zoster Oticus,alias,0.0,"[""T047""]"
1848,Radiofrequency Ablation,C0850292,Radiofrequency Ablation,alias,0.0,"[""T061""]"
1855,Radical Trachelectomy,C2095755,Radical Trachelectomy,alias,0.0,"[""T061""]"
1856,Radical Vulvectomy,C0177252,Radical vulvectomy,alias,0.0,"[""T061""]"
1857,Radiculopathy,C0700594,Radiculopathy,alias,0.0,"[""T047""]"
1858,Radioembolization,C2985560,Radioembolization,alias,0.0,"[""T061""]"
1861,Radical Hysterectomy,C2987682,Radical hysterectomy,alias,0.0,"[""T061""]"
1863,Radical Neck Dissection,C0034542,Radical Neck Dissection,alias,0.0,"[""T061""]"
1864,Radical Prostatectomy,C0194810,Radical prostatectomy,alias,0.0,"[""T061""]"
1865,Radiation Injury,C0034530,Radiation injury,alias,0.0,"[""T037""]"
1866,Radiation Necrosis,C1963737,Radiation Necrosis,alias,0.0,"[""T037""]"
1867,Radiation Nephropathy,C4054127,Radiation Nephropathy,alias,0.0,"[""T047""]"
1868,Radiation Pneumonitis,C0206063,Radiation Pneumonitis,alias,0.0,"[""T037""]"
1869,Radiation Proctitis,C0400827,Radiation proctitis,alias,0.0,"[""T046""]"
1871,Radiation Toxicity,C1510432,Radiation Sickness,alias,0.0,"[""T037""]"
1877,Radiation Boost,C2919491,Boost radiation therapy (procedure),alias,0.0,"[""T061""]"
1878,Radiation Cystitis,C0156270,Irradiation cystitis,alias,0.0,"[""T047""]"
1886,Radial Fracture,C0034628,Radius Fractures,alias,0.0,"[""T037""]"
1887,Radial Head Subluxation,C0149977,Subluxation of radial head,alias,0.0,"[""T037""]"
1888,Radial Nerve Injury,C0161459,Injury of radial nerve,alias,0.0,"[""T037""]"
1889,Quadriceps Tendon Repair,C0547072,Repair of quadriceps,alias,0.0,"[""T061""]"
1890,Quadricepsplasty,C0188107,Quadricepsplasty,alias,0.0,"[""T061""]"
1891,Quadriplegia,C0034372,Quadriplegia,alias,0.0,"[""T047""]"
1894,Rabies,C0034494,Rabies (disorder),alias,0.0,"[""T047""]"
1895,Rabies Vaccination,C0042205,Rabies vaccination,alias,0.0,"[""T061""]"
1897,Pyoderma Gangrenosum,C0085652,Pyoderma Gangrenosum,alias,0.0,"[""T047""]"
1898,Pyogenic Granuloma,C0085653,Pyogenic granuloma,alias,0.0,"[""T191""]"
1899,Pyuria,C0034359,Pyuria,alias,0.0,"[""T033""]"
1901,Q Fever,C0034362,Q Fever,alias,0.0,"[""T047""]"
1903,Quadrantectomy,C0337354,Quadrantectomy of breast,alias,0.0,"[""T061""]"
1905,Pyelitis,C0034183,Pyelitis,alias,0.0,"[""T047""]"
1906,Pyelonephritis,C0034186,Pyelonephritis,alias,0.0,"[""T047""]"
1907,Pyeloplasty,C0554139,Pyeloplasty,alias,0.0,"[""T061""]"
1908,Pyeloscopy,C0176990,Pyeloscopy,alias,0.0,"[""T060""]"
1909,Pyelostomy,C0194121,Pyelostomy,alias,0.0,"[""T061""]"
1910,Pyloric Stenosis,C0034194,Pyloric Stenosis,alias,0.0,"[""T046""]"
1911,Pyloromyotomy,C2004488,Pyloromyotomy,alias,0.0,"[""T061""]"
1912,Pyloroplasty,C0192489,Pyloroplasty,alias,0.0,"[""T061""]"
1913,Pulmonic Valve Replacement,C0190129,Replacement of pulmonary valve,alias,0.0,"[""T061""]"
1914,Pulsatile Tinnitus,C0751559,Pulsatile Tinnitus,alias,0.0,"[""T047""]"
1915,Pulsed Dye Laser,C1289859,Pulsed Dye Lasers,alias,0.0,"[""T074""]"
1918,Pure Red Cell Aplasia,C0034902,Pure Red-Cell Aplasia,alias,0.0,"[""T047""]"
1919,Purpura,C0034150,Purpura,alias,0.0,"[""T047""]"
1920,Pustule,C0241157,pustule,alias,0.0,"[""T033""]"
1923,Pulmonary Valve Insufficiency,C0034088,Pulmonary Valve Insufficiency,alias,0.0,"[""T046""]"
1924,Pulmonary Valve Stenosis,C0034089,Pulmonary Valve Stenosis,alias,0.0,"[""T047""]"
1926,Pulmonary Vein Stenosis,C0340756,"Stenosis, Pulmonary Vein",alias,0.0,"[""T047""]"
1927,Pulmonary Veno Occlusive Disease,C0034091,Pulmonary Veno-Occlusive Disease (disorder),alias,0.0,"[""T047""]"
1931,Pulmonary Metastases,C0153676,Secondary malignant neoplasm of lung,alias,0.0,"[""T191""]"
1932,Pulmonary Nodule,C0034079,Nodule of lung,alias,0.0,"[""T033""]"
1933,Pulmonary Rehabilitation,C0199529,Pulmonary rehabilitation (procedure),alias,0.0,"[""T061""]"
1937,Pulmonary Edema,C0034063,Pulmonary Edema,alias,0.0,"[""T046""]"
1938,Pulmonary Embolism,C0034065,Pulmonary Embolism,alias,0.0,"[""T046""]"
1939,Pulmonary Fibrosis,C0034069,Pulmonary Fibrosis,alias,0.0,"[""T047""]"
1941,Pulmonary Granuloma,C0235557,Pulmonary granuloma,alias,0.0,"[""T033""]"
1942,Pulmonary Hemorrhage,C0151701,Pulmonary hemorrhage,alias,0.0,"[""T046""]"
1943,Pulmonary Hemosiderosis,C0020807,Idiopathic pulmonary hemosiderosis,alias,0.0,"[""T047""]"
1944,Pulmonary Hypertension,C0020542,Pulmonary Hypertension,alias,0.0,"[""T046""]"
1949,Pulmonary Coccidioidomycosis,C0153257,Primary pulmonary coccidioidomycosis,alias,0.0,"[""T047""]"
1951,Pulmonary Congestion,C0242073,Pulmonary congestion,alias,0.0,"[""T047""]"
1952,Pudendal Neuralgia,C1997249,Pudendal Neuralgia,alias,0.0,"[""T047""]"
1953,Pulmonary Alveolar Proteinosis,C0034050,Pulmonary Alveolar Proteinosis,alias,0.0,"[""T047""]"
1956,Pulmonary Arterial Hypertension,C2973725,Pulmonary arterial hypertension,alias,0.0,"[""T047""]"
1959,Pulmonary Artery Stenosis,C0238397,Pulmonary artery stenosis,alias,0.0,"[""T190""]"
1962,Pterygium,C0033999,Pterygium,alias,0.0,"[""T047""]"
1964,Ptosis Repair,C0197280,Repair of blepharoptosis,alias,0.0,"[""T061""]"
1965,Pubic Fracture,C0347806,Fracture of pubis,alias,0.0,"[""T037""]"
1966,Pubic Lice,C0030759,Infestation by Phthirus pubis,alias,0.0,"[""T047""]"
1967,Pubic Symphysis,C0034015,Symphysis pubis structure,alias,0.0,"[""T030""]"
1968,Psychiatric Disorder,C0004936,Mental disorders,alias,0.0,"[""T048""]"
1969,Psycho Oncology,C4505070,Psycho-Oncology,alias,0.0,"[""T091""]"
1971,Psychological Assessment,C0204452,Psychological assessment,alias,0.0,"[""T060""]"
1973,Psychomotor Agitation,C3887612,Psychomotor Agitation,alias,0.0,"[""T033""]"
1974,Psychotherapy,C0033968,Psychotherapy,alias,0.0,"[""T061""]"
1976,Pseudotumor Cerebri,C0033845,Pseudotumor Cerebri,alias,0.0,"[""T047""]"
1978,Psoriasis,C0033860,Psoriasis,alias,0.0,"[""T047""]"
1980,Psoriatic Arthritis,C0003872,"Arthritis, Psoriatic",alias,0.0,"[""T047""]"
1981,Psorospermiasis,C0153327,Psorospermiasis,alias,0.0,"[""T047""]"
1982,Pseudohypoaldosteronism Type 1,C0268436,"Pseudohypoaldosteronism, Type I",alias,0.0,"[""T047""]"
1983,Pseudohypoparathyroidism,C0033806,Pseudohypoparathyroidism,alias,0.0,"[""T047""]"
1984,Pseudomembranous Conjunctivitis,C0155144,Pseudomembranous conjunctivitis,alias,0.0,"[""T047""]"
1985,Pseudomyxoma Peritonei,C0033822,Pseudomyxoma Peritonei,alias,0.0,"[""T191""]"
1986,Pseudophakia,C0587046,Artificial lens present (finding),alias,0.0,"[""T033""]"
1988,Pseudostrabismus,C0730504,Pseudostrabismus,alias,0.0,"[""T047""]"
1990,Pseudoaneurysm,C1510412,Pseudoaneurysm,alias,0.0,"[""T046""]"
1991,Pseudoexfoliation Glaucoma,C0206368,Exfoliation Syndrome,alias,0.0,"[""T047""]"
1992,Pseudoexfoliation Syndrome,C0206368,Exfoliation Syndrome,alias,0.0,"[""T047""]"
1993,Pseudofolliculitis Barbae,C0549150,Pseudofolliculitis barbae (disorder),alias,0.0,"[""T047""]"
1994,Pseudogout,C0553730,Calcium pyrophosphate deposition disease,alias,0.0,"[""T047""]"
1995,Pseudohermaphroditism,C0033804,Pseudohermaphroditism,alias,0.0,"[""T019""]"
1996,Prurigo,C0033771,Prurigo,alias,0.0,"[""T047""]"
1997,Prurigo Nodularis,C0263353,Prurigo nodularis,alias,0.0,"[""T047""]"
1999,Pruritus,C4321528,Pruritus -- quality,alias,0.0,"[""T080""]"
2000,Pruritus Ani,C0033775,Pruritus Ani,alias,0.0,"[""T184""]"
2001,Psammomatous Meningioma,C0334607,Psammomatous Meningioma,alias,0.0,"[""T191""]"
2002,Protoporphyria,C0162568,Erythropoietic Protoporphyria,alias,0.0,"[""T047""]"
2003,Proximal Femoral Osteotomy,C0407482,Osteotomy of proximal femur,alias,0.0,"[""T061""]"
2008,Prune Belly Syndrome,C0033770,Prune Belly Syndrome,alias,0.0,"[""T047""]"
2010,Protein Calorie Malnutrition,C0033677,Protein-Energy Malnutrition,alias,0.0,"[""T046""]"
2011,Protein Losing Enteropathy,C0033680,Protein-Losing Enteropathies,alias,0.0,"[""T047""]"
2012,Proteinuria,C0033687,Proteinuria,alias,0.0,"[""T033""]"
2013,Proteus Syndrome,C0085261,Proteus Syndrome,alias,0.0,"[""T191""]"
2014,Proton Beam Therapy,C0436226,Proton Therapy,alias,0.0,"[""T061""]"
2015,Prosthetic Eye,C0015417,Ocular Prosthesis,alias,0.0,"[""T074""]"
2017,Prosthetic Joint Infection,C0410808,Prosthetic joint infection,alias,0.0,"[""T047""]"
2023,Prostatectomy,C0033573,Prostatectomy,alias,0.0,"[""T061""]"
2025,Prostatic Hypertrophy,C1739363,Prostatic Hypertrophy,alias,0.0,"[""T047""]"
2026,Prostatitis,C0033581,prostatitis,alias,0.0,"[""T047""]"
2027,Prostate Cancer Screening,C0281186,Screening for Prostate Cancer,alias,0.0,"[""T061""]"
2028,Prostate Disease,C0033575,Prostatic Diseases,alias,0.0,"[""T047""]"
2029,Prostate Examination,C0919654,prostate exam,alias,0.0,"[""T060""]"
2030,Prostate Infection,C0240811,Prostatic Infection,alias,0.0,"[""T047""]"
2033,Prostate Nodule,C0033579,Prostate nodule,alias,0.0,"[""T047""]"
2034,Prostate Cancer,C0600139,Prostate carcinoma,alias,0.0,"[""T191""]"
2040,Pronation,C0033421,Pronation,alias,0.0,"[""T040""]"
2042,Prophylactic Oophorectomy,C2945703,Prophylactic oophorectomy,alias,0.0,"[""T061""]"
2043,Proptosis,C0015300,Exophthalmos,alias,0.0,"[""T047""]"
2046,Progressive Supranuclear Palsy,C0038868,Progressive supranuclear palsy,alias,0.0,"[""T047""]"
2047,Prolactinoma,C0033375,Prolactinoma,alias,0.0,"[""T191""]"
2049,Proliferative Arthritis,C0003873,Rheumatoid Arthritis,alias,0.0,"[""T047""]"
2051,Prolymphocytic Leukemia,C0023486,Prolymphocytic Leukemia,alias,0.0,"[""T191""]"
2053,Proctoscopy,C0033251,Proctoscopy,alias,0.0,"[""T060""]"
2054,Proctosigmoidoscopy,C0037075,Sigmoidoscopy (procedure),alias,0.0,"[""T060""]"
2058,Progressive Muscular Atrophy,C0917981,Progressive Muscular Atrophy,alias,0.0,"[""T047""]"
2059,Progressive Myoclonic Epilepsy,C0751778,"Myoclonic Epilepsies, Progressive",alias,0.0,"[""T047""]"
2060,Prinzmetals Angina,C0002963,"Angina Pectoris, Variant",alias,0.0,"[""T047""]"
2062,Proctectomy,C0193062,Rectum excision (procedure),alias,0.0,"[""T061""]"
2063,Proctitis,C0033246,Proctitis,alias,0.0,"[""T047""]"
2064,Proctocolectomy,C0400076,Proctocolectomy,alias,0.0,"[""T061""]"
2066,Primary Ovarian Insufficiency,C0085215,"Ovarian Failure, Premature",alias,0.0,"[""T047""]"
2068,Primary Progressive Aphasia,C0282513,Primary Progressive Aphasia (disorder),alias,0.0,"[""T048""]"
2069,Primary Sclerosing Cholangitis,C0566602,Primary sclerosing cholangitis,alias,0.0,"[""T047""]"
2070,Primary Stabbing Headache,C0751191,Primary Stabbing Headache,alias,0.0,"[""T033""]"
2071,Primary Systemic Amyloidosis,C0281479,Primary Systemic Amyloidosis,alias,0.0,"[""T191""]"
2072,Primary Thunderclap Headache,C0521668,Primary Thunderclap Headache,alias,0.0,"[""T047""]"
2073,Primary Congenital Glaucoma,C1533041,Primary congenital glaucoma,alias,0.0,"[""T047""]"
2074,Primary Cough Headache,C0751185,Primary Cough Headache,alias,0.0,"[""T047""]"
2077,Primary Immunodeficiency,C0398686,Primary immune deficiency disorder,alias,0.0,"[""T047""]"
2078,Primary Myelofibrosis,C0001815,Primary Myelofibrosis,alias,0.0,"[""T191""]"
2079,Prick Skin Test,C0430561,Skin prick test,alias,0.0,"[""T060""]"
2080,Primary Adrenal Insufficiency,C0001403,Addison Disease,alias,0.0,"[""T047""]"
2081,Primary Amenorrhea,C0232939,Primary physiologic amenorrhea,alias,0.0,"[""T047""]"
2082,Primary Biliary Cholangitis,C0008312,Primary Biliary Cholangitis,alias,0.0,"[""T047""]"
2083,Primary Biliary Cirrhosis,C0008312,Primary Biliary Cholangitis,alias,0.0,"[""T047""]"
2084,Primary Brain Tumor,C0750974,"Brain Tumor, Primary",alias,0.0,"[""T191""]"
2085,Primary Cerebellar Degeneration,C0033132,"Cerebellar Degenerations, Primary",alias,0.0,"[""T047""]"
2088,Preventative Care,C4277527,Preventive Care,alias,0.0,"[""T091""]"
2090,Preventive Medicine,C0033110,preventive medicine specialty,alias,0.0,"[""T091""]"
2091,Priapism,C0033117,Priapism,alias,0.0,"[""T047""]"
2092,Prescription Eyeglasses,C0419275,Prescription of spectacles,alias,0.0,"[""T058""]"
2094,Prescription Refill,C0149761,prescription refill,alias,0.0,"[""T061""]"
2095,Pressure Ulcer,C0011127,Pressure Ulcer,alias,0.0,"[""T047""]"
2097,Preterm Labor,C0022876,Premature Obstetric Labor,alias,0.0,"[""T046""]"
2101,Presacral Neurectomy,C0196669,Presacral sympathectomy,alias,0.0,"[""T061""]"
2103,Presbycusis,C0033074,Presbycusis,alias,0.0,"[""T046""]"
2104,Presbyopia,C0033075,Presbyopia,alias,0.0,"[""T047""]"
2105,Prenatal Genetic Counseling,C1257802,"Genetic Counseling, Prenatal",alias,0.0,"[""T091""]"
2107,Prenatal Testing,C1456692,Prenatal Testing,alias,0.0,"[""T058""]"
2110,Preoperative Evaluation,C1293091,Pre-surgery evaluation,alias,0.0,"[""T060""]"
2112,Premature Ventricular Contractions,C0151636,Premature ventricular contractions,alias,0.0,"[""T047""]"
2113,Premenstrual Dysphoric Disorder,C0520676,Premenstrual Dysphoric Disorder,alias,0.0,"[""T048""]"
2116,Prenatal Care,C0033052,Prenatal care,alias,0.0,"[""T058""]"
2117,Prenatal Diagnosis,C0033053,Prenatal Diagnosis technique,alias,0.0,"[""T060""]"
2119,Premature Adrenarche,C0342546,Premature adrenarche,alias,0.0,"[""T047""]"
2120,Premature Atrial Contraction,C0033036,Atrial Premature Complexes,alias,0.0,"[""T047""]"
2121,Premature Beats,C0340464,Premature Cardiac Complex,alias,0.0,"[""T047""]"
2122,Premature Birth,C0151526,Premature Birth,alias,0.0,"[""T046""]"
2123,Premature Ovarian Failure,C0025322,Premature Menopause,alias,0.0,"[""T047""]"
2124,Preeclampsia,C0032914,Pre-Eclampsia,alias,0.0,"[""T046""]"
2125,Pregnancy,C0032961,Pregnancy,alias,0.0,"[""T040""]"
2126,Pregnancy Blood Test,C0850355,pregnancy blood test,alias,0.0,"[""T059""]"
2130,Preauricular Fistula,C0546969,"Preauricular Fistulae, Congenital",alias,0.0,"[""T019""]"
2133,Precocious Puberty,C0034013,Precocious Puberty,alias,0.0,"[""T047""]"
2134,Precocious Thelarche,C0425772,Premature development of the breasts,alias,0.0,"[""T033""]"
2136,Prediabetes,C0362046,Prediabetes syndrome,alias,0.0,"[""T047""]"
2137,Pouchitis,C0376620,Pouchitis,alias,0.0,"[""T047""]"
2138,Prader Willi Syndrome,C0032897,Prader-Willi Syndrome,alias,0.0,"[""T047""]"
2143,Postphlebitic Syndrome,C0032807,Postphlebitic Syndrome,alias,0.0,"[""T047""]"
2145,Postural Proteinuria,C0232867,Orthostatic proteinuria,alias,0.0,"[""T047""]"
2146,Postural Tachycardia Syndrome,C1299624,Postural Orthostatic Tachycardia Syndrome,alias,0.0,"[""T047""]"
2149,Postpartum Care,C0032782,Postnatal Care,alias,0.0,"[""T058""]"
2150,Postpartum Depression,C0221074,"Depression, Postpartum",alias,0.0,"[""T048""]"
2152,Postpartum Thyroiditis,C0271815,Postpartum Thyroiditis,alias,0.0,"[""T047""]"
2154,Postherpetic Neuralgia,C0032768,Postherpetic neuralgia,alias,0.0,"[""T047""]"
2157,Postmenopausal Bleeding,C0032776,Postmenopausal bleeding,alias,0.0,"[""T046""]"
2161,Posterior Tibial Tendon Insufficiency,C1720844,Posterior Tibial Tendon Insufficiency,alias,0.0,"[""T047""]"
2163,Posterior Urethral Valve,C0238506,Congenital posterior urethral valves,alias,0.0,"[""T019""]"
2170,Posterior Repair,C0195230,Posterior repair of vagina,alias,0.0,"[""T061""]"
2173,Postcoital Bleeding,C0156406,Postcoital bleeding,alias,0.0,"[""T046""]"
2177,Post Traumatic Amnesia,C0002623,Post-traumatic amnesia,alias,0.0,"[""T048""]"
2178,Post Traumatic Deformity,C0850606,post traumatic deformity,alias,0.0,"[""T037""]"
2179,Post Traumatic Epilepsy,C0014557,"Epilepsy, Post-Traumatic",alias,0.0,"[""T047""]"
2180,Post Traumatic Headache,C0032816,Post-Traumatic Headache,alias,0.0,"[""T046""]"
2182,Post Traumatic Stress Disorder,C0038436,Post-Traumatic Stress Disorder,alias,0.0,"[""T048""]"
2192,Post Laminectomy Syndrome,C0152089,post laminectomy syndrome,alias,0.0,"[""T047""]"
2197,Post Concussion Syndrome,C0546983,Post-Concussion Syndrome,alias,0.0,"[""T047""]"
2201,Post Infectious Arthritis,C0085435,"Arthritis, Reactive",alias,0.0,"[""T047""]"
2209,Portal Vein Thrombosis,C0155773,Portal Vein Thrombosis,alias,0.0,"[""T047""]"
2211,Positional Plagiocephaly,C1450010,"Plagiocephaly, Nonsynostotic",alias,0.0,"[""T190""]"
2212,Positional Vertigo,C0522351,Positional Vertigo,alias,0.0,"[""T046""]"
2216,Portal Hypertension,C0020541,Portal Hypertension,alias,0.0,"[""T047""]"
2219,Portal Vein Embolization,C0578122,Embolization of portal vein,alias,0.0,"[""T061""]"
2221,Popliteal Cyst,C0032650,Popliteal Cyst,alias,0.0,"[""T190""]"
2222,Porphyria,C0032708,Disorders of Porphyrin Metabolism,alias,0.0,"[""T047""]"
2223,Porphyria Cutanea Tarda,C0162566,Porphyria Cutanea Tarda,alias,0.0,"[""T047""]"
2224,Port,C1880253,Data Port,alias,0.0,"[""T073""]"
2226,Port Wine Stain,C0235752,Port-Wine Stain,alias,0.0,"[""T019""]"
2227,Polyuria,C0032617,Polyuria,alias,0.0,"[""T184""]"
2229,Poor Weight Gain,C0231246,Failure to gain weight,alias,0.0,"[""T033""]"
2231,Popliteal Artery Aneurysm,C0264964,Popliteal Artery Aneurysm,alias,0.0,"[""T190""]"
2233,Popliteal Artery Entrapment Syndrome,C0340610,Popliteal Artery Entrapment Syndrome,alias,0.0,"[""T047""]"
2234,Polyphagia,C0020505,Hyperphagia,alias,0.0,"[""T033""]"
2235,Polypharmacy,C2922974,Polypharmacy,alias,0.0,"[""T061""]"
2237,Polyps,C0032584,polyps,alias,0.0,"[""T190""]"
2238,Polysomnography,C0162701,Polysomnography,alias,0.0,"[""T060""]"
2239,Polysyndactyly,C0265553,Polysyndactyly,alias,0.0,"[""T019""]"
2240,Polymorphous Light Eruption,C0031736,Polymorphous light eruption,alias,0.0,"[""T047""]"
2241,Polymyalgia Rheumatica,C0032533,Polymyalgia Rheumatica,alias,0.0,"[""T047""]"
2242,Polymyositis,C0085655,Polymyositis,alias,0.0,"[""T047""]"
2243,Polyneuropathy,C0152025,Polyneuropathy,alias,0.0,"[""T047""]"
2245,Polypectomy,C0521210,Resection of polyp,alias,0.0,"[""T061""]"
2248,Polyhydramnios,C0020224,Polyhydramnios,alias,0.0,"[""T046""]"
2249,Polymastia,C1654779,Polymastia <invertebrate>,alias,0.0,"[""T204""]"
2250,Polymicrogyria,C0266464,Polymicrogyria,alias,0.0,"[""T019""]"
2251,Polymorphic Ventricular Tachycardia,C0344432,"Ventricular tachycardia, polymorphic",alias,0.0,"[""T047""]"
2252,Polycystic Kidney Disease,C0022680,Polycystic Kidney Diseases,alias,0.0,"[""T047""]"
2253,Polycystic Ovary Syndrome,C0032460,Polycystic Ovary Syndrome,alias,0.0,"[""T047""]"
2254,Polycythemia,C0032461,Polycythemia,alias,0.0,"[""T047""]"
2260,Polyarteritis Nodosa,C0031036,Polyarteritis Nodosa,alias,0.0,"[""T047""]"
2261,Polyarthralgia,C0162296,Polyarthralgia,alias,0.0,"[""T047""]"
2262,Polyarthropathy,C0702154,Polyarthropathy,alias,0.0,"[""T047""]"
2263,Polychondritis,C0747733,polychondritis,alias,0.0,"[""T047""]"
2266,Polio Vaccination,C0199809,Poliomyelitis vaccination,alias,0.0,"[""T061""]"
2267,Poliodystrophia Cerebri,C0007795,Diffuse Cerebral Sclerosis of Schilder,alias,0.0,"[""T047""]"
2268,Poliomyelitis,C0032371,Poliomyelitis,alias,0.0,"[""T047""]"
2269,Pneumothorax,C0032326,Pneumothorax,alias,0.0,"[""T047""]"
2271,Poems Syndrome,C0085404,POEMS Syndrome,alias,0.0,"[""T047""]"
2272,Poikiloderma,C0392777,Poikiloderma,alias,0.0,"[""T047""]"
2273,Poison Ivy,C0684339,Poison Ivy,alias,0.0,"[""T002""]"
2274,Poison Oak,C1256215,"Rhus diversiloba, Flower essence",alias,0.0,"[""T121""]"
2275,Poland Syndrome,C0032357,Poland Syndrome,alias,0.0,"[""T047""]"
2276,Pneumaturia,C0232894,Pneumatouria,alias,0.0,"[""T184""]"
2277,Pneumoconiosis,C0032273,Pneumoconiosis,alias,0.0,"[""T047""]"
2278,Pneumocystis Carinii,C0032276,Pneumocystis carinii,alias,0.0,"[""T004""]"
2279,Pneumonia,C0032285,Pneumonia,alias,0.0,"[""T047""]"
2280,Pneumonia Vaccination,C5555353,Pneumonia Vaccination,alias,0.0,"[""T061""]"
2281,Pneumonitis,C3714636,Pneumonitis,alias,0.0,"[""T047""]"
2283,Plexopathy,C1335437,Plexopathy,alias,0.0,"[""T047""]"
2284,Plica Syndrome,C0878705,Synovial Plica Syndrome,alias,0.0,"[""T047""]"
2288,Pleuritic Pain,C0008033,Pleuritic pain,alias,0.0,"[""T184""]"
2289,Pleurodesis,C0189557,Pleurodesis,alias,0.0,"[""T061""]"
2291,Plexiform Fibrohistiocytic Tumor,C1266126,Plexiform fibrohistiocytic tumor,alias,0.0,"[""T191""]"
2292,Plexiform Neurofibroma,C0206728,Plexiform Neurofibroma,alias,0.0,"[""T191""]"
2293,Plexiform Schwannoma,C1370659,Plexiform Schwannoma,alias,0.0,"[""T191""]"
2294,Pleomorphic Xanthoastrocytomas,C0280785,Diffuse Astrocytoma,alias,0.0,"[""T191""]"
2295,Pleural Cancer,C0153494,Malignant tumor of pleura,alias,0.0,"[""T191""]"
2296,Pleural Diseases,C0032226,Pleural Diseases,alias,0.0,"[""T047""]"
2297,Pleural Effusion,C0032227,Pleural effusion disorder,alias,0.0,"[""T047""]"
2298,Pleural Tuberculosis,C0041326,Pleural Tuberculosis,alias,0.0,"[""T047""]"
2299,Pleurectomy,C0152463,Pleurectomy,alias,0.0,"[""T061""]"
2300,Pleurisy,C0032231,Pleurisy,alias,0.0,"[""T047""]"
2303,Platelet Storage Pool Deficiency,C0032197,Platelet Storage Pool Deficiency,alias,0.0,"[""T047""]"
2304,Pleomorphic Liposarcoma,C0205825,"Liposarcoma, Pleomorphic",alias,0.0,"[""T191""]"
2305,Pleomorphic Rhabdomyosarcoma,C0334480,Pleomorphic Rhabdomyosarcoma,alias,0.0,"[""T191""]"
2311,Plasma Cell Dyscrasia,C1136084,Plasma cell dyscrasia,alias,0.0,"[""T047""]"
2313,Platelet Disorder,C0005818,Blood Platelet Disorders,alias,0.0,"[""T047""]"
2315,Plantar Fasciitis,C0149756,"Fasciitis, Plantar",alias,0.0,"[""T047""]"
2319,Plantar Wart,C0042548,Plantar wart,alias,0.0,"[""T047""]"
2321,Placental Abruption,C0000832,Abruptio Placentae,alias,0.0,"[""T046""]"
2322,Placental Disorders,C0032045,Placenta Disorders,alias,0.0,"[""T046""]"
2323,Plagiocephaly,C0265529,Plagiocephaly,alias,0.0,"[""T019""]"
2324,Plague,C0032064,Plague,alias,0.0,"[""T047""]"
2326,Plantar Fascial Fibromatosis,C0158360,"Fibromatosis, Plantar",alias,0.0,"[""T047""]"
2327,Pituitary Tumor,C0032019,Pituitary Neoplasms,alias,0.0,"[""T191""]"
2328,Pityriasis,C0032024,Pityriasis,alias,0.0,"[""T047""]"
2329,Pityriasis Lichenoides,C0162853,Pityriasis Lichenoides,alias,0.0,"[""T047""]"
2331,Placenta Accreta,C0032044,Placenta Accreta,alias,0.0,"[""T046""]"
2332,Placenta Previa,C0032046,Placenta Previa,alias,0.0,"[""T046""]"
2333,Pituitary Cancer,C0346300,Pituitary carcinoma,alias,0.0,"[""T191""]"
2334,Pituitary Disorders,C0032002,Pituitary Diseases,alias,0.0,"[""T047""]"
2335,Pituitary Macroadenoma,C0346308,Pituitary macroadenoma,alias,0.0,"[""T191""]"
2336,Pituitary Microadenoma,C0346306,Pituitary microadenoma,alias,0.0,"[""T191""]"
2338,Pineal Tumor,C1412004,Tumor of the Pineal Region,alias,0.0,"[""T191""]"
2339,Pineoblastoma,C0205898,pineoblastoma,alias,0.0,"[""T191""]"
2340,Pinguecula,C0152255,Pinguecula,alias,0.0,"[""T047""]"
2341,Pinta,C0031946,Pinta,alias,0.0,"[""T047""]"
2343,Piriformis Syndrome,C0458224,Piriformis Muscle Syndrome,alias,0.0,"[""T047""]"
2344,Pituitary Adenoma,C0032000,Pituitary Adenoma,alias,0.0,"[""T191""]"
2345,Pilocytic Astrocytoma,C0334583,Pilocytic Astrocytoma,alias,0.0,"[""T191""]"
2346,Pilomatrixoma,C0206711,Pilomatrixoma,alias,0.0,"[""T191""]"
2348,Pinched Nerve,C0273482,Compression injury of nerve,alias,0.0,"[""T037""]"
2351,Pierre Robin Syndrome,C0031900,Pierre Robin Syndrome,alias,0.0,"[""T019""]"
2352,Pigmentation Disorders,C0549567,Pigmentation Disorders,alias,0.0,"[""T047""]"
2354,Pigmented Villonodular Synovitis,C0039106,Pigmented villonodular synovitis,alias,0.0,"[""T191""]"
2355,Pilar Cyst,C2959585,Proliferating trichilemmal tumor,alias,0.0,"[""T191""]"
2358,Physical Exams,C0031809,Physical Examination,alias,0.0,"[""T058""]"
2359,Physical Therapy,C0949766,Physical therapy,alias,0.0,"[""T061""]"
2360,Pica,C1552962,Units Of Measure - pica,alias,0.0,"[""T081""]"
2362,Pierre Robin Sequence,C0031900,Pierre Robin Syndrome,alias,0.0,"[""T019""]"
2364,Photophobia,C0085636,Photophobia,alias,0.0,"[""T184""]"
2365,Photorefractive Keratectomy,C0395416,Photorefractive Keratectomy,alias,0.0,"[""T061""]"
2366,Photosensitivity,C0349506,Photosensitivity of skin,alias,0.0,"[""T046""]"
2368,Phototherapy,C0031765,Phototherapy,alias,0.0,"[""T061""]"
2369,Pharyngitis,C0031350,Pharyngitis,alias,0.0,"[""T047""]"
2370,Pheochromocytoma,C0031511,Pheochromocytoma,alias,0.0,"[""T191""]"
2371,Phimosis,C0345326,Congenital phimosis,alias,0.0,"[""T019""]"
2373,Phobia,C0349231,Phobic anxiety disorder,alias,0.0,"[""T048""]"
2374,Phoria,C0038379,Strabismus,alias,0.0,"[""T047""]"
2377,Pfeiffer Syndrome,C0220658,Pfeiffer Syndrome,alias,0.0,"[""T047""]"
2379,Phakic Intraocular Lens,C1955863,Phakic Intraocular Lenses,alias,0.0,"[""T074""]"
2380,Phantom Limb,C0031315,Phantom Limb Syndrome,alias,0.0,"[""T047""]"
2383,Petechiae,C0031256,Petechiae,alias,0.0,"[""T047""]"
2385,Petit Mal Seizure,C0014553,Absence Epilepsy,alias,0.0,"[""T047""]"
2387,Peutz Jeghers Syndrome,C0031269,Peutz-Jeghers Syndrome,alias,0.0,"[""T047""]"
2390,Perthes Disease,C0023234,Legg-Calve-Perthes Disease,alias,0.0,"[""T047""]"
2391,Pertussis,C0043167,Pertussis,alias,0.0,"[""T047""]"
2393,Pessary,C4721535,Pessary Dosage Form,alias,0.0,"[""T122""]"
2395,Persistent Ostium Primum,C0031192,Persistent Ostium Primum,alias,0.0,"[""T019""]"
2397,Persistent Pulmonary Hypertension Of The Newborn,C0031190,Persistent Fetal Circulation Syndrome,alias,0.0,"[""T047""]"
2398,Persistent Vomiting,C0152165,Persistent vomiting,alias,0.0,"[""T184""]"
2401,Peroneal Neuropathy,C0747533,Peroneal Neuropathies,alias,0.0,"[""T047""]"
2405,Persistent Cough,C0562483,Persistent cough,alias,0.0,"[""T184""]"
2406,Periventricular Leukomalacia,C0023529,"Leukomalacia, Periventricular",alias,0.0,"[""T047""]"
2409,Pernicious Anemia,C0002892,"Anemia, Pernicious",alias,0.0,"[""T047""]"
2410,Pernio,C0008058,Chilblains,alias,0.0,"[""T037""]"
2411,Peroneal Nerve Injury,C0161470,Traumatic injury of common peroneal nerve,alias,0.0,"[""T037""]"
2412,Peritoneal Surface Malignancy,C0346990,Carcinomatosis of peritoneal cavity,alias,0.0,"[""T191""]"
2413,Peritonitis,C0031154,Peritonitis,alias,0.0,"[""T046""]"
2414,Peritonsillar Abscess,C0031157,Peritonsillar Abscess,alias,0.0,"[""T047""]"
2416,Periventricular Heterotopia,C1868720,Periventricular Nodular Heterotopia,alias,0.0,"[""T047""]"
2418,Peripheral T Cell Lymphoma,C0079774,Peripheral T-Cell Lymphoma,alias,0.0,"[""T191""]"
2419,Peripheral Vascular Diseases,C0085096,Peripheral Vascular Diseases,alias,0.0,"[""T047""]"
2423,Peritoneal Dialysis,C0031139,Peritoneal Dialysis,alias,0.0,"[""T061""]"
2425,Peripheral Nerve Tumors,C0031118,Peripheral Nervous System Neoplasms,alias,0.0,"[""T191""]"
2426,Peripheral Neuropathy,C0031117,Peripheral Neuropathy,alias,0.0,"[""T047""]"
2427,Peripheral Primitive Neuroectodermal Tumor,C0684337,Ewings sarcoma-primitive neuroectodermal tumor (PNET),alias,0.0,"[""T191""]"
2428,Peripheral Pulmonary Stenosis,C0345030,Peripheral pulmonary artery stenosis,alias,0.0,"[""T047""]"
2429,Peripheral Schwannoma,C4024276,Peripheral Schwannoma,alias,0.0,"[""T191""]"
2432,Peripheral Edema,C0085649,Peripheral edema,alias,0.0,"[""T046""]"
2433,Peripheral Nerve Block,C0198807,Peripheral block anesthesia,alias,0.0,"[""T061""]"
2434,Peripheral Nerve Disease,C4721453,Peripheral Nervous System Diseases,alias,0.0,"[""T047""]"
2435,Peripheral Nerve Injury,C0262593,Peripheral Nerve Injuries,alias,0.0,"[""T037""]"
2438,Peripartum Cardiomyopathy,C0877208,Peripartum cardiomyopathy,alias,0.0,"[""T047""]"
2439,Peripheral Angiography,C0412290,Peripheral angiography,alias,0.0,"[""T060""]"
2442,Peripheral Artery Disease,C1704436,Peripheral Arterial Diseases,alias,0.0,"[""T047""]"
2445,Periodic Paralysis,C1279412,periodic paralysis (finding),alias,0.0,"[""T047""]"
2446,Perioral Dermatitis,C0263449,Perioral Dermatitis,alias,0.0,"[""T047""]"
2447,Periorbital Cellulitis,C1282208,Preseptal cellulitis,alias,0.0,"[""T047""]"
2448,Perimenopause,C0993589,Perimenopause,alias,0.0,"[""T039""]"
2451,Perineal Hernia,C0019305,Perineal hernia,alias,0.0,"[""T020""]"
2454,Pericardial Effusion,C0031039,Pericardial effusion,alias,0.0,"[""T047""]"
2455,Pericardiocentesis,C0191234,Pericardiocentesis,alias,0.0,"[""T061""]"
2456,Pericardiotomy,C0242427,Pericardiotomy,alias,0.0,"[""T061""]"
2457,Pericarditis,C0031046,Pericarditis,alias,0.0,"[""T047""]"
2458,Perichondritis,C0031053,Perichondritis,alias,0.0,"[""T047""]"
2461,Performance Anxiety,C0458631,Performance anxiety,alias,0.0,"[""T048""]"
2464,Perianal Hematoma,C0155784,Thrombosed external hemorrhoids,alias,0.0,"[""T020""]"
2465,Pericardial Cyst,C0031038,Pericardial Cyst,alias,0.0,"[""T047""]"
2466,Percutaneous Tracheostomy,C0584877,Percutaneous tracheostomy,alias,0.0,"[""T061""]"
2468,Percutaneous Umbilical Blood Sampling,C0162650,Intrauterine Cordocentesis,alias,0.0,"[""T060""]"
2474,Percutaneous Liver Biopsy,C0558534,Percutaneous liver biopsy,alias,0.0,"[""T060""]"
2475,Percutaneous Mitral Valve Repair,C3272248,Percutaneous Mitral Valve Repair,alias,0.0,"[""T061""]"
2480,Penis Injury,C0347656,Injury of penis,alias,0.0,"[""T037""]"
2482,Peptic Ulcer,C0030920,Peptic Ulcer,alias,0.0,"[""T047""]"
2484,Penile Pain,C0497481,Pain in penis,alias,0.0,"[""T184""]"
2488,Penile Ulcer,C0240698,Ulcer of penis,alias,0.0,"[""T047""]"
2489,Penile Fibrosis,C0030848,Peyronie Disease,alias,0.0,"[""T047""]"
2491,Penile Hypospadias,C1691215,Penile hypospadias,alias,0.0,"[""T019""]"
2492,Penile Induration,C0030848,Peyronie Disease,alias,0.0,"[""T047""]"
2494,Penile Leukoplakia,C0022782,Penile Leukoplakia,alias,0.0,"[""T047""]"
2495,Penile Mass,C0240691,Mass of penis,alias,0.0,"[""T033""]"
2498,Penile Bleeding,C0269002,Hemorrhage of penis,alias,0.0,"[""T046""]"
2499,Penile Cancer,C0853105,Penis carcinoma,alias,0.0,"[""T191""]"
2500,Penile Chordee,C4054210,Penile Chordee,alias,0.0,"[""T047""]"
2501,Penile Discharge,C0232861,Discharge from penis,alias,0.0,"[""T184""]"
2502,Pelvis Injury,C0560636,Pelvic injury,alias,0.0,"[""T037""]"
2504,Pemphigus,C0030807,Pemphigus,alias,0.0,"[""T047""]"
2505,Pemphigus Foliaceus,C0263313,Pemphigus Foliaceus,alias,0.0,"[""T047""]"
2506,Pemphigus Vegetans,C0263316,Pemphigus vegetans,alias,0.0,"[""T047""]"
2507,Pemphigus Vulgaris,C0030809,Pemphigus Vulgaris,alias,0.0,"[""T047""]"
2508,Penicillin Allergy,C0030824,Allergy to penicillin,alias,0.0,"[""T047""]"
2509,Pelvic Mass,C0347944,Pelvic mass,alias,0.0,"[""T033""]"
2510,Pelvic Organ Prolapse,C0877015,Pelvic Organ Prolapse,alias,0.0,"[""T047""]"
2511,Pelvic Pain,C0030794,Pelvic Pain,alias,0.0,"[""T184""]"
2513,Pelvic Varicose Veins,C0155795,Varicose veins of pelvis,alias,0.0,"[""T047""]"
2516,Pelvic Floor Exercise,C0262718,Pelvic floor exercises,alias,0.0,"[""T061""]"
2517,Pelvic Fracture,C0149531,Fracture of pelvis,alias,0.0,"[""T037""]"
2518,Pelvic Inflammatory Disease,C0242172,Pelvic Inflammatory Disease,alias,0.0,"[""T047""]"
2519,Pelvic Lipomatosis,C0406608,Pelvic lipomatosis,alias,0.0,"[""T191""]"
2520,Pelvic Lymphadenectomy,C0193883,Pelvic lymphadenectomy,alias,0.0,"[""T061""]"
2522,Pedicle Subtraction Osteotomy,C5444957,Pedicle Subtraction Osteotomy,alias,0.0,"[""T061""]"
2525,Pelvic Abscess,C0030785,Pelvic abscess,alias,0.0,"[""T047""]"
2526,Pelvic Adhesions,C0262591,Pelvic adhesions,alias,0.0,"[""T047""]"
2541,Pectus Carinatum,C0158731,Congenital pectus carinatum,alias,0.0,"[""T019""]"
2542,Pectus Excavatum,C0016842,Congenital pectus excavatum,alias,0.0,"[""T019""]"
2544,Pediatric Brain Tumor,C0220603,Childhood Brain Neoplasm,alias,0.0,"[""T191""]"
2545,Pediatric Cancer,C0278704,Malignant Childhood Neoplasm,alias,0.0,"[""T191""]"
2546,Peanut Allergy,C0559470,Allergy to peanuts,alias,0.0,"[""T047""]"
2548,Pearson Syndrome,C0342784,Pearson's marrow-pancreas syndrome,alias,0.0,"[""T047""]"
2549,Pecoma,C1300127,Perivascular Epithelioid Cell Neoplasms,alias,0.0,"[""T191""]"
2553,Pathological Fracture,C0016663,Pathological fracture,alias,0.0,"[""T046""]"
2559,Patellofemoral Syndrome,C0877149,Patellofemoral Pain Syndrome,alias,0.0,"[""T047""]"
2560,Patent Ductus Arteriosus,C0013274,Patent ductus arteriosus,alias,0.0,"[""T019""]"
2562,Patent Foramen Ovale,C0016522,"Foramen Ovale, Patent",alias,0.0,"[""T019""]"
2563,Patent Foramen Ovale Closure,C0189967,Closure of patent foramen ovale,alias,0.0,"[""T061""]"
2564,Patent Urachus,C0266357,Persistent umbilical sinus,alias,0.0,"[""T019""]"
2566,Patella Injury,C0560638,Injury of patella,alias,0.0,"[""T037""]"
2569,Patellar Tendon Rupture,C0263969,Traumatic rupture of patellar tendon,alias,0.0,"[""T037""]"
2573,Patellofemoral Pain,C5392978,Patellofemoral Pain,alias,0.0,"[""T184""]"
2574,Partial Knee Replacement,C0864243,"Arthroplasty, Replacement, Partial Knee",alias,0.0,"[""T061""]"
2575,Partial Nephrectomy,C0194086,Partial nephrectomy,alias,0.0,"[""T061""]"
2578,Partial Vulvectomy,C0403855,Partial vulvectomy,alias,0.0,"[""T061""]"
2579,Pasteurellosis,C0030636,Pasteurella Infections,alias,0.0,"[""T047""]"
2580,Patch Tests,C0030646,Patch Tests,alias,0.0,"[""T060""]"
2581,Patella Dislocation,C1135812,Patellar Dislocation,alias,0.0,"[""T037""]"
2582,Paroxysmal Supraventricular Tachycardia,C0030590,Paroxysmal supraventricular tachycardia,alias,0.0,"[""T047""]"
2583,Paroxysmal Tachycardia,C0039236,"Tachycardia, Paroxysmal",alias,0.0,"[""T047""]"
2584,Paroxysmal Ventricular Tachycardia,C0030591,Paroxysmal ventricular tachycardia,alias,0.0,"[""T047""]"
2586,Partial Colectomy,C0149750,Partial resection of colon,alias,0.0,"[""T061""]"
2587,Partial Hepatectomy,C0193398,Partial hepatectomy,alias,0.0,"[""T061""]"
2588,Partial Hip Replacement,C0186196,Insertion of prosthesis or prosthetic device of femoral head,alias,0.0,"[""T061""]"
2589,Partial Hysterectomy,C1270947,Partial hysterectomy,alias,0.0,"[""T061""]"
2592,Paronychia,C0030578,Paronychia Inflammation,alias,0.0,"[""T047""]"
2593,Parotid Cancer,C0747273,Malignant tumour of parotid gland,alias,0.0,"[""T191""]"
2594,Parotidectomy,C0193317,Parotidectomy,alias,0.0,"[""T061""]"
2595,Paroxysmal Hemicrania,C1399352,Paroxysmal Hemicrania,alias,0.0,"[""T047""]"
2596,Paroxysmal Nocturnal Hemoglobinuria,C0024790,Paroxysmal nocturnal hemoglobinuria,alias,0.0,"[""T047""]"
2600,Paresthesia,C0030554,Paresthesia,alias,0.0,"[""T047""]"
2603,Parkes Weber Syndrome,C0038505,Sturge-Weber Syndrome,alias,0.0,"[""T047""]"
2604,Parathyroid Hyperplasia,C0271844,Parathyroid hyperplasia,alias,0.0,"[""T047""]"
2606,Parathyroid Scan,C0203792,Parathyroid imaging,alias,0.0,"[""T060""]"
2607,Parathyroidectomy,C0079989,Parathyroidectomy,alias,0.0,"[""T061""]"
2608,Paratubal Cyst,C1142307,Paratubal Cyst,alias,0.0,"[""T047""]"
2610,Parasomnias,C0030508,Parasomnia,alias,0.0,"[""T047""]"
2611,Parastomal Hernia,C0341539,Parastomal hernia,alias,0.0,"[""T020""]"
2613,Parathyroid Adenoma,C0262587,Parathyroid Adenoma,alias,0.0,"[""T191""]"
2614,Parathyroid Cancer,C0687150,Parathyroid Carcinoma,alias,0.0,"[""T191""]"
2615,Parathyroid Disease,C0030517,Parathyroid Diseases,alias,0.0,"[""T047""]"
2616,Paraphimosis,C0030483,Paraphimosis,alias,0.0,"[""T047""]"
2617,Paraplegia,C0030486,Paraplegia,alias,0.0,"[""T047""]"
2618,Parapneumonic Effusion,C0264550,Pleural effusion associated with pulmonary infection,alias,0.0,"[""T047""]"
2619,Parapsoriasis,C0030491,Parapsoriasis,alias,0.0,"[""T047""]"
2620,Parasitic Diseases,C0030499,Parasitic Diseases,alias,0.0,"[""T047""]"
2622,Paranasal Sinus And Nasal Cavity Cancer,C1710095,Sinonasal Carcinoma,alias,0.0,"[""T191""]"
2624,Paraneoplastic Pemphigus,C1112570,paraneoplastic pemphigus,alias,0.0,"[""T191""]"
2625,Paraneoplastic Polyneuropathy,C0270932,Paraneoplastic Polyneuropathy,alias,0.0,"[""T047""]"
2626,Parapharyngeal Abscess,C0155842,Parapharyngeal abscess,alias,0.0,"[""T047""]"
2628,Paraganglioma,C0030421,Paraganglioma,alias,0.0,"[""T191""]"
2629,Paragonimiasis,C0030424,Paragonimiasis,alias,0.0,"[""T047""]"
2630,Parainfluenza Infection,C0302507,Parainfluenza Virus Infections,alias,0.0,"[""T047""]"
2633,Paramyotonia Congenita,C0221055,Paramyotonia Congenita (disorder),alias,0.0,"[""T047""]"
2635,Papillary Meningioma,C3163622,Papillary Meningioma,alias,0.0,"[""T191""]"
2636,Papilledema,C0030353,Papilledema,alias,0.0,"[""T047""]"
2637,Papules,C0332563,Papule,alias,0.0,"[""T033""]"
2638,Paracoccidioidomycosis,C0030409,Paracoccidioidomycosis,alias,0.0,"[""T047""]"
2639,Paraesophageal Hernia,C0267725,Paraesophageal hernia,alias,0.0,"[""T047""]"
2640,Panhypopituitarism,C0242343,Panhypopituitarism,alias,0.0,"[""T047""]"
2641,Panic Attack,C0086769,Panic Attacks,alias,0.0,"[""T048""]"
2642,Panniculectomy,C0023765,Lipectomy,alias,0.0,"[""T061""]"
2643,Panniculitis,C0030326,Panniculitis,alias,0.0,"[""T047""]"
2645,Pap Smear,C3541459,Papanicolaou Test,alias,0.0,"[""T060""]"
2649,Pancreaticojejunostomy,C0030303,Pancreaticojejunostomy,alias,0.0,"[""T061""]"
2650,Pancreatitis,C0030305,Pancreatitis,alias,0.0,"[""T047""]"
2651,Pancytopenia,C0030312,Pancytopenia,alias,0.0,"[""T047""]"
2653,Pancreatic Cyst,C0030283,Pancreatic Cyst,alias,0.0,"[""T047""]"
2657,Pancreatic Insufficiency,C0267963,Exocrine pancreatic insufficiency,alias,0.0,"[""T047""]"
2658,Pancreatic Mass,C0877425,Mass of pancreas,alias,0.0,"[""T033""]"
2661,Pancreatectomy,C0030279,Pancreatectomy,alias,0.0,"[""T061""]"
2665,Palpitations,C0030252,Palpitations,alias,0.0,"[""T033""]"
2666,Pancreas Cancer,C0346647,Malignant neoplasm of pancreas,alias,0.0,"[""T191""]"
2667,Pancreas Disease,C0030286,Pancreatic Diseases,alias,0.0,"[""T047""]"
2670,Pancreas Transplant,C0030275,Pancreas Transplantation,alias,0.0,"[""T061""]"
2676,Palmoplantar Pustulosis,C0030246,Pustulosis of Palms and Soles,alias,0.0,"[""T047""]"
2690,Palate Cancer,C0153378,Malignant tumor of palate,alias,0.0,"[""T191""]"
2691,Palate Surgery,C4763945,Palate Surgery,alias,0.0,"[""T091""]"
2693,Palliative Care,C0030231,Palliative Care,alias,0.0,"[""T061""]"
2698,Pain Clinic,C0242936,Pain Clinics,alias,0.0,"[""T073"", ""T093""]"
2699,Pain Management,C0002766,Pain management,alias,0.0,"[""T061""]"
2700,Painful Bladder Syndrome,C1720830,Painful Bladder Syndrome,alias,0.0,"[""T047""]"
2702,Paget Schroetter Syndrome,C0919631,"Upper Extremity Deep Vein Thrombosis, Primary",alias,0.0,"[""T047""]"
2706,Pain,C0030193,Pain,alias,0.0,"[""T184""]"
2707,P53,C0146283,"TP53 protein, human",alias,0.0,"[""T116"", ""T123""]"
2708,Pacemaker,C0810633,Pacemakers,alias,0.0,"[""T074""]"
2711,Pacemaker Malfunction,C0232196,Malfunction from artificial pacing,alias,0.0,"[""T046""]"
2712,Pacemaker Placement,C0747130,Pacemaker Placement,alias,0.0,"[""T061""]"
2713,Pachygyria,C0266483,Pachygyria,alias,0.0,"[""T019""]"
2714,Pachymeningitis,C0030167,Pachymeningitis,alias,0.0,"[""T047""]"
2715,Overriding Aorta,C0265886,Overriding aorta,alias,0.0,"[""T019""]"
2717,Overuse Injury,C0035127,Cumulative Trauma Disorders,alias,0.0,"[""T047""]"
2719,Overweight,C0497406,Overweight,alias,0.0,"[""T033""]"
2722,Ovulation Induction,C0029967,Ovulation Induction,alias,0.0,"[""T061""]"
2723,Ovarian Stimulation,C0949385,Ovarian Stimulation,alias,0.0,"[""T061""]"
2725,Ovarian Torsion,C0149952,Ovarian Torsion,alias,0.0,"[""T190""]"
2727,Overactive Bladder,C0878773,Overactive Bladder,alias,0.0,"[""T047""]"
2729,Overgrowth Syndrome,C2986703,Overgrowth Syndrome,alias,0.0,"[""T047""]"
2730,Overlap Syndromes,C0410000,Overlap syndrome,alias,0.0,"[""T047""]"
2731,Ovarian Cystectomy,C0195488,Removal of ovarian cyst,alias,0.0,"[""T061""]"
2733,Ovarian Dysfunction,C0154208,Disorder of endocrine ovary,alias,0.0,"[""T047""]"
2734,Ovarian Endometriosis,C0156344,Endometriosis of ovary,alias,0.0,"[""T047""]"
2735,Ovarian Failure,C0747102,Ovarian failure,alias,0.0,"[""T047""]"
2736,Ovarian Hyperstimulation Syndrome,C0085083,Ovarian Hyperstimulation Syndrome,alias,0.0,"[""T047""]"
2737,Ovarian Mass,C0240611,Mass of ovary,alias,0.0,"[""T033""]"
2739,Otitis Media,C0029882,Otitis Media,alias,0.0,"[""T047""]"
2740,Otitis Media With Effusion,C0029883,Otitis Media with Effusion,alias,0.0,"[""T047""]"
2743,Otosclerosis,C0029899,Otosclerosis,alias,0.0,"[""T047""]"
2744,Ototoxicity,C0235280,Ototoxicity,alias,0.0,"[""T046""]"
2745,Ovarian Cancer,C1140680,Malignant neoplasm of ovary,alias,0.0,"[""T191""]"
2746,Ovarian Cyst,C0029927,Ovarian Cysts,alias,0.0,"[""T047""]"
2747,Osteoplasty,C0185364,Osteoplasty,alias,0.0,"[""T061""]"
2748,Osteoporosis,C0029456,Osteoporosis,alias,0.0,"[""T047""]"
2749,Osteoradionecrosis,C0029461,Osteoradionecrosis,alias,0.0,"[""T046""]"
2750,Osteosarcoma,C0029463,Osteosarcoma,alias,0.0,"[""T191""]"
2751,Ostomy,C0029473,Ostomy,alias,0.0,"[""T061""]"
2753,Otalgia,C0013456,Earache,alias,0.0,"[""T184""]"
2754,Otitis Externa,C0029878,Otitis Externa,alias,0.0,"[""T047""]"
2760,Osteopenia,C0029453,Osteopenia,alias,0.0,"[""T047""]"
2761,Osteopetrosis,C0029454,Osteopetrosis,alias,0.0,"[""T047""]"
2768,Osteonecrosis,C0029445,Bone necrosis,alias,0.0,"[""T046""]"
2776,Osteogenesis Imperfecta,C0029434,Osteogenesis Imperfecta,alias,0.0,"[""T047""]"
2777,Osteoid Osteoma,C0029441,Osteoid osteoma,alias,0.0,"[""T191""]"
2779,Osteolysis,C4721411,Osteolysis,alias,0.0,"[""T046""]"
2780,Osteoma,C0029440,Osteoma,alias,0.0,"[""T191""]"
2781,Osteomalacia,C3887650,Adult Rickets,alias,0.0,"[""T047""]"
2782,Osteomyelitis,C0029443,Osteomyelitis,alias,0.0,"[""T047""]"
2785,Osteochondritis Dissecans,C0029421,Osteochondritis Dissecans,alias,0.0,"[""T047""]"
2788,Osteochondritis Dissecans Of The Talus,C0410523,Osteochondritis dissecans of the talus,alias,0.0,"[""T047""]"
2790,Osteochondroma,C0029423,Cartilaginous exostosis,alias,0.0,"[""T191""]"
2791,Osteoblastoma,C0029417,Osteoblastoma,alias,0.0,"[""T191""]"
2799,Orthopnea,C0085619,Orthopnea,alias,0.0,"[""T033""]"
2800,Orthostatic Hypotension,C0020651,"Hypotension, Orthostatic",alias,0.0,"[""T047""]"
2801,Orthovoltage,C3846107,Orthovoltage,alias,0.0,"[""T061""]"
2802,Osgood Schlatter Disease,C0029376,Juvenile osteochondrosis of tibial tubercle,alias,0.0,"[""T047""]"
2803,Ossicular Chain Reconstruction,C1261340,Reconstruction of ossicular chain,alias,0.0,"[""T061""]"
2804,Osteitis,C0029400,Osteitis,alias,0.0,"[""T047""]"
2805,Osteoarthritis,C0029408,Degenerative polyarthritis,alias,0.0,"[""T047""]"
2806,Oropharyngeal Cancer,C2349952,Oropharyngeal Carcinoma,alias,0.0,"[""T191""]"
2815,Orbitotomy,C0152462,Orbital osteotomy,alias,0.0,"[""T061""]"
2816,Orchidopexy,C0194907,Orchidopexy,alias,0.0,"[""T061""]"
2817,Orchiectomy,C0029189,Orchiectomy,alias,0.0,"[""T061""]"
2818,Organ Donation,C0029216,Organ Transplantation,alias,0.0,"[""T061""]"
2819,Orofacial Pain,C0178782,Orofacial Pain,alias,0.0,"[""T184""]"
2821,Orbital Fractures,C0029184,Orbital Fractures,alias,0.0,"[""T037""]"
2828,Oral Pathology,C0030668,Oral Pathology specialty,alias,0.0,"[""T091""]"
2829,Oral Tumor,C0026640,Mouth Neoplasms,alias,0.0,"[""T191""]"
2831,Orbital Cellulitis,C0149507,Orbital Cellulitis,alias,0.0,"[""T047""]"
2832,Optical Coherence Tomography,C0920367,"Tomography, Optical Coherence",alias,0.0,"[""T060""]"
2834,Oral Candidiasis,C0006849,Oral candidiasis,alias,0.0,"[""T047""]"
2837,Oral Contraceptive,C0029151,Oral contraception,alias,0.0,"[""T061""]"
2839,Optic Nerve Sheath Meningioma,C0346328,Meningioma of optic nerve sheath,alias,0.0,"[""T191""]"
2841,Optic Neuritis,C0029134,Optic Neuritis,alias,0.0,"[""T047""]"
2842,Optic Neuropathy,C0029132,Disorder of the optic nerve,alias,0.0,"[""T047""]"
2845,Optic Nerve Decompression,C0338604,Decompression of optic nerve (II),alias,0.0,"[""T061""]"
2846,Optic Nerve Disease,C0029132,Disorder of the optic nerve,alias,0.0,"[""T047""]"
2847,Optic Nerve Glioma,C0346326,Optic Nerve Glioma,alias,0.0,"[""T191""]"
2848,Optic Nerve Hypoplasia,C0338502,Optic Nerve Hypoplasia,alias,0.0,"[""T047""]"
2849,Optic Nerve Injury,C0161398,Optic Nerve Injuries,alias,0.0,"[""T037""]"
2850,Optic Nerve Ischemia,C0155305,"Optic Neuropathy, Ischemic",alias,0.0,"[""T047""]"
2851,Opioid Withdrawal,C0029104,Opioid withdrawal,alias,0.0,"[""T048""]"
2852,Oppositional Defiant Disorder,C0029121,Oppositional Defiant Disorder,alias,0.0,"[""T048""]"
2856,Optic Nerve Atrophy,C0029124,Optic Atrophy,alias,0.0,"[""T047""]"
2858,Opiate Addiction,C0524662,Opiate Addiction,alias,0.0,"[""T048""]"
2867,Ophthalmic Disorders,C0015397,Disorder of eye,alias,0.0,"[""T047""]"
2869,Open Breast Biopsy,C0177667,Open biopsy of breast,alias,0.0,"[""T060""]"
2871,Open Pyeloplasty,C0554139,Pyeloplasty,alias,0.0,"[""T061""]"
2875,Oophorectomy,C0029936,Ovariectomy,alias,0.0,"[""T061""]"
2883,Onchocerciasis,C0029001,Onchocerciasis,alias,0.0,"[""T047""]"
2887,Onychomycosis,C0040261,Onychomycosis,alias,0.0,"[""T047""]"
2888,Olfactory Nerve Disease,C0751937,Olfactory Nerve Disorder,alias,0.0,"[""T047""]"
2889,Olfactory Neuroblastoma,C0206717,Olfactory Neuroblastoma,alias,0.0,"[""T191""]"
2890,Oligoastrocytoma,C0280793,Mixed Oligodendroglioma-Astrocytoma,alias,0.0,"[""T191""]"
2891,Oligodendroglioma,C0028945,oligodendroglioma,alias,0.0,"[""T191""]"
2892,Oligohydramnios,C0079924,Oligohydramnios,alias,0.0,"[""T046""]"
2893,Oligomenorrhea,C0028949,Oligomenorrhea,alias,0.0,"[""T046""]"
2894,Omphalocele,C0795690,Congenital omphalocele,alias,0.0,"[""T019""]"
2895,Oculoplastic Surgery,C4761561,Oculoplastic Surgery,alias,0.0,"[""T061""]"
2896,Odontogenic Tumors,C0028880,Odontogenic Tumors,alias,0.0,"[""T191""]"
2897,Odynophagia,C0221150,Swallowing painful,alias,0.0,"[""T184""]"
2898,Off Pump Coronary Artery Bypass,C1449706,"Coronary Artery Bypass, Off-Pump",alias,0.0,"[""T061""]"
2900,Ogilvie Syndrome,C1527395,Ogilvie Syndrome,alias,0.0,"[""T047""]"
2903,Ocular Tumor,C0015414,Eye Neoplasms,alias,0.0,"[""T191""]"
2904,Oculomotor Nerve Injury,C1321926,Oculomotor Nerve Injuries,alias,0.0,"[""T037""]"
2906,Oculopharyngeal Muscular Dystrophy,C0270952,"Muscular Dystrophy, Oculopharyngeal",alias,0.0,"[""T047""]"
2909,Ocular Motility Disorders,C0028850,Ocular Motility Disorders,alias,0.0,"[""T047""]"
2910,Ocular Myasthenia Gravis,C0751340,"Myasthenia Gravis, Ocular",alias,0.0,"[""T047""]"
2912,Ocular Rosacea,C0406486,Ocular Rosacea,alias,0.0,"[""T047""]"
2913,Ocular Sarcoidosis,C0398677,Ocular sarcoidosis,alias,0.0,"[""T047""]"
2917,Ocular Hypertelorism,C0020534,Orbital separation excessive,alias,0.0,"[""T033""]"
2918,Ocular Hypertension,C0028840,Ocular Hypertension,alias,0.0,"[""T047""]"
2920,Occipital Nerve Block,C4763941,Occipital Nerve Block,alias,0.0,"[""T061""]"
2922,Occipital Neuralgia,C0007863,Cervico-occipital neuralgia,alias,0.0,"[""T047""]"
2925,Obstipation,C0221152,Obstipation,alias,0.0,"[""T047""]"
2927,Obstructive Jaundice,C0022354,"Jaundice, Obstructive",alias,0.0,"[""T047""]"
2928,Obstructive Sleep Apnea,C0520679,"Sleep Apnea, Obstructive",alias,0.0,"[""T047""]"
2930,Occipital Lobe Epilepsy,C0393691,Occipital Lobe Epilepsy,alias,0.0,"[""T047""]"
2934,Obesity Related Glomerulopathy,C4054325,Obesity Related Glomerulopathy,alias,0.0,"[""T047""]"
2935,Obesity Surgery,C1167841,obesity surgery,alias,0.0,"[""T061""]"
2939,Nutritional Counseling,C0204932,Diet education,alias,0.0,"[""T065""]"
2940,Nystagmus,C0028738,Nystagmus,alias,0.0,"[""T047""]"
2941,Obesity,C0028754,Obesity,alias,0.0,"[""T047""]"
2943,Obesity Hypoventilation Syndrome,C0031880,Obesity Hypoventilation Syndrome,alias,0.0,"[""T047""]"
2944,Nuclear Cataract,C1112705,Nuclear non-senile cataract,alias,0.0,"[""T047""]"
2945,Numbness,C0028643,Numbness,alias,0.0,"[""T184""]"
2946,Numbness Of Face,C0239511,Numbness of face,alias,0.0,"[""T184""]"
2947,Nursemaid Elbow,C0149977,Subluxation of radial head,alias,0.0,"[""T037""]"
2950,Nose Sores,C0857495,sore nose,alias,0.0,"[""T047""]"
2951,Novel Coronavirus,C5203676,SARS-CoV-2,alias,0.0,"[""T005""]"
2955,Nuchal Cord,C0405124,Nuchal Cord,alias,0.0,"[""T033""]"
2958,Noonan Syndrome,C0028326,Noonan Syndrome,alias,0.0,"[""T047""]"
2960,Normal Pressure Hydrocephalus,C0020258,"Hydrocephalus, Normal Pressure",alias,0.0,"[""T047""]"
2961,Norovirus,C0949920,Norovirus,alias,0.0,"[""T005""]"
2962,Nose Fracture,C0339848,Fractured nasal bones,alias,0.0,"[""T037""]"
2963,Nose Pain,C0240564,Pain of nose,alias,0.0,"[""T184""]"
2972,Non Toxic Goiter,C0221777,Nontoxic goiter,alias,0.0,"[""T047""]"
2977,Non-Muscle Invasive Bladder Cancer,C1336527,Non-Muscle Invasive Bladder Neoplasms,alias,0.0,"[""T191""]"
2978,Nonunion Fracture,C0016665,"Fractures, Ununited",alias,0.0,"[""T046""]"
2992,Non Small Cell Lung Cancer,C0007131,Non-Small Cell Lung Carcinoma,alias,0.0,"[""T191""]"
2998,Non Healing Wound,C0750433,"Wound, non-healed",alias,0.0,"[""T047""]"
2999,Non Hodgkin Lymphoma,C0024305,"Lymphoma, Non-Hodgkin",alias,0.0,"[""T191""]"
3002,Nocturia,C0028734,Nocturia,alias,0.0,"[""T047""]"
3004,Nodular Goiter,C0018023,Nodular Goiter,alias,0.0,"[""T047""]"
3005,Noisy Breathing,C0237304,Noisy respiration,alias,0.0,"[""T033""]"
3008,Nipple Fissure,C5574709,Cracked nipple,alias,0.0,"[""T033""]"
3011,Nipple Repair,C0191926,Nipple reconstruction (procedure),alias,0.0,"[""T061""]"
3013,Next Generation Sequencing,C2936622,Massively-Parallel Sequencing,alias,0.0,"[""T063""]"
3014,Niemann Pick Disease,C0028064,Niemann-Pick Diseases,alias,0.0,"[""T047""]"
3015,Night Blindness,C0028077,Nyctalopia,alias,0.0,"[""T047""]"
3016,Night Sweats,C0028081,Night sweats,alias,0.0,"[""T184""]"
3017,Nightmares,C0028084,Nightmares,alias,0.0,"[""T184""]"
3018,Nipple Discharge,C0149741,nipple discharge,alias,0.0,"[""T184""]"
3019,New Onset Seizure,C0748604,seizure new onset,alias,0.0,"[""T033""]"
3020,Newborn Care,C0204792,Routine care of newborn,alias,0.0,"[""T058""]"
3024,Neutropenia,C0027947,Neutropenia,alias,0.0,"[""T047""]"
3026,Neutrophilia,C3665444,Neutrophilia (disorder),alias,0.0,"[""T047""]"
3027,Nevus,C0027960,Nevus,alias,0.0,"[""T191""]"
3028,Nevus Flammeus,C0235752,Port-Wine Stain,alias,0.0,"[""T019""]"
3030,Neurosarcoma,C0206729,Neurofibrosarcoma,alias,0.0,"[""T191""]"
3031,Neurosyphilis,C0027927,Neurosyphilis,alias,0.0,"[""T047""]"
3037,Neuropathic Arthritis,C0003892,Neurogenic arthropathy,alias,0.0,"[""T047""]"
3038,Neuropathy,C0442874,Neuropathy,alias,0.0,"[""T047""]"
3039,Neuropsychological Assessment,C0027902,Neuropsychological Tests,alias,0.0,"[""T060""]"
3040,Neuroretinitis,C0154874,Neuroretinitis,alias,0.0,"[""T047""]"
3041,Neuromodulation,C0394674,Neurostimulation/modulation,alias,0.0,"[""T061""]"
3043,Neuromuscular Diseases,C0027868,Neuromuscular Diseases,alias,0.0,"[""T047""]"
3044,Neuromuscular Scoliosis,C0410698,Neuromuscular scoliosis,alias,0.0,"[""T047""]"
3047,Neuronal Migration Disorders,C1837249,"Malformations of Cortical Development, Group II",alias,0.0,"[""T019""]"
3049,Neurological Disorders,C0027765,nervous system disorder,alias,0.0,"[""T047""]"
3050,Neurological Rehabilitation,C0204096,Neurological Rehabilitation,alias,0.0,"[""T061""]"
3051,Neurolysis,C0196878,Neurolysis,alias,0.0,"[""T061""]"
3052,Neuroma,C0027858,Neuroma,alias,0.0,"[""T191""]"
3054,Neurogenic Bowel,C0695242,Neurogenic Bowel,alias,0.0,"[""T047""]"
3055,Neurogenic Claudication,C0580173,Neurogenic claudication,alias,0.0,"[""T033""]"
3056,Neurogenic Urinary Bladder,C0005697,Neurogenic Urinary Bladder,alias,0.0,"[""T047""]"
3057,Neuroinflammatory Disorders,C5544451,Neuroinflammatory Diseases,alias,0.0,"[""T047""]"
3060,Neuroendoscopy,C0844266,Neuroendoscopy,alias,0.0,"[""T060""]"
3061,Neurofibroma,C0027830,neurofibroma,alias,0.0,"[""T191""]"
3062,Neurofibromatosis,C0162678,Neurofibromatoses,alias,0.0,"[""T191""]"
3063,Neurofibromatosis Type 1,C0027831,Neurofibromatosis 1,alias,0.0,"[""T191""]"
3064,Neurofibromatosis Type 2,C0027832,Neurofibromatosis 2,alias,0.0,"[""T191""]"
3065,Neurofibrosarcoma,C0751690,Malignant Peripheral Nerve Sheath Tumor,alias,0.0,"[""T191""]"
3066,Neurogenetics,C0597047,Neurogenetics,alias,0.0,"[""T091""]"
3072,Neuroendocrine Tumors,C0206754,Neuroendocrine Tumors,alias,0.0,"[""T191""]"
3074,Neurocutaneous Syndromes,C0265316,Neurocutaneous Syndromes,alias,0.0,"[""T047""]"
3075,Neuroectodermal Tumor,C0206093,Neuroectodermal Tumors,alias,0.0,"[""T191""]"
3086,Neuritis,C0027813,Neuritis,alias,0.0,"[""T047""]"
3089,Neuroblastoma,C0027819,Neuroblastoma,alias,0.0,"[""T191""]"
3090,Neuroborreliosis,C0948264,neuroborreliosis,alias,0.0,"[""T047""]"
3091,Nervous System Disorders,C0027765,nervous system disorder,alias,0.0,"[""T047""]"
3092,Neural Tube Defects,C0027794,Neural Tube Defects,alias,0.0,"[""T019""]"
3093,Neuralgia,C0027796,Neuralgia,alias,0.0,"[""T184""]"
3094,Neuralgic Amyotrophy,C0221759,Brachial Plexus Neuritis,alias,0.0,"[""T047""]"
3095,Nerve Conduction Studies,C0200125,Nerve conduction study,alias,0.0,"[""T060""]"
3096,Nerve Injury,C0161479,Nerve injury,alias,0.0,"[""T037""]"
3097,Nerve Root Disorder,C1527351,Nerve Root Disorder,alias,0.0,"[""T047""]"
3098,Nerve Sheath Tumor,C0206727,Nerve Sheath Tumors,alias,0.0,"[""T191""]"
3100,Nerve Transfer,C0079896,Nerve Transfer,alias,0.0,"[""T061""]"
3101,Nephroureterectomy,C0027732,Nephroureterectomy,alias,0.0,"[""T061""]"
3102,Nerve Block,C0027741,Nerve Block,alias,0.0,"[""T061""]"
3106,Nerve Compression Syndrome,C0027743,Nerve compression syndrome,alias,0.0,"[""T047""]"
3107,Nephroptosis,C1384594,Nephroptosis,alias,0.0,"[""T047""]"
3108,Nephrosclerosis,C0027719,Nephrosclerosis,alias,0.0,"[""T047""]"
3109,Nephrostomy,C0278314,Nephrostomy (procedure),alias,0.0,"[""T061""]"
3110,Nephrotic Syndrome,C0027726,Nephrotic Syndrome,alias,0.0,"[""T047""]"
3111,Nephrotomy,C0194056,Incision of kidney (procedure),alias,0.0,"[""T061""]"
3112,Nephrotoxicity,C0595916,Toxic nephropathy,alias,0.0,"[""T037""]"
3113,Nephroblastoma,C0027708,Nephroblastoma,alias,0.0,"[""T191""]"
3114,Nephrocalcinosis,C0027709,Nephrocalcinosis,alias,0.0,"[""T047""]"
3115,Nephrogenic Systemic Fibrosis,C3888044,Nephrogenic Systemic Fibrosis,alias,0.0,"[""T047""]"
3116,Nephrolithotomy,C0546522,nephrolithotomy,alias,0.0,"[""T061""]"
3117,Nephronophthisis,C0687120,Nephronophthisis,alias,0.0,"[""T047""]"
3118,Nephropathy,C0022658,Kidney Diseases,alias,0.0,"[""T047""]"
3119,Nephropexy,C0194159,Nephropexy,alias,0.0,"[""T061""]"
3122,Neovascular Glaucoma,C0017609,"Glaucoma, Neovascular",alias,0.0,"[""T047""]"
3123,Nephrectomy,C0027695,Nephrectomy,alias,0.0,"[""T061""]"
3124,Nephritic Syndrome,C0268732,Nephritic syndrome,alias,0.0,"[""T047""]"
3125,Nephritis,C0027697,Nephritis,alias,0.0,"[""T047""]"
3126,Neonatal Lupus Erythematosus,C0409979,Neonatal Systemic lupus erythematosus,alias,0.0,"[""T047""]"
3128,Neonatal Tetanus,C0343312,Tetanus neonatorum,alias,0.0,"[""T047""]"
3132,Neonatal Diabetes Mellitus,C0158981,Neonatal diabetes mellitus,alias,0.0,"[""T047""]"
3133,Neonatal Graves Disease,C0271767,Neonatal Graves' disease,alias,0.0,"[""T047""]"
3134,Neonatal Herpes Simplex,C0276225,Congenital herpes simplex,alias,0.0,"[""T047""]"
3136,Neonatal Jaundice,C0022353,Neonatal Jaundice,alias,0.0,"[""T047""]"
3139,Neoadjuvant Chemotherapy,C5392214,Neoadjuvant Chemotherapy,alias,0.0,"[""T061""]"
3140,Neoadjuvant Radiation Therapy,C5392212,Neoadjuvant Radiotherapy,alias,0.0,"[""T061""]"
3142,Neonatal Acne,C0263437,Neonatal acne,alias,0.0,"[""T047""]"
3143,Neonatal Adrenoleukodystrophy,C0282525,"Adrenoleukodystrophy, Neonatal",alias,0.0,"[""T047""]"
3151,Neck Stiffness,C0151315,Neck stiffness,alias,0.0,"[""T184""]"
3152,Necrobacillosis,C0027537,Necrobacillosis,alias,0.0,"[""T047""]"
3153,Necrobiosis Lipoidica,C0027538,Necrobiosis Lipoidica,alias,0.0,"[""T047""]"
3154,Necrosis Of Liver,C0151798,Hepatic necrosis,alias,0.0,"[""T047""]"
3155,Necrotizing Enterocolitis,C4082937,Necrotizing enterocolitis in fetus OR newborn,alias,0.0,"[""T047""]"
3156,Necrotizing Fasciitis,C0238124,Necrotizing fasciitis,alias,0.0,"[""T047""]"
3158,Neck Plastic Surgery,C1176467,"Plastic Surgery, Neck",alias,0.0,"[""T061""]"
3161,Neck Sprain,C0027535,Neck sprain,alias,0.0,"[""T037""]"
3162,Neck Cancer,C0746787,Cancer of Neck,alias,0.0,"[""T191""]"
3163,Neck Cyst,C4302081,Cyst of neck,alias,0.0,"[""T033""]"
3165,Neck Lymph Nodes,C0588054,Cervical lymph node group,alias,0.0,"[""T023""]"
3168,Neck Pain,C0007859,Neck Pain,alias,0.0,"[""T184""]"
3171,Neck Abscess,C0702176,Cervical abscess,alias,0.0,"[""T047""]"
3172,Neck Arthritis,C0263854,Cervical arthritis,alias,0.0,"[""T047""]"
3174,Nasopharyngeal Cancer,C2931822,Nasopharyngeal carcinoma,alias,0.0,"[""T191""]"
3176,Natural Birth,C2985348,Natural Birth,alias,0.0,"[""T040""]"
3177,Nausea,C0027497,Nausea,alias,0.0,"[""T184""]"
3178,Nausea And Vomiting,C0027498,Nausea and vomiting,alias,0.0,"[""T184""]"
3180,Nasal Septal Hematoma,C0339842,Nasal septal hematoma,alias,0.0,"[""T047""]"
3181,Nasal Surgery,C0188970,Operation on nose,alias,0.0,"[""T061""]"
3184,Nasolacrimal Duct Obstruction,C1281931,Nasolacrimal Duct Obstruction,alias,0.0,"[""T033""]"
3185,Nasopharyngeal Angiofibroma,C1367536,Nasopharyngeal Angiofibroma,alias,0.0,"[""T191""]"
3186,Nasal Drainage,C0746759,nasal drainage,alias,0.0,"[""T184""]"
3187,Nasal Dryness,C0231919,Nasal mucosa dry,alias,0.0,"[""T033""]"
3188,Nasal Endoscopy,C0189024,Endoscopy of nose,alias,0.0,"[""T060""]"
3190,Nasal Mass,C0746765,Mass of nose,alias,0.0,"[""T033""]"
3191,Nasal Obstruction,C0027429,Nasal obstruction present finding,alias,0.0,"[""T033""]"
3192,Nasal Polyps,C0027430,Nasal Polyps,alias,0.0,"[""T190""]"
3193,Narcolepsy,C0027404,Narcolepsy,alias,0.0,"[""T047""]"
3195,Nasal Cavity Cancer,C0728864,Malignant neoplasm of nasal cavity,alias,0.0,"[""T191""]"
3196,Nasal Congestion,C0027424,Nasal congestion (finding),alias,0.0,"[""T184""]"
3199,Myxoinflammatory Fibroblastic Sarcoma,C1709103,Myxoinflammatory fibroblastic sarcoma,alias,0.0,"[""T191""]"
3200,Myxoma,C0027149,Myxoma,alias,0.0,"[""T191""]"
3201,Myxopapillary Ependymoma,C0205769,Myxopapillary ependymoma,alias,0.0,"[""T191""]"
3203,Nail Disease,C0027339,Nail Diseases,alias,0.0,"[""T047""]"
3204,Nail Injury,C0347575,Injury of nail,alias,0.0,"[""T037""]"
3205,Nail Removal,C0191722,Onychectomy,alias,0.0,"[""T061""]"
3206,Myotonic Dystrophy,C0027126,Myotonic Dystrophy,alias,0.0,"[""T047""]"
3207,Myringoplasty,C0027136,Myringoplasty,alias,0.0,"[""T061""]"
3208,Myringotomy,C0087123,Tympanostomy,alias,0.0,"[""T061""]"
3209,Myxedema,C0027145,Myxedema,alias,0.0,"[""T047""]"
3210,Myxofibrosarcoma,C3714524,Fibromyxosarcoma,alias,0.0,"[""T191""]"
3211,Myxoid Liposarcoma,C0545074,Myxoid/Round Cell Liposarcoma,alias,0.0,"[""T191""]"
3212,Myopathy,C0026848,Myopathy,alias,0.0,"[""T047""]"
3213,Myopia,C0027092,Myopia,alias,0.0,"[""T047""]"
3214,Myositis,C0027121,Myositis,alias,0.0,"[""T047""]"
3215,Myositis Ossificans,C0027122,Myositis Ossificans,alias,0.0,"[""T047""]"
3216,Myotonia,C0700153,Myotonus (finding),alias,0.0,"[""T033""]"
3217,Myotonia Congenita,C2936781,Generalized Myotonia of Thomsen,alias,0.0,"[""T047""]"
3218,Myoclonus,C0027066,Myoclonus,alias,0.0,"[""T184""]"
3220,Myofibroblastic Sarcoma,C1708751,Low grade myofibroblastic sarcoma,alias,0.0,"[""T191""]"
3221,Myogenic Ptosis,C0155201,Myogenic ptosis,alias,0.0,"[""T046""]"
3222,Myomectomy,C0195309,Uterine Myomectomy,alias,0.0,"[""T061""]"
3227,Myocarditis,C0027059,Myocarditis,alias,0.0,"[""T047""]"
3230,Myelitis,C0026975,Myelitis,alias,0.0,"[""T047""]"
3231,Myelodysplastic Syndrome,C3463824,MYELODYSPLASTIC SYNDROME,alias,0.0,"[""T191""]"
3232,Myeloma Kidney,C0268784,Myeloma kidney,alias,0.0,"[""T047""]"
3233,Myelomeningocele,C0025312,Meningomyelocele,alias,0.0,"[""T019""]"
3234,Myelopathy,C0005956,Bone Marrow Diseases,alias,0.0,"[""T047""]"
3236,Mycoplasma Infection,C0026936,Mycoplasma Infections,alias,0.0,"[""T047""]"
3237,Mycosis,C0026946,Mycoses,alias,0.0,"[""T047""]"
3238,Mycosis Fungoides,C0026948,Mycosis Fungoides,alias,0.0,"[""T191""]"
3239,Mycotic Aneurysm,C0085808,"Aneurysm, Mycotic",alias,0.0,"[""T047""]"
3240,Mycotic Arthritis,C0869528,Arthropathy associated with a mycosis,alias,0.0,"[""T047""]"
3241,Myectomy,C0185279,Myectomy,alias,0.0,"[""T061""]"
3242,Musculoskeletal Ultrasound,C0845889,musculoskeletal ultrasound,alias,0.0,"[""T060""]"
3245,Myalgia,C0231528,Myalgia,alias,0.0,"[""T184""]"
3246,Myasthenia Gravis,C0026896,Myasthenia Gravis,alias,0.0,"[""T047""]"
3247,Mycobacterial Infection,C0026918,Mycobacterium Infections,alias,0.0,"[""T047""]"
3248,Mycobacterium Avium Complex,C0026914,Mycobacterium avium Complex,alias,0.0,"[""T007""]"
3249,Musculocutaneous Flap,C0450119,Myocutaneous flap,alias,0.0,"[""T024""]"
3252,Musculoskeletal Disorders,C0026857,Musculoskeletal Diseases,alias,0.0,"[""T047""]"
3254,Musculoskeletal Pain,C0026858,Musculoskeletal Pain,alias,0.0,"[""T033""]"
3257,Muscle Spasticity,C0026838,Muscle Spasticity,alias,0.0,"[""T184""]"
3258,Muscle Strain,C0080194,Muscle strain,alias,0.0,"[""T037""]"
3259,Muscle Tears,C0149732,Rupture of muscle,alias,0.0,"[""T037""]"
3261,Muscle Weakness,C0030552,Paresis,alias,0.0,"[""T047""]"
3262,Muscular Diseases,C0026848,Myopathy,alias,0.0,"[""T047""]"
3263,Muscular Disorder,C0026848,Myopathy,alias,0.0,"[""T047""]"
3264,Muscular Dystrophy,C0026850,Muscular Dystrophy,alias,0.0,"[""T047""]"
3265,Muscle Atrophy,C0026846,Muscular Atrophy,alias,0.0,"[""T046""]"
3266,Muscle Biopsy,C0185283,Muscle biopsy,alias,0.0,"[""T060""]"
3267,Muscle Cramps,C0026821,Muscle Cramp,alias,0.0,"[""T184""]"
3268,Muscle Eye Brain Disease,C0457133,Muscle eye brain disease,alias,0.0,"[""T047""]"
3269,Muscle Injury,C0410256,muscle injury,alias,0.0,"[""T037""]"
3273,Multiple Myeloma,C0026764,Multiple Myeloma,alias,0.0,"[""T191""]"
3274,Multiple Sclerosis,C0026769,Multiple Sclerosis,alias,0.0,"[""T047""]"
3276,Multiple System Atrophy,C0393571,Multiple System Atrophy,alias,0.0,"[""T046""]"
3278,Mumps,C0026780,Mumps,alias,0.0,"[""T047""]"
3279,Mumps Encephalitis,C0153093,Mumps encephalitis,alias,0.0,"[""T047""]"
3280,Multiple Endocrine Neoplasia,C0027662,Multiple Endocrine Neoplasia,alias,0.0,"[""T191""]"
3281,Multiple Endocrine Neoplasia Type 1,C0025267,Multiple Endocrine Neoplasia Type 1,alias,0.0,"[""T191""]"
3282,Multiple Endocrine Neoplasia Type 2,C4048306,Multiple endocrine neoplasia Type 2,alias,0.0,"[""T191""]"
3283,Multiple Endocrine Neoplasia Type 2A,C0025268,Multiple Endocrine Neoplasia Type 2a,alias,0.0,"[""T191""]"
3284,Multiple Endocrine Neoplasia Type 2B,C0025269,Multiple Endocrine Neoplasia Type 2b,alias,0.0,"[""T191""]"
3292,Multiple Chronic Illnesses,C3266262,Multiple Chronic Conditions,alias,0.0,"[""T047""]"
3295,Mucormycosis,C0026718,Mucormycosis,alias,0.0,"[""T047""]"
3296,Mucosal Melanoma,C3898222,Mucosal Melanoma,alias,0.0,"[""T191""]"
3297,Muenke Syndrome,C1864436,Muenke Syndrome,alias,0.0,"[""T047""]"
3300,Muir Torre Syndrome,C1321489,Torre-Muir syndrome,alias,0.0,"[""T191""]"
3305,Mucinosis,C0162855,Mucinoses,alias,0.0,"[""T047""]"
3308,Mucocele,C0026683,Mucocele,alias,0.0,"[""T190""]"
3309,Mucopolysaccharidosis,C0026703,Mucopolysaccharidoses,alias,0.0,"[""T047""]"
3311,Movement Disorders,C0026650,Movement Disorders,alias,0.0,"[""T047""]"
3312,Moyamoya,C0026654,Moyamoya Disease,alias,0.0,"[""T047""]"
3317,Mouth Breathing,C0026635,Mouth Breathing,alias,0.0,"[""T033""]"
3318,Mouth Cancer,C0153381,Malignant neoplasm of mouth,alias,0.0,"[""T191""]"
3319,Mouth Cyst,C0494710,Mouth cyst,alias,0.0,"[""T020""]"
3320,Mouth Guard,C0026642,Mouth Protectors,alias,0.0,"[""T074""]"
3321,Mouth Infection,C0555971,Oral infection,alias,0.0,"[""T047""]"
3322,Mouth Pain,C0221776,Oral pain,alias,0.0,"[""T184""]"
3323,Mouth Ulcer,C0149745,Oral Ulcer,alias,0.0,"[""T047""]"
3324,Motion Sickness,C0026603,Motion Sickness,alias,0.0,"[""T047""]"
3327,Motor Neuron Disease,C0085084,Motor Neuron Disease,alias,0.0,"[""T047""]"
3328,Mouth Abscess,C0267003,Abscess of oral tissue,alias,0.0,"[""T047""]"
3329,Mouth Bleeding,C0029163,Oral Hemorrhage,alias,0.0,"[""T046""]"
3330,Morbid Obesity,C0028756,Morbid obesity,alias,0.0,"[""T047""]"
3331,Morgellons Disease,C2350431,Morgellons Disease,alias,0.0,"[""T047""]"
3332,Morning Sickness,C0312416,Morning Sickness,alias,0.0,"[""T184""]"
3334,Morton Neuroma,C0311337,Morton Neuroma,alias,0.0,"[""T047""]"
3336,Monosomy,C0026499,Monosomy,alias,0.0,"[""T019""]"
3337,Monovision,C1533053,Finding of monovision,alias,0.0,"[""T033""]"
3338,Monteggia Fracture,C0026508,Monteggia's Fracture,alias,0.0,"[""T037""]"
3340,Mood Disorders,C0525045,Mood Disorders,alias,0.0,"[""T048""]"
3342,Monoclonal Gammopathy Of Undetermined Significance,C0026470,Monoclonal Gammopathy of Undetermined Significance,alias,0.0,"[""T191""]"
3344,Monogenic Diabetes,C3888631,Monogenic diabetes,alias,0.0,"[""T047""]"
3346,Mononeuritis,C0235880,Mononeuritis,alias,0.0,"[""T047""]"
3347,Mononeuritis Multiplex,C0151295,Mononeuritis Multiplex,alias,0.0,"[""T047""]"
3350,Mongolian Spot,C0265985,Mongolian Spot,alias,0.0,"[""T191""]"
3351,Monkey Pox,C0276180,Monkeypox disease,alias,0.0,"[""T047""]"
3353,Monoclonal B-Cell Lymphocytosis,C2698259,Monoclonal B-Cell Lymphocytosis,alias,0.0,"[""T191""]"
3358,Molluscum Contagiosum,C0026393,Molluscum Contagiosum,alias,0.0,"[""T047""]"
3361,Mlh1 Gene,C0879389,MLH1 gene,alias,0.0,"[""T028""]"
3362,Mmr Vaccine,C0065828,Measles-Mumps-Rubella Vaccine,alias,0.0,"[""T116"", ""T121"", ""T129""]"
3363,Moebius Syndrome,C0221060,Mobius Syndrome,alias,0.0,"[""T047""]"
3364,Mohs Surgery,C0079850,Mohs Surgery,alias,0.0,"[""T061""]"
3365,Mitral Valve Prolapse,C0026267,Mitral Valve Prolapse Syndrome,alias,0.0,"[""T047""]"
3366,Mitral Valve Regurgitation,C0026266,Mitral Valve Insufficiency,alias,0.0,"[""T047""]"
3367,Mitral Valve Repair,C0396849,Mitral valvuloplasty,alias,0.0,"[""T061""]"
3368,Mitral Valve Replacement,C0026268,Replacement of mitral valve (procedure),alias,0.0,"[""T061""]"
3369,Mitral Valve Stenosis,C0026269,Mitral Valve Stenosis,alias,0.0,"[""T047""]"
3370,Mixed Connective Tissue Disease,C0026272,Mixed Connective Tissue Disease,alias,0.0,"[""T047""]"
3372,Missing Tooth,C0457756,Tooth absent,alias,0.0,"[""T033""]"
3374,Mitochondrial Disorders,C0751651,Mitochondrial Diseases,alias,0.0,"[""T047""]"
3375,Mitral Regurgitation,C0026266,Mitral Valve Insufficiency,alias,0.0,"[""T047""]"
3377,Mitral Valve Disease,C0026265,Diseases of mitral valve,alias,0.0,"[""T047""]"
3380,Minor Injury,C0332673,minor injury,alias,0.0,"[""T037""]"
3382,Miosis,C0026205,Miosis disorder,alias,0.0,"[""T047""]"
3383,Misophonia,C4324623,misophonia,alias,0.0,"[""T048""]"
3384,Missed Abortion,C0000814,Missed abortion,alias,0.0,"[""T047""]"
3385,Missed Periods,C0232937,Missed period,alias,0.0,"[""T033""]"
3388,Minimally Invasive Surgery,C0282624,Minimally Invasive Surgical Procedures,alias,0.0,"[""T061""]"
3416,Miliary Tuberculosis,C0041321,"Tuberculosis, Miliary",alias,0.0,"[""T047""]"
3417,Milk Allergy,C0079840,Milk Allergy,alias,0.0,"[""T046""]"
3418,Mind Body Medicine,C1513305,Mind-Body Medicine,alias,0.0,"[""T061""]"
3424,Migraine,C0149931,Migraine Disorders,alias,0.0,"[""T047""]"
3427,Mild Cognitive Impairment,C1270972,Mild cognitive disorder,alias,0.0,"[""T048""]"
3428,Mild Neurocognitive Disorder,C5574859,Mild Neurocognitive Disorder,alias,0.0,"[""T048""]"
3429,Milia,C0345996,Milium Cyst,alias,0.0,"[""T190""]"
3430,Miliaria,C0026113,Miliaria,alias,0.0,"[""T047""]"
3436,Middle East Respiratory Syndrome,C3694279,Middle East Respiratory Syndrome,alias,0.0,"[""T047""]"
3441,Microtia,C0152423,Congenital small ears,alias,0.0,"[""T019""]"
3442,Microvascular Decompression,C1328580,Microvascular Decompression,alias,0.0,"[""T061""]"
3445,Microscopic Colitis,C0400821,"Colitis, Microscopic",alias,0.0,"[""T047""]"
3446,Microscopic Hematuria,C0239937,Microscopic hematuria,alias,0.0,"[""T033""]"
3447,Microscopic Polyangiitis,C2347126,Microscopic Polyarteritis,alias,0.0,"[""T047""]"
3448,Microsurgery,C0026035,Microsurgery,alias,0.0,"[""T061""]"
3451,Micromastia,C0948473,Micromastia,alias,0.0,"[""T047""]"
3454,Micropenis,C1387005,Penis agenesis,alias,0.0,"[""T019""]"
3455,Microphthalmos,C0026010,Microphthalmos,alias,0.0,"[""T019""]"
3456,Microsatellite Instability,C0796369,microsatellite instability diagnostic test,alias,0.0,"[""T060""]"
3457,Microcephaly,C0025958,Microcephaly,alias,0.0,"[""T019""]"
3458,Microcystic Meningioma,C1384408,Microcystic meningioma,alias,0.0,"[""T191""]"
3460,Microdiscectomy,C0457629,Lumbar microdiscectomy,alias,0.0,"[""T061""]"
3461,Micrognathia,C0025990,Micrognathism,alias,0.0,"[""T019""]"
3463,Methanol Poisoning,C0392621,Methyl alcohol poisoning,alias,0.0,"[""T037""]"
3464,Methicillin Resistant Staphylococcus Aureus,C0343401,MRSA - Methicillin resistant Staphylococcus aureus infection,alias,0.0,"[""T047""]"
3465,Methicillin Susceptible Staphylococcus Aureus,C1635274,Methicillin susceptible Staphylococcus aureus,alias,0.0,"[""T007""]"
3466,Metoidioplasty,C5437607,Metoidioplasty,alias,0.0,"[""T061""]"
3468,Microalbuminuria,C0730345,Microalbuminuria,alias,0.0,"[""T033""]"
3469,Microcalcifications,C0521174,Microcalcification,alias,0.0,"[""T046""]"
3470,Metastatic Melanoma,C0278883,Metastatic melanoma,alias,0.0,"[""T191""]"
3471,Metastatic Pancreatic Cancer,C0346976,Secondary malignant neoplasm of pancreas,alias,0.0,"[""T191""]"
3472,Metastatic Prostate Cancer,C0936223,Metastatic Prostate Carcinoma,alias,0.0,"[""T191""]"
3473,Metastatic Squamous Neck Cancer With Occult Primary,C0220635,Neck Squamous Cell Carcinoma of Unknown Primary,alias,0.0,"[""T191""]"
3474,Metastatic Thyroid Cancer,C1096666,thyroid cancer metastatic,alias,0.0,"[""T191""]"
3478,Metastatic Bone Disease,C5444038,Metastatic Bone Disease,alias,0.0,"[""T047""]"
3479,Metastatic Brain Cancer,C0220650,Metastatic malignant neoplasm to brain,alias,0.0,"[""T191""]"
3480,Metastatic Breast Cancer,C0278488,Carcinoma breast stage IV,alias,0.0,"[""T191""]"
3481,Metastatic Colon Cancer,C0278484,Malignant neoplasm of colon stage IV,alias,0.0,"[""T191""]"
3482,Metabolic Myopathy,C0270984,Metabolic myopathy,alias,0.0,"[""T047""]"
3483,Metabolic Syndrome,C0524620,Metabolic Syndrome X,alias,0.0,"[""T047""]"
3485,Metagonimiasis,C0025530,Metagonimiasis,alias,0.0,"[""T047""]"
3486,Metaplastic Meningioma,C1384407,Metaplastic meningioma,alias,0.0,"[""T191""]"
3487,Metastasectomy,C2363923,Metastasectomy,alias,0.0,"[""T061""]"
3488,Metabolic Brain Disorders,C0006112,"Brain Diseases, Metabolic",alias,0.0,"[""T047""]"
3494,Mesothelioma,C0025500,Mesothelioma,alias,0.0,"[""T191""]"
3498,Metabolic Acidosis,C0220981,Metabolic acidosis,alias,0.0,"[""T046""]"
3499,Metabolic Alkalosis,C0220983,Metabolic alkalosis,alias,0.0,"[""T046""]"
3500,Metabolic Bone Diseases,C0005944,Metabolic Bone Disorder,alias,0.0,"[""T047""]"
3503,Mesenteric Vein Thrombosis,C0267412,Mesenteric Venous Thrombosis,alias,0.0,"[""T046""]"
3505,Mesial Temporal Sclerosis,C1504404,Hippocampal Sclerosis,alias,0.0,"[""T047""]"
3511,Mesenteric Cyst,C0025467,Mesenteric Cyst,alias,0.0,"[""T190""]"
3513,Mental Health,C0025353,mental health,alias,0.0,"[""T041""]"
3515,Meralgia Paresthetica,C0152110,Meralgia paresthetica,alias,0.0,"[""T047""]"
3516,Merkel Cell Carcinoma,C0007129,Merkel cell carcinoma,alias,0.0,"[""T191""]"
3518,Mesenchymal Hamartoma,C0334090,Mesenchymal hamartoma,alias,0.0,"[""T047""]"
3519,Menorrhagia,C0025323,Menorrhagia,alias,0.0,"[""T046""]"
3520,Mens Health,C1456606,Men's Health (attribute),alias,0.0,"[""T102""]"
3521,Menstrual Disorders,C0025345,Menstruation Disturbances,alias,0.0,"[""T046""]"
3523,Menstrual Migraines,C0269226,Menstrual migraine,alias,0.0,"[""T046""]"
3524,Menstruation,C0025344,Menstruation,alias,0.0,"[""T040""]"
3525,Meningothelial Meningioma,C0334605,Meningothelial meningioma,alias,0.0,"[""T191""]"
3527,Meniscectomy,C0187901,Meniscectomy,alias,0.0,"[""T061""]"
3529,Meniscus Tear,C1275678,Finding of tear meniscus (eye),alias,0.0,"[""T033""]"
3530,Menometrorrhagia,C0232943,Intermenstrual heavy bleeding,alias,0.0,"[""T184""]"
3531,Menopause,C0025320,Menopause,alias,0.0,"[""T039""]"
3532,Meningioma,C0025286,Meningioma,alias,0.0,"[""T191""]"
3534,Meningitis,C0025289,Meningitis,alias,0.0,"[""T047""]"
3535,Meningitis Vaccination,C0419706,Administration of Meningococcus vaccine,alias,0.0,"[""T061""]"
3536,Meningocele,C0025299,Meningocele,alias,0.0,"[""T047""]"
3537,Meningococcal Meningitis,C0025294,Meningococcal meningitis,alias,0.0,"[""T047""]"
3538,Meningococcal Vaccine,C0700144,Meningococcal vaccine,alias,0.0,"[""T121"", ""T129""]"
3540,Menieres Disease,C0025281,Meniere Disease,alias,0.0,"[""T047""]"
3541,Meningeal Melanocytoma,C1266113,Meningeal melanocytoma,alias,0.0,"[""T191""]"
3542,Meningeal Melanocytosis,C1266112,Diffuse melanocytosis,alias,0.0,"[""T191""]"
3543,Meningeal Melanoma,C1334386,Meningeal melanoma,alias,0.0,"[""T191""]"
3544,Meningeal Melanomatosis,C1266114,Meningeal melanomatosis,alias,0.0,"[""T191""]"
3545,Melioidosis,C0025229,Melioidosis,alias,0.0,"[""T047""]"
3546,Membranous Nephropathy,C0017665,Membranous glomerulonephritis,alias,0.0,"[""T047""]"
3547,Memory Disorders,C0025261,Memory Disorders,alias,0.0,"[""T048""]"
3550,Melanoma Surgery,C4763928,Melanoma Surgery,alias,0.0,"[""T061""]"
3551,Melanonychia,C1142305,Melanonychia,alias,0.0,"[""T033""]"
3552,Melanotic Schwannoma,C1306247,Melanotic schwannoma,alias,0.0,"[""T191""]"
3553,Melasma,C0025218,Chloasma,alias,0.0,"[""T047""]"
3554,Melena,C0025222,Melena,alias,0.0,"[""T046""]"
3563,Meige Syndrome,C0025183,Meige Syndrome,alias,0.0,"[""T047""]"
3564,Melanoma,C0796561,Melanoma vaccine,alias,0.0,"[""T121"", ""T129""]"
3570,Medulloblastoma,C0025149,Medulloblastoma,alias,0.0,"[""T191""]"
3571,Medulloepithelioma,C0334596,Medulloepithelioma,alias,0.0,"[""T191""]"
3572,Megacolon,C0025160,Megacolon,alias,0.0,"[""T046""]"
3573,Megarectum,C0025160,Megacolon,alias,0.0,"[""T046""]"
3574,Megaureter,C4049615,Megaureter,alias,0.0,"[""T019""]"
3576,Meibomian Cyst,C0007933,Meibomian Cyst,alias,0.0,"[""T047""]"
3577,Meibomian Gland Dysfunction,C1275684,Meibomian gland dysfunction,alias,0.0,"[""T047""]"
3578,Medication Overuse Headache,C0522254,Analgesic Overuse Headache,alias,0.0,"[""T047""]"
3582,Meditation,C0814263,Meditation Therapy,alias,0.0,"[""T061""]"
3584,Medullary Cystic Disease,C0687120,Nephronophthisis,alias,0.0,"[""T047""]"
3585,Medullary Sponge Kidney,C0022681,Medullary sponge kidney,alias,0.0,"[""T019"", ""T047""]"
3586,Mediastinitis,C0025064,Mediastinitis,alias,0.0,"[""T047""]"
3587,Mediastinoscopy,C0025065,Mediastinoscopy,alias,0.0,"[""T060""]"
3588,Mediastinum Cancer,C0153504,Malignant tumor of mediastinum,alias,0.0,"[""T191""]"
3589,Medical Abortion,C3146282,Medical abortion (procedure),alias,0.0,"[""T061""]"
3593,Medial Epicondylitis,C0158309,Medial Epicondylitis,alias,0.0,"[""T020""]"
3596,Median Sternotomy,C1282959,Median Sternotomy,alias,0.0,"[""T061""]"
3598,Mediastinal Lymphadenopathy,C0520743,Mediastinal lymphadenopathy,alias,0.0,"[""T047""]"
3599,Mediastinal Lymphoma,C1334665,Mediastinal Lymphoma,alias,0.0,"[""T191""]"
3600,Mediastinal Mass,C0240318,Mediastinal mass,alias,0.0,"[""T033""]"
3601,Meckel Diverticulum,C0025037,Meckel Diverticulum,alias,0.0,"[""T019""]"
3602,Meckel Gruber Syndrome,C0265215,Meckel-Gruber syndrome,alias,0.0,"[""T047""]"
3609,Mechanical Circulatory Support,C3274791,Mechanical Circulatory Support,alias,0.0,"[""T061""]"
3616,Mechanical Ventilation,C0199470,Mechanical ventilation,alias,0.0,"[""T061""]"
3618,May Thurner Syndrome,C3165062,May-Thurner Syndrome,alias,0.0,"[""T047""]"
3619,May-Hegglin Anomaly,C0340978,May-Hegglin anomaly,alias,0.0,"[""T047""]"
3620,Mccune Albright Syndrome,C0242292,McCune-Albright Syndrome,alias,0.0,"[""T047""]"
3621,Measles,C0025007,Measles,alias,0.0,"[""T047""]"
3622,Measles Vaccination,C0042201,Measles vaccination,alias,0.0,"[""T061""]"
3623,Meatal Stenosis,C0431750,Pinhole meatus,alias,0.0,"[""T047""]"
3630,Maxillectomy,C0407722,Maxillectomy,alias,0.0,"[""T061""]"
3633,Maternal Obesity,C0746977,"Obesity, Maternal",alias,0.0,"[""T033""]"
3643,Maternal Hypertension,C0565599,Maternal hypertension,alias,0.0,"[""T047""]"
3645,Maternal Infection,C0239997,Maternal infection,alias,0.0,"[""T033""]"
3647,Mastoiditis,C0024904,Mastoiditis,alias,0.0,"[""T047""]"
3648,Mastopathy,C0006145,Breast Diseases,alias,0.0,"[""T047""]"
3649,Mastopexy,C0191918,Fixation of pendulous breast,alias,0.0,"[""T061""]"
3650,Mastoplasty,C0085076,Mammaplasty,alias,0.0,"[""T061""]"
3651,Mastotomy,C0191840,Breast incision,alias,0.0,"[""T061""]"
3655,Massage Therapy,C1513003,Massage and Body Therapeutic Techniques,alias,0.0,"[""T061""]"
3657,Mast Cell Activation Syndrome,C5200989,Mast Cell Activation Syndrome,alias,0.0,"[""T047""]"
3658,Mastectomy,C0024881,Mastectomy,alias,0.0,"[""T061""]"
3659,Mastitis,C0024894,Mastitis,alias,0.0,"[""T047""]"
3660,Mastocytosis,C0024899,Mastocytosis,alias,0.0,"[""T047""]"
3661,Mastodynia,C0024902,Mastodynia,alias,0.0,"[""T184""]"
3662,Manometry,C0024751,Manometry,alias,0.0,"[""T059""]"
3663,Marasmus,C0086588,Marasmus,alias,0.0,"[""T047""]"
3664,Marburg Virus Disease,C0024788,Marburg Virus Disease,alias,0.0,"[""T047""]"
3666,Marfan Syndrome,C0024796,Marfan Syndrome,alias,0.0,"[""T047""]"
3667,Marginal Zone Lymphoma,C1367654,Marginal Zone B-Cell Lymphoma,alias,0.0,"[""T191""]"
3669,Mammary Duct Ectasia,C0152442,Mammary duct ectasia,alias,0.0,"[""T047""]"
3670,Mammary Dysplasia,C0016034,Breast Fibrocystic Disease,alias,0.0,"[""T047""]"
3671,Mammoplasty,C0085076,Mammaplasty,alias,0.0,"[""T061""]"
3673,Mandibular Advancement Devices,C2091299,Mandibular Advancement Devices,alias,0.0,"[""T074""]"
3674,Mandibular Reconstruction,C2242551,Mandibular Reconstruction,alias,0.0,"[""T061""]"
3675,Mandibulectomy,C0185566,Excision of mandible,alias,0.0,"[""T061""]"
3676,Mandibulotomy,C0185524,Osteotomy of mandible,alias,0.0,"[""T061""]"
3684,Malnutrition,C0162429,Malnutrition,alias,0.0,"[""T047""]"
3692,Malignant Schwannoma,C0751690,Malignant Peripheral Nerve Sheath Tumor,alias,0.0,"[""T191""]"
3693,Malignant Tenosynovial Giant Cell Tumor,C1266168,Malignant tenosynovial giant cell tumor,alias,0.0,"[""T191""]"
3695,Malignant Tumor Of Male Genital Organ,C0153606,malignant tumor of male genital organ,alias,0.0,"[""T191""]"
3696,Malignant Tumor Of Renal Pelvis,C0153618,Malignant tumor of renal pelvis,alias,0.0,"[""T191""]"
3697,Mallet Finger,C0158473,Mallet finger,alias,0.0,"[""T020""]"
3698,Mallet Toe,C0085686,Mallet toe,alias,0.0,"[""T190""]"
3700,Malignant Ossifying Fibromyxoid Tumor,C3839955,"Ossifying fibromyxoid tumor, malignant",alias,0.0,"[""T191""]"
3701,Malignant Otitis Externa,C0155395,Malignant otitis externa,alias,0.0,"[""T047""]"
3702,Malignant Peripheral Nerve Sheath Tumor,C0751690,Malignant Peripheral Nerve Sheath Tumor,alias,0.0,"[""T191""]"
3704,Malignant Rectal Neoplasm,C0949022,Malignant Rectal Neoplasm,alias,0.0,"[""T191""]"
3705,Malignant Rhabdoid Tumor,C0206743,Rhabdoid Tumor,alias,0.0,"[""T191""]"
3710,Malignant Neoplasm Of Frontal Lobe,C0153635,malignant neoplasm of frontal lobe,alias,0.0,"[""T191""]"
3720,Malignant Glomus Tumor,C1266111,"Glomus tumor, malignant",alias,0.0,"[""T191""]"
3721,Malignant Granular Cell Tumor,C0334618,Malignant granular cell tumor,alias,0.0,"[""T191""]"
3722,Malignant Hypertension,C0020540,Malignant Hypertension,alias,0.0,"[""T047""]"
3724,Malignant Mesenchymoma,C0334492,Malignant mesenchymal tumor,alias,0.0,"[""T191""]"
3731,Malignant Effusion,C0080032,"Pleural Effusion, Malignant",alias,0.0,"[""T047""]"
3732,Malignant Fibrohistiocytic Tumor,C0334463,Malignant Fibrous Histiocytoma,alias,0.0,"[""T191""]"
3734,Male Sling,C3179499,Male Urethral Slings,alias,0.0,"[""T074""]"
3740,Malignant Brain Neoplasm,C0153633,Malignant neoplasm of brain,alias,0.0,"[""T191""]"
3741,Male Breast Cancer,C0238033,Carcinoma of Male Breast,alias,0.0,"[""T191""]"
3745,Male Infertility,C0021364,Male infertility,alias,0.0,"[""T047""]"
3746,Male Pattern Baldness,C4083212,"Alopecia, Male Pattern",alias,0.0,"[""T047""]"
3748,Majeed Syndrome,C1864997,Majeed syndrome,alias,0.0,"[""T047""]"
3749,Malabsorption,C0024523,Malabsorption Syndrome,alias,0.0,"[""T047""]"
3751,Malaria,C0024530,Malaria,alias,0.0,"[""T047""]"
3752,Malassezia Furfur,C0032030,Malassezia furfur,alias,0.0,"[""T004""]"
3753,Macular Edema,C0271051,Macular retinal edema,alias,0.0,"[""T047""]"
3754,Macular Hole,C0024441,Macular Holes,alias,0.0,"[""T047""]"
3757,Magnetic Resonance Angiogram,C3891069,MRI-Based Angiogram,alias,0.0,"[""T034""]"
3759,Maintenance Chemotherapy,C0481504,Maintenance Chemotherapy,alias,0.0,"[""T033""]"
3760,Macroglossia,C0024421,Macroglossia,alias,0.0,"[""T047""]"
3761,Macrophage Activation Syndrome,C1096155,Macrophage Activation Syndrome,alias,0.0,"[""T047""]"
3762,Macrostomia,C0024433,Macrostomia,alias,0.0,"[""T019""]"
3763,Macular Corneal Dystrophy,C0024439,Macular corneal dystrophy,alias,0.0,"[""T047""]"
3764,Macular Degeneration,C0024437,Macular degeneration,alias,0.0,"[""T047""]"
3766,Lynch Syndrome,C4552100,Lynch Syndrome,alias,0.0,"[""T047""]"
3767,Lysis Of Adhesions,C0012826,Lysis of adhesions,alias,0.0,"[""T061""]"
3770,Macrocephaly,C0221355,Macrocephaly,alias,0.0,"[""T019""]"
3771,Macrocytic Anemia,C0002886,"Anemia, Macrocytic",alias,0.0,"[""T047""]"
3772,Macrodactyly,C0265552,Congenital macrodactylia,alias,0.0,"[""T019""]"
3774,Lymphoid Interstitial Pneumonia,C0264511,Lymphoid interstitial pneumonia,alias,0.0,"[""T047""]"
3775,Lymphoid Leukemia,C0023448,Lymphoid leukemia,alias,0.0,"[""T191""]"
3776,Lymphoma,C0024299,Lymphoma,alias,0.0,"[""T191""]"
3779,Lymphomatoid Granulomatosis,C0024307,Lymphomatoid Granulomatosis,alias,0.0,"[""T191""]"
3780,Lymphopenia,C0024312,Lymphopenia,alias,0.0,"[""T047""]"
3782,Lymphangiosarcoma,C0024224,lymphangiosarcoma,alias,0.0,"[""T191""]"
3783,Lymphangitis,C0024225,Lymphangitis,alias,0.0,"[""T047""]"
3784,Lymphatic Malformation,C0398368,Lymphatic Abnormalities,alias,0.0,"[""T190""]"
3785,Lymphedema,C0024236,Lymphedema,alias,0.0,"[""T046""]"
3787,Lymphoblastic Lymphoma,C1961102,Precursor Cell Lymphoblastic Leukemia Lymphoma,alias,0.0,"[""T191""]"
3788,Lymphocytic Colitis,C0400822,"Colitis, Lymphocytic",alias,0.0,"[""T047""]"
3789,Lyme Disease,C0024198,Lyme Disease,alias,0.0,"[""T047""]"
3790,Lymph Node Biopsy,C0193842,Biopsy of lymph node,alias,0.0,"[""T060""]"
3791,Lymph Node Dissection,C0242382,Lymph Node Dissection,alias,0.0,"[""T061""]"
3794,Lymphadenopathy,C0497156,Lymphadenopathy,alias,0.0,"[""T047""]"
3795,Lymphangioleiomyomatosis,C0751674,Lymphangioleiomyomatosis,alias,0.0,"[""T191""]"
3796,Lymphangioma,C0024221,Lymphangioma,alias,0.0,"[""T191""]"
3797,Lung Resection,C0396565,Lung excision,alias,0.0,"[""T061""]"
3798,Lung Transplant,C0024128,Lung Transplantation,alias,0.0,"[""T061""]"
3799,Lung Volume Reduction Surgery,C0524689,Lung Volume Reduction (procedure),alias,0.0,"[""T061""]"
3801,Lupus Nephritis,C0024143,Lupus Nephritis,alias,0.0,"[""T047""]"
3802,Lupus Panniculitis,C0030327,"Panniculitis, Lupus Erythematosus",alias,0.0,"[""T047""]"
3804,Luteal Phase Deficiency,C0404576,Luteal phase defect,alias,0.0,"[""T046""]"
3805,Lung Disease,C0024115,Lung diseases,alias,0.0,"[""T047""]"
3806,Lung Infiltrate,C0235896,Pulmonary Infiltrate,alias,0.0,"[""T033""]"
3807,Lung Injury,C0273115,Lung Injury,alias,0.0,"[""T037""]"
3810,Lung Mass,C0149726,Lung mass,alias,0.0,"[""T033""]"
3811,Lung Metastasis,C0153676,Secondary malignant neoplasm of lung,alias,0.0,"[""T191""]"
3812,Lumpectomy,C0851238,Lumpectomy of breast,alias,0.0,"[""T061""]"
3814,Lung Abscess,C0024110,Lung Abscess,alias,0.0,"[""T047""]"
3815,Lung Cancer,C0242379,Malignant neoplasm of lung,alias,0.0,"[""T191""]"
3817,Lung Cancer Screening,C0281477,Screening for malignant neoplasm of lung,alias,0.0,"[""T060""]"
3818,Lung Contusion,C0347625,Contusion of lung,alias,0.0,"[""T037""]"
3819,Lung Cyst,C0546483,Lung cyst,alias,0.0,"[""T190""]"
3825,Lumbosacral Radiculopathy,C0154738,Lumbosacral radiculopathy,alias,0.0,"[""T047""]"
3826,Lump In Throat,C0847554,lump in throat,alias,0.0,"[""T184""]"
3829,Lumbar Spinal Stenosis,C0158288,Spinal stenosis of lumbar region,alias,0.0,"[""T047""]"
3832,Lumbar Spine Fusion,C0186045,Lumbar spinal fusion,alias,0.0,"[""T061""]"
3833,Lumbar Spine Injury,C0432668,Injury of lumbar spine,alias,0.0,"[""T037""]"
3838,Lown Ganong Levine Syndrome,C0024054,Lown-Ganong-Levine Syndrome,alias,0.0,"[""T047""]"
3839,Ludwig Angina,C0024081,Ludwig's Angina,alias,0.0,"[""T047""]"
3840,Lumbar Disc Disease,C0221775,Lumbar disc disease,alias,0.0,"[""T047""]"
3842,Low T3,C1295669,Decreased triiodothyronine level,alias,0.0,"[""T033""]"
3843,Low T4,C0020676,Hypothyroidism,alias,0.0,"[""T047""]"
3845,Lower Back Injury,C0560632,Lower back injury,alias,0.0,"[""T037""]"
3846,Lower Back Pain,C0024031,Low Back Pain,alias,0.0,"[""T184""]"
3851,Low Grade Astrocytoma,C1314694,"Astrocytoma, low grade",alias,0.0,"[""T191""]"
3852,Low Grade Fibromyxoid Sarcoma,C1275282,Low-grade fibromyxoid sarcoma,alias,0.0,"[""T191""]"
3853,Low Grade Myofibroblastic Sarcoma,C1708751,Low grade myofibroblastic sarcoma,alias,0.0,"[""T191""]"
3855,Low Residue Diet,C0425404,Low residue diet,alias,0.0,"[""T061""]"
3858,Lordosis,C0024003,Lordosis,alias,0.0,"[""T047""]"
3859,Loss Of Consciousness,C0041657,Unconscious State,alias,0.0,"[""T033""]"
3860,Low Anterior Resection,C3814448,Low Anterior Resection,alias,0.0,"[""T061""]"
3862,Low Blood Sugar,C0020615,Hypoglycemia,alias,0.0,"[""T047""]"
3863,Long Term Care,C1547194,Organization unit type - Long Term Care,alias,0.0,"[""T093""]"
3865,Loop Electrosurgical Excision Procedure,C0184930,Loop electrosurgical excision procedure,alias,0.0,"[""T061""]"
3871,Localized Scleroderma,C0036420,Localized scleroderma,alias,0.0,"[""T047""]"
3873,Locking Knee,C0231753,Knee locking,alias,0.0,"[""T184""]"
3874,Loeys Dietz Syndrome,C2697932,Loeys-Dietz Syndrome,alias,0.0,"[""T047""]"
3875,Loiasis,C0023968,Loiasis,alias,0.0,"[""T047""]"
3877,Long Qt Syndrome,C0023976,Long QT Syndrome,alias,0.0,"[""T047""]"
3881,Lobar Atrophy Of Brain,C0236642,Pick Disease of the Brain,alias,0.0,"[""T047""]"
3884,Lobular Neoplasia,C0861352,Lobular Neoplasia,alias,0.0,"[""T191""]"
3887,Liver Failure,C0085605,Liver Failure,alias,0.0,"[""T047""]"
3888,Liver Hemangioma,C0238246,Hemangioma of liver,alias,0.0,"[""T191""]"
3889,Liver Mass,C0240225,Liver mass,alias,0.0,"[""T033""]"
3890,Liver Metastases,C0494165,Secondary malignant neoplasm of liver,alias,0.0,"[""T191""]"
3891,Liver Spots,C0036651,Solar lentigo,alias,0.0,"[""T047""]"
3892,Liver Surgery,C0193373,Operation on liver,alias,0.0,"[""T061""]"
3893,Liver Transplant,C0023911,Transplantation of liver,alias,0.0,"[""T061""]"
3894,Livedo Reticularis,C0085642,Livedo Reticularis,alias,0.0,"[""T047""]"
3895,Livedoid Vasculopathy,C0343081,Livedoid vasculitis,alias,0.0,"[""T047""]"
3896,Liver Abscess,C0023885,Liver Abscess,alias,0.0,"[""T047""]"
3897,Liver Biopsy,C0193388,Biopsy of liver (procedure),alias,0.0,"[""T060""]"
3898,Liver Cancer,C0345904,Malignant neoplasm of liver,alias,0.0,"[""T191""]"
3900,Liver Disease,C0023895,Liver diseases,alias,0.0,"[""T047""]"
3903,Lisch Nodule,C1860334,Lisch nodules,alias,0.0,"[""T033""]"
3905,Lissencephaly,C0266463,Lissencephaly,alias,0.0,"[""T019""]"
3906,Listeriosis,C0023860,Listeriosis,alias,0.0,"[""T047""]"
3918,Lipomas,C0023798,Lipoma,alias,0.0,"[""T191""]"
3919,Lipomeningocele,C0431344,Lipomeningocele,alias,0.0,"[""T019""]"
3920,Lipomyelomeningocele,C1836022,Lipomyelomeningocele,alias,0.0,"[""T019""]"
3921,Liposarcoma,C0023827,liposarcoma,alias,0.0,"[""T191""]"
3922,Liposuction,C0038640,Suction Lipectomy,alias,0.0,"[""T061""]"
3926,Lip Numbness,C0877197,numb lips,alias,0.0,"[""T184""]"
3928,Lip Swelling,C0240211,Lip swelling,alias,0.0,"[""T184""]"
3929,Lipectomy,C0023765,Lipectomy,alias,0.0,"[""T061""]"
3930,Lipedema,C0398370,Lipedema,alias,0.0,"[""T047""]"
3933,Lipodystrophy,C0023787,Lipodystrophy,alias,0.0,"[""T047""]"
3934,Linear Nevus Sebaceous Syndrome,C4552097,Nevus Sebaceus of Jadassohn,alias,0.0,"[""T047""]"
3939,Lip Disease,C0023760,Lip Diseases,alias,0.0,"[""T047""]"
3942,Limb Girdle Muscular Dystrophy,C0686353,"Muscular Dystrophies, Limb-Girdle",alias,0.0,"[""T047""]"
3945,Limb Salvage,C0949591,Limb Salvage,alias,0.0,"[""T061""]"
3947,Limp,C0311395,Lameness,alias,0.0,"[""T033""]"
3951,Ligament Injury,C0435001,Ligament injury,alias,0.0,"[""T037""]"
3952,Ligament Tear,C0262538,Ligament rupture,alias,0.0,"[""T037""]"
3957,Lichen Planus,C0023646,Lichen Planus,alias,0.0,"[""T047""]"
3958,Lichen Sclerosus,C0023652,Lichen Sclerosus et Atrophicus,alias,0.0,"[""T047""]"
3961,Lichen Simplex,C0149922,Lichen Simplex Chronicus,alias,0.0,"[""T047""]"
3963,Liddle Syndrome,C0221043,Liddle Syndrome,alias,0.0,"[""T047""]"
3968,Lhermitte Duclos Disease,C0391826,Lhermitte-Duclos disease,alias,0.0,"[""T191""]"
3969,Li Fraumeni Syndrome,C0085390,Li-Fraumeni Syndrome,alias,0.0,"[""T047""]"
3970,Lice,C0030756,Lice Infestations,alias,0.0,"[""T047""]"
3971,Lichen Nitidus,C0162849,Lichen Nitidus,alias,0.0,"[""T047""]"
3972,Lethargy,C0023380,Lethargy,alias,0.0,"[""T184""]"
3973,Leukemia,C0023418,leukemia,alias,0.0,"[""T191""]"
3975,Leukodystrophy,C0023520,Leukodystrophy,alias,0.0,"[""T047""]"
3976,Leukopenia,C0023530,Leukopenia,alias,0.0,"[""T047""]"
3977,Leukoplakia,C0023531,Leukoplakia,alias,0.0,"[""T191""]"
3978,Lewy Body Dementia,C0752347,Lewy Body Disease,alias,0.0,"[""T047""]"
3979,Leptospirosis,C0023364,Leptospirosis,alias,0.0,"[""T047""]"
3980,Leriche Syndrome,C0023370,Leriche Syndrome,alias,0.0,"[""T047""]"
3981,Lesion Of Ulnar Nerve,C1288279,Lesion of ulnar nerve,alias,0.0,"[""T047""]"
3988,Leishmaniasis,C0023281,Leishmaniasis,alias,0.0,"[""T047""]"
3989,Lennox Gastaut Syndrome,C0238111,Lennox-Gastaut syndrome,alias,0.0,"[""T047""]"
3990,Lentigo,C0023321,Lentigo,alias,0.0,"[""T047""]"
3991,Leprosy,C0023343,Leprosy,alias,0.0,"[""T047""]"
3992,Leptomeningeal Carcinomatosis,C0220654,Meningeal Carcinomatosis,alias,0.0,"[""T191""]"
3994,Leptomeningeal Metastases,C1704231,Metastatic Malignant Neoplasm to the Leptomeninges,alias,0.0,"[""T191""]"
3995,Leg Ulcers,C0023223,Leg Ulcer,alias,0.0,"[""T047""]"
3996,Leg Weakness,C0427068,Monoparesis of lower limb,alias,0.0,"[""T033""]"
3997,Legal Blindness,C0271215,"Blindness, Legal",alias,0.0,"[""T047""]"
3998,Legionnaires Disease,C0023241,Legionnaires' Disease,alias,0.0,"[""T047""]"
3999,Leighs Disease,C0023264,Leigh Disease,alias,0.0,"[""T047""]"
4000,Leiomyoma,C0042133,Uterine Fibroids,alias,0.0,"[""T191""]"
4002,Leiomyosarcoma,C0023269,leiomyosarcoma,alias,0.0,"[""T191""]"
4003,Leg Cramps,C0023218,Leg cramps,alias,0.0,"[""T184""]"
4005,Leg Fracture,C1542178,Fracture of lower leg,alias,0.0,"[""T037""]"
4006,Leg Injury,C0023220,Leg Injuries,alias,0.0,"[""T037""]"
4007,Leg Length Discrepancy,C0023221,Leg Length Inequality,alias,0.0,"[""T033""]"
4009,Leg Numbness,C0857160,leg numbness,alias,0.0,"[""T184""]"
4010,Leg Pain,C0023222,Pain in lower limb,alias,0.0,"[""T184""]"
4011,Leber Congenital Amaurosis,C0339527,Leber Congenital Amaurosis,alias,0.0,"[""T047""]"
4013,Left Atrial Appendage Closure,C4759306,Left atrial appendage closure,alias,0.0,"[""T061""]"
4014,Left Bundle Branch Block,C0023211,Left Bundle-Branch Block,alias,0.0,"[""T047""]"
4015,Left Heart Failure,C0023212,Left-Sided Heart Failure,alias,0.0,"[""T047""]"
4016,Left Upper Quadrant Pain,C0238552,Left upper quadrant pain,alias,0.0,"[""T184""]"
4017,Left Ventricular Dysfunction,C0242698,"Ventricular Dysfunction, Left",alias,0.0,"[""T046""]"
4018,Left Ventricular Hypertrophy,C0149721,Left Ventricular Hypertrophy,alias,0.0,"[""T047""]"
4019,Latex Allergy,C0577628,Latex allergy,alias,0.0,"[""T046""]"
4022,Lazy Eye,C0422955,Lazy Eye,alias,0.0,"[""T047""]"
4023,Lead Extraction,C2825185,Lead Extraction,alias,0.0,"[""T061""]"
4025,Learning Disabilities,C0751265,Learning Disabilities,alias,0.0,"[""T048""]"
4026,Learning Disorders,C0023186,Learning Disorders,alias,0.0,"[""T048""]"
4028,Late Effects Of Poliomyelitis,C0362050,Late effects of poliomyelitis,alias,0.0,"[""T046""]"
4029,Latent Tuberculosis,C1609538,Latent Tuberculosis,alias,0.0,"[""T047""]"
4034,Lateral Epicondylitis,C0039516,Tennis Elbow,alias,0.0,"[""T047""]"
4039,Laser Vision Correction,C4763920,Laser Vision Correction,alias,0.0,"[""T061""]"
4041,Lassa Fever,C0023092,Lassa Fever,alias,0.0,"[""T047""]"
4047,Laser Hair Removal,C0587210,Laser removal of hair,alias,0.0,"[""T061""]"
4048,Laser Interstitial Thermal Therapy,C2346650,Laser Interstitial Thermal Therapy,alias,0.0,"[""T061""]"
4051,Laryngomalacia,C0264303,Laryngomalacia,alias,0.0,"[""T190""]"
4052,Laryngopharyngeal Reflux,C1168250,Laryngopharyngeal Reflux,alias,0.0,"[""T047""]"
4053,Laryngoscopy,C0023072,Laryngoscopy,alias,0.0,"[""T060""]"
4054,Laryngospasm,C0023066,Laryngospasm,alias,0.0,"[""T047""]"
4055,Laryngotracheitis,C0023076,Laryngotracheitis,alias,0.0,"[""T047""]"
4056,Laryngotracheoplasty,C0396375,Laryngotracheoplasty,alias,0.0,"[""T061""]"
4057,Laser Angioplasty,C0078950,"Angioplasty, Laser",alias,0.0,"[""T061""]"
4060,Laryngeal Leukoplakia,C0392050,Leukoplakia of larynx,alias,0.0,"[""T047""]"
4061,Laryngeal Papillomatosis,C0396072,Laryngeal papillomatosis,alias,0.0,"[""T191""]"
4062,Laryngeal Polyps,C0238232,Polyp of larynx,alias,0.0,"[""T047""]"
4063,Laryngeal Stenosis,C0023075,Laryngostenosis,alias,0.0,"[""T047""]"
4064,Laryngectomy,C0023065,Laryngectomy,alias,0.0,"[""T061""]"
4065,Laryngitis,C0023067,Laryngitis,alias,0.0,"[""T047""]"
4066,Laryngocele,C0472522,Acquired laryngocele,alias,0.0,"[""T047""]"
4069,Laryngeal Cancer,C0595989,Carcinoma of larynx,alias,0.0,"[""T191""]"
4070,Laryngeal Cleft,C1840311,Laryngeal cleft,alias,0.0,"[""T019""]"
4072,Laryngeal Dysplasia,C0585955,Dysplasia of larynx,alias,0.0,"[""T047""]"
4074,Laryngeal Edema,C0023052,Laryngeal Edema,alias,0.0,"[""T046""]"
4076,Laparoscopy,C0031150,Laparoscopy,alias,0.0,"[""T060""]"
4082,Large For Gestational Age,C1848395,Large for gestational age,alias,0.0,"[""T033""]"
4083,Large Granular Lymphocytic Leukemia,C1955861,T-Cell Large Granular Lymphocyte Leukemia,alias,0.0,"[""T191""]"
4105,Laparoscopic Radical Prostatectomy,C5236966,Laparoscopic Radical Prostatectomy,alias,0.0,"[""T061""]"
4115,Laparoscopic Myomectomy,C2111517,laparoscopic myomectomy,alias,0.0,"[""T061""]"
4116,Laparoscopic Fundoplication,C0521257,Laparoscopic fundoplication,alias,0.0,"[""T061""]"
4122,Laparoscopic Hysterectomy,C0404089,Laparoscopic hysterectomy,alias,0.0,"[""T061""]"
4123,Laparoscopic Cholecystectomy,C0162522,"Cholecystectomy, Laparoscopic",alias,0.0,"[""T061""]"
4124,Laparoscopic Colectomy,C1517722,Laparoscopic Colectomy,alias,0.0,"[""T061""]"
4131,Landau Kleffner Syndrome,C0282512,Landau-Kleffner Syndrome,alias,0.0,"[""T047""]"
4132,Langerhans Cell Histiocytosis,C0019621,"Histiocytosis, Langerhans-Cell",alias,0.0,"[""T191""]"
4134,Laparoscopic Adrenalectomy,C0521267,Laparoscopic adrenalectomy (procedure),alias,0.0,"[""T061""]"
4136,Laparoscopic Appendectomy,C0372525,Laparoscopic appendectomy,alias,0.0,"[""T061""]"
4141,Lactose Intolerance,C0022951,Lactose Intolerance,alias,0.0,"[""T047""]"
4142,Lacunar Stroke,C3178801,"Stroke, Lacunar",alias,0.0,"[""T047""]"
4143,Ladd Procedure,C0399797,Correction of malrotation of intestine,alias,0.0,"[""T061""]"
4144,Lagophthalmos,C0152226,Lagophthalmos,alias,0.0,"[""T047""]"
4145,Lambert Eaton Syndrome,C0022972,Lambert-Eaton Myasthenic Syndrome,alias,0.0,"[""T047""]"
4146,Laminectomy,C0022983,Laminectomy,alias,0.0,"[""T061""]"
4147,Laminoplasty,C1535956,Laminoplasty,alias,0.0,"[""T061""]"
4148,Lacrimal Apparatus Diseases,C0022904,Lacrimal Apparatus Diseases,alias,0.0,"[""T047""]"
4150,Lacrimal Canaliculitis,C0423172,Canaliculitis,alias,0.0,"[""T047""]"
4155,Lactation Disorders,C0022927,Lactation Disorder,alias,0.0,"[""T047""]"
4156,Labial Adhesions,C0240140,Labial adhesions,alias,0.0,"[""T033""]"
4159,Labor And Delivery,C1546400,Encounter Admission Source - labor and delivery,alias,0.0,"[""T033""]"
4160,Labyrinthitis,C0022890,Labyrinthine disorder,alias,0.0,"[""T047""]"
4161,Laceration,C0043246,Laceration,alias,0.0,"[""T037""]"
4166,Kwashiorkor,C0022806,Kwashiorkor,alias,0.0,"[""T047""]"
4167,Kyphoplasty,C1455863,Kyphoplasty,alias,0.0,"[""T061""]"
4168,Kyphosis,C0022821,Kyphosis deformity of spine,alias,0.0,"[""T190""]"
4170,Lab Services,C5423124,"Purchased Services, Consulting, Clinical, Laboratory",alias,0.0,"[""T057""]"
4175,Knee Sprain,C0272891,Knee sprain,alias,0.0,"[""T037""]"
4177,Knee Strain,C0745576,Strain of knee,alias,0.0,"[""T037""]"
4178,Knee Surgery,C0187769,Operative procedure on knee,alias,0.0,"[""T061""]"
4180,Knee Injury,C0022744,Knee Injuries,alias,0.0,"[""T037""]"
4181,Knee Instability,C0427262,Unstable knee,alias,0.0,"[""T033""]"
4185,Knee Osteoarthritis,C0409959,"Osteoarthritis, Knee",alias,0.0,"[""T047""]"
4186,Knee Pain,C0231749,Knee pain,alias,0.0,"[""T184""]"
4189,Knee Dislocation,C0159970,Knee Dislocation,alias,0.0,"[""T037""]"
4190,Knee Fracture,C5671288,Knee Fractures,alias,0.0,"[""T037""]"
4191,Knee Fusion,C0188172,Arthrodesis of knee,alias,0.0,"[""T061""]"
4194,Knee Injection,C0187946,Injection of knee joint,alias,0.0,"[""T061""]"
4195,Klinefelter Syndrome,C0022735,Klinefelter Syndrome,alias,0.0,"[""T047""]"
4196,Klippel Feil Syndrome,C0022738,Klippel-Feil Syndrome,alias,0.0,"[""T047""]"
4197,Klippel Trenaunay Syndrome,C0022739,Klippel-Trenaunay-Weber Syndrome,alias,0.0,"[""T047""]"
4198,Klumpke Palsy,C0270898,Klumpke Paralysis,alias,0.0,"[""T047""]"
4199,Knee Arthroplasty,C0086511,Knee Replacement Arthroplasty,alias,0.0,"[""T061""]"
4201,Knee Click,C0427282,Clicking knee,alias,0.0,"[""T033""]"
4202,Kidney Stone,C0022650,Kidney Calculi,alias,0.0,"[""T047""]"
4203,Kidney Surgery,C0194053,Kidney operation,alias,0.0,"[""T061""]"
4204,Kidney Transplant,C0022671,Kidney Transplantation,alias,0.0,"[""T061""]"
4207,Kidney Transplant Rejection,C0238217,Renal transplant rejection,alias,0.0,"[""T046""]"
4209,Kinetic Tremor,C0234376,Action Tremor,alias,0.0,"[""T184""]"
4210,Kidney Cancer,C1378703,Renal carcinoma,alias,0.0,"[""T191""]"
4213,Kidney Disease,C0022658,Kidney Diseases,alias,0.0,"[""T047""]"
4214,Kidney Dysplasia,C3536714,Renal dysplasia,alias,0.0,"[""T019""]"
4215,Kidney Malformation,C0266292,Congenital anomaly of the kidney,alias,0.0,"[""T019""]"
4216,Kidney Problem,C0812426,Kidney problem,alias,0.0,"[""T184""]"
4217,Keratoplasty,C0010042,Keratoplasty,alias,0.0,"[""T061""]"
4218,Keratoprosthesis,C0176217,Keratoprosthesis procedure,alias,0.0,"[""T061""]"
4219,Keratosis Pilaris,C0263383,Keratosis pilaris,alias,0.0,"[""T047""]"
4220,Keratotomy,C0197405,Incision of cornea (procedure),alias,0.0,"[""T061""]"
4221,Kerion,C0276742,Kerion celsi,alias,0.0,"[""T047""]"
4223,Keratoconus,C0022578,Keratoconus,alias,0.0,"[""T047""]"
4224,Keratoderma,C0022579,Keratoderma,alias,0.0,"[""T019""]"
4225,Keratoglobus,C0344530,Congenital keratoglobus,alias,0.0,"[""T019""]"
4226,Keratomalacia,C0152455,Keratomalacia,alias,0.0,"[""T047""]"
4227,Keratometer,C0182044,Keratometer,alias,0.0,"[""T074""]"
4228,Keratomileusis,C0339022,Keratomileusis,alias,0.0,"[""T061""]"
4229,Keratopathy,C0235270,Keratopathy,alias,0.0,"[""T047""]"
4230,Kawasaki Disease,C0026691,Mucocutaneous Lymph Node Syndrome,alias,0.0,"[""T047""]"
4231,Kearns Sayre Syndrome,C0022541,Kearns-Sayre syndrome,alias,0.0,"[""T047""]"
4232,Keloid,C0022548,Keloid,alias,0.0,"[""T020""]"
4234,Keratin Cyst,C0014511,Epithelial cyst,alias,0.0,"[""T190""]"
4235,Keratitis,C0022568,Keratitis,alias,0.0,"[""T047""]"
4236,Keratoacanthoma,C0022572,keratoacanthoma,alias,0.0,"[""T191""]"
4237,Keratoconjunctivitis,C0022573,Keratoconjunctivitis,alias,0.0,"[""T047""]"
4238,Juvenile Spinal Muscular Atrophy,C0152109,Juvenile Spinal Muscular Atrophy,alias,0.0,"[""T047""]"
4239,Juvenile Xanthogranuloma,C0043324,Juvenile Xanthogranuloma,alias,0.0,"[""T191""]"
4240,Kabuki Syndrome,C0796004,Kabuki make-up syndrome,alias,0.0,"[""T019""]"
4241,Kallmann Syndrome,C0162809,Kallmann Syndrome,alias,0.0,"[""T047""]"
4242,Kaposi Sarcoma,C0036220,Kaposi Sarcoma,alias,0.0,"[""T191""]"
4243,Kaposiform Hemangioendothelioma,C1367420,Kaposiform Hemangioendothelioma,alias,0.0,"[""T191""]"
4245,Juvenile Dermatomyositis,C0263666,"Dermatomyositis, Childhood Type",alias,0.0,"[""T047""]"
4246,Juvenile Diabetes,C0011854,"Diabetes Mellitus, Insulin-Dependent",alias,0.0,"[""T047""]"
4247,Juvenile Myelomonocytic Leukemia,C0349639,Juvenile Myelomonocytic Leukemia,alias,0.0,"[""T191""]"
4248,Juvenile Myoclonic Epilepsy,C0270853,Juvenile Myoclonic Epilepsy,alias,0.0,"[""T047""]"
4249,Juvenile Osteochondrosis,C0729346,Osteochondritis juvenilis,alias,0.0,"[""T047""]"
4251,Juvenile Polyposis Syndrome,C0345893,Juvenile polyposis syndrome,alias,0.0,"[""T191""]"
4258,Juvenile Arthritis,C3495559,Juvenile arthritis,alias,0.0,"[""T047""]"
4261,Joint Sprain,C0434437,Joint sprain,alias,0.0,"[""T037""]"
4262,Joint Stiffness,C4085642,Level of Joint Stiffness,alias,0.0,"[""T170""]"
4265,Joint Swelling,C0152031,Joint swelling,alias,0.0,"[""T033""]"
4268,Joint Effusion,C1253936,Hydrarthrosis,alias,0.0,"[""T046""]"
4269,Joint Infection,C0157749,Arthropathy associated with infection,alias,0.0,"[""T047""]"
4270,Joint Injection,C0021488,Intra-Articular Injections,alias,0.0,"[""T061""]"
4273,Joint Replacement,C0185317,"Arthroplasty, Replacement",alias,0.0,"[""T061""]"
4275,Joint Revision,C0035394,"Revision, Joint",alias,0.0,"[""T061""]"
4276,Job Syndrome,C3887645,Job Syndrome,alias,0.0,"[""T047""]"
4277,Joint Aspiration,C0204854,Arthrocentesis,alias,0.0,"[""T061""]"
4279,Joint Crepitus,C0231592,Joint crepitus,alias,0.0,"[""T184""]"
4281,Joint Disease,C0022408,Arthropathy,alias,0.0,"[""T047""]"
4282,Joint Dislocation,C0012691,Dislocations,alias,0.0,"[""T037""]"
4285,Jaw Pain,C0236000,Jaw pain,alias,0.0,"[""T184""]"
4287,Jaw Surgery,C0407713,Jaw Surgery,alias,0.0,"[""T061""]"
4288,Jc Virus,C0022369,JC Virus,alias,0.0,"[""T005""]"
4292,Jaw Cyst,C0022361,Jaw Cysts,alias,0.0,"[""T020""]"
4294,Jaw Fracture,C0022363,Jaw Fractures,alias,0.0,"[""T037""]"
4297,Jaw Injury,C3714622,Jaw injury,alias,0.0,"[""T037""]"
4301,Japanese Encephalitis,C0014057,Japanese Encephalitis,alias,0.0,"[""T047""]"
4302,Japanese Encephalitis Vaccination,C1282361,Administration of Japanese encephalitis vaccine,alias,0.0,"[""T061""]"
4303,Jaundice,C0022346,Icterus,alias,0.0,"[""T184""]"
4305,Jaw Cancer,C0751255,Cancer of Jaw,alias,0.0,"[""T191""]"
4308,Isolated Limb Infusion,C0396670,Isolated limb perfusion,alias,0.0,"[""T061""]"
4309,Isotretinoin,C0022265,isotretinoin,alias,0.0,"[""T109"", ""T121""]"
4310,Itchy Ear,C0849907,Itching of ear,alias,0.0,"[""T184""]"
4311,Itchy Eyes,C0022281,Itching of eye,alias,0.0,"[""T184""]"
4313,Ischemic Nephropathy,C2721575,Ischemic nephropathy,alias,0.0,"[""T047""]"
4315,Ischemic Stroke,C0948008,Ischemic stroke,alias,0.0,"[""T047""]"
4316,Islet Cell Hyperplasia,C0027773,Nesidioblastosis,alias,0.0,"[""T047""]"
4317,Islet Cell Transplant,C0079646,Islets of Langerhans Transplantation,alias,0.0,"[""T061""]"
4318,Islet Cell Tumor,C0242363,Islet Cell Tumor,alias,0.0,"[""T191""]"
4320,Iron Deficiency Anemia,C0162316,Iron deficiency anemia,alias,0.0,"[""T047""]"
4321,Irregular Menstruation,C0156404,Irregular Menstruation,alias,0.0,"[""T033""]"
4323,Irritability,C2700617,Irritation - emotion,alias,0.0,"[""T041""]"
4324,Irritable Bowel Syndrome,C0022104,Irritable Bowel Syndrome,alias,0.0,"[""T047""]"
4325,Ischemic Cardiomyopathy,C0349782,Ischemic cardiomyopathy,alias,0.0,"[""T047""]"
4326,Ischemic Colitis,C0162529,"Colitis, Ischemic",alias,0.0,"[""T047""]"
4327,Ipex Syndrome,C0342288,Insulin-dependent diabetes mellitus secretory diarrhea syndrome,alias,0.0,"[""T047""]"
4328,Iridocyclitis,C0022073,Iridocyclitis,alias,0.0,"[""T047""]"
4329,Iridoplasty,C0197611,Repair of iris,alias,0.0,"[""T061""]"
4330,Iridotomy,C1533613,Iridotomy (procedure),alias,0.0,"[""T061""]"
4333,Iritis,C0022081,Iritis,alias,0.0,"[""T047""]"
4334,Invasive Breast Cancer,C0853879,Invasive carcinoma of breast,alias,0.0,"[""T191""]"
4335,Invasive Ductal Carcinoma,C1134719,Invasive Ductal Breast Carcinoma,alias,0.0,"[""T191""]"
4337,Invasive Lobular Carcinoma,C0279565,Invasive Lobular Breast Carcinoma,alias,0.0,"[""T191""]"
4339,Iodine Allergy,C0571818,iodine allergy,alias,0.0,"[""T047""]"
4341,Intrauterine Insemination,C0546824,Intrauterine artificial insemination,alias,0.0,"[""T061""]"
4342,Intravascular Ultrasound,C1456025,Intravascular ultrasound,alias,0.0,"[""T060""]"
4345,Intravesical Chemotherapy,C4733081,intravesical chemotherapy,alias,0.0,"[""T061""]"
4346,Intussusception,C0021933,Intussusception,alias,0.0,"[""T047""]"
4347,Intrathecal Chemotherapy,C1517560,Intrathecal Chemotherapy,alias,0.0,"[""T061""]"
4353,Intraocular Lenses,C0023311,intraocular lens implantation procedure,alias,0.0,"[""T061""]"
4355,Intraoperative Radiation Therapy,C0338240,Intraoperative Radiation Therapy,alias,0.0,"[""T061""]"
4363,Intramuscular Myxoma,C1334260,Intramuscular Myxoma,alias,0.0,"[""T191""]"
4364,Intraocular Lens Dislocation,C0948292,Intraocular Lens Dislocation,alias,0.0,"[""T033""]"
4366,Intraocular Lens Implant,C0023311,intraocular lens implantation procedure,alias,0.0,"[""T061""]"
4367,Intracranial Hypertension,C0151740,Intracranial Hypertension,alias,0.0,"[""T033""]"
4368,Intracranial Hypotension,C0524812,Intracranial Hypotension,alias,0.0,"[""T047""]"
4371,Intractable Constipation,C0221152,Obstipation,alias,0.0,"[""T047""]"
4372,Intractable Pain,C0030200,"Pain, Intractable",alias,0.0,"[""T184""]"
4373,Intractable Vomiting,C0750323,Intractable vomiting,alias,0.0,"[""T184""]"
4374,Intracytoplasmic Sperm Injection,C0455164,"Sperm Injections, Intracytoplasmic",alias,0.0,"[""T061""]"
4375,Intracranial Abscess,C0021874,Intracranial abscess,alias,0.0,"[""T047""]"
4380,Intracranial Hemangioma,C0154050,Hemangioma of intracranial structure,alias,0.0,"[""T191""]"
4381,Intracranial Hemorrhage,C0151699,Intracranial Hemorrhage,alias,0.0,"[""T046""]"
4382,Intestinal Obstruction,C0021843,Intestinal Obstruction,alias,0.0,"[""T047""]"
4383,Intestinal Volvulus,C0042961,Intestinal Volvulus,alias,0.0,"[""T047""]"
4384,Intimal Sarcoma,C1708550,Intimal sarcoma,alias,0.0,"[""T191""]"
4386,Intra Aortic Balloon Pump,C0021860,Intra-Aortic Balloon Pumping,alias,0.0,"[""T061""]"
4393,Intestinal Atresia,C0021828,Intestinal Atresia,alias,0.0,"[""T047""]"
4395,Intestinal Carcinoid Tumor,C0349535,Carcinoid tumor of intestine,alias,0.0,"[""T191""]"
4397,Intestinal Fistula,C0021833,Intestinal Fistula,alias,0.0,"[""T190""]"
4398,Intestinal Infarction,C0241950,bowel infarction,alias,0.0,"[""T047""]"
4402,Interstitial Cystitis,C0282488,Interstitial Cystitis,alias,0.0,"[""T047""]"
4403,Interstitial Emphysema,C1370824,Interstitial emphysema,alias,0.0,"[""T047""]"
4404,Interstitial Lung Disease,C0206062,"Lung Diseases, Interstitial",alias,0.0,"[""T047""]"
4405,Interstitial Pneumonia,C0206061,"Pneumonia, Interstitial",alias,0.0,"[""T047""]"
4406,Intertrigo,C0021807,Intertrigo,alias,0.0,"[""T047""]"
4407,Internal Fixation,C0016642,"Fracture Fixation, Internal",alias,0.0,"[""T061""]"
4408,Internal Hernia,C5241299,Internal Hernia,alias,0.0,"[""T190""]"
4416,Intention Tremor,C0234376,Action Tremor,alias,0.0,"[""T184""]"
4417,Intercostal Nerve Block,C0196716,Local anesthetic intercostal nerve block,alias,0.0,"[""T061""]"
4419,Intermediate Uveitis,C0042166,"Uveitis, Intermediate",alias,0.0,"[""T047""]"
4420,Intermittent Cerebral Ischemia,C0917805,Transient Cerebral Ischemia,alias,0.0,"[""T047""]"
4421,Intermittent Tremor,C0234372,Intermittent Tremor,alias,0.0,"[""T184""]"
4424,Insufficiency Fracture,C2350177,Insufficiency Fractures,alias,0.0,"[""T037""]"
4425,Insulin Pump,C1140609,Insulin pump,alias,0.0,"[""T074""]"
4426,Insulin Resistance,C0021655,Insulin Resistance,alias,0.0,"[""T046""]"
4428,Insulinoma,C0021670,insulinoma,alias,0.0,"[""T191""]"
4429,Integrative Psychotherapy,C0582728,Integrative psychotherapy,alias,0.0,"[""T061""]"
4430,Intellectual Disabilities,C3714756,Intellectual Disability,alias,0.0,"[""T048""]"
4438,Inguinal Hernia Repair,C0021446,Repair of inguinal hernia,alias,0.0,"[""T061""]"
4439,Inhalation Injury,C0745334,Inhalation injury,alias,0.0,"[""T037""]"
4450,Ingrown Hair,C0263492,Pili incarnati (disorder),alias,0.0,"[""T047""]"
4451,Ingrown Nail,C0027343,"Nails, Ingrown",alias,0.0,"[""T033""]"
4453,Inguinal Hernia,C0019294,"Hernia, Inguinal",alias,0.0,"[""T190""]"
4456,Inflammatory Bowel Disease,C0021390,Inflammatory Bowel Diseases,alias,0.0,"[""T047""]"
4457,Inflammatory Breast Cancer,C0278601,Inflammatory Breast Carcinoma,alias,0.0,"[""T191""]"
4458,Inflammatory Myofibroblastic Tumor,C0334121,Inflammatory Myofibroblastic Tumor,alias,0.0,"[""T191""]"
4459,Inflammatory Myopathy,C0027121,Myositis,alias,0.0,"[""T047""]"
4460,Inflammatory Polyarthropathy,C0162323,Polyarthritis,alias,0.0,"[""T047""]"
4461,Influenza,C0021400,Influenza,alias,0.0,"[""T047""]"
4462,Infectious Encephalitis,C0596773,Infectious Encephalitis,alias,0.0,"[""T047""]"
4463,Infectious Mononucleosis,C0021345,Infectious Mononucleosis,alias,0.0,"[""T047""]"
4468,Infertility,C4074771,"Sterility, Reproductive",alias,0.0,"[""T046""]"
4470,Infantile Spasms,C0037769,West Syndrome,alias,0.0,"[""T047""]"
4477,Increased Libido,C0021177,Increased Libido,alias,0.0,"[""T184""]"
4478,Increased Thirst,C0241379,Increased thirst,alias,0.0,"[""T184""]"
4480,Induction Chemotherapy,C3179010,Induction Chemotherapy,alias,0.0,"[""T061""]"
4481,Infant Botulism,C0238027,"Botulism, Infantile",alias,0.0,"[""T047""]"
4482,Infantile Hemangioma,C0206733,Strawberry nevus of skin,alias,0.0,"[""T191""]"
4483,Infantile Hemiplegia,C0392550,"Hemiplegia, Infantile",alias,0.0,"[""T047""]"
4485,Incisional Hernia,C0267716,Incisional hernia,alias,0.0,"[""T046""]"
4486,Inclusion Conjunctivitis,C0009770,Inclusion conjunctivitis,alias,0.0,"[""T047""]"
4487,Inclusion Cyst,C0259770,Epithelial inclusion cyst,alias,0.0,"[""T190""]"
4492,Increased Intracranial Pressure,C0151740,Intracranial Hypertension,alias,0.0,"[""T033""]"
4494,Inborn Errors Of Metabolism,C0025521,Inborn Errors of Metabolism,alias,0.0,"[""T047""]"
4495,Incarcerated Hernia,C0740406,Incarcerated hernia,alias,0.0,"[""T020""]"
4497,Incision And Drainage,C0152277,Incision and drainage,alias,0.0,"[""T061""]"
4505,In Toeing,C4082169,Metatarsus Varus,alias,0.0,"[""T190""]"
4507,In Vitro Fertilization,C0015915,Fertilization in Vitro,alias,0.0,"[""T061""]"
4509,Impetigo,C0021099,Impetigo,alias,0.0,"[""T047""]"
4514,Implantable Defibrillator,C0162589,Implantable defibrillator,alias,0.0,"[""T074""]"
4520,Imperforate Anus,C0003466,"Anus, Imperforate",alias,0.0,"[""T019""]"
4522,Imperforate Hymen,C0152436,"Hymen, Imperforate",alias,0.0,"[""T019""]"
4524,Immune Deficiency,C0021051,Immunologic Deficiency Syndromes,alias,0.0,"[""T047""]"
4528,Immunogenetics,C0021005,Immunogenetics,alias,0.0,"[""T091""]"
4531,Impacted Cerumen,C0021092,Impacted cerumen,alias,0.0,"[""T033""]"
4538,Image Guided Radiation Therapy,C3179062,"Radiotherapy, Image-Guided",alias,0.0,"[""T061""]"
4539,Immature Teratoma,C0334520,"Teratoma, Malignant",alias,0.0,"[""T191""]"
4542,Ileoscopy,C0192700,Endoscopy of ileum,alias,0.0,"[""T060""]"
4543,Ileostomy,C0020883,Creation of ileostomy,alias,0.0,"[""T061""]"
4544,Iliac Aneurysm,C0162870,Iliac Aneurysm,alias,0.0,"[""T190""]"
4550,Igg Subclass Deficiency,C0162539,IgG Deficiency disorder,alias,0.0,"[""T047""]"
4552,Ileal Conduit,C0348002,Ileal conduit procedure,alias,0.0,"[""T061""]"
4554,Ileitis,C0020877,Ileitis,alias,0.0,"[""T047""]"
4556,Idiopathic Hypertrophic Subaortic Stenosis,C3495498,"Cardiomyopathy, Familial Hypertrophic, 1 (disorder)",alias,0.0,"[""T047""]"
4557,Idiopathic Megacolon,C0025160,Megacolon,alias,0.0,"[""T046""]"
4560,Idiopathic Thrombocytopenic Purpura,C0398650,Immune thrombocytopenic purpura,alias,0.0,"[""T047""]"
4561,Iga Nephropathy,C0017661,IGA Glomerulonephritis,alias,0.0,"[""T047""]"
4563,Hypoxia,C0242184,Hypoxia,alias,0.0,"[""T046""]"
4564,Hysterectomy,C0020699,Hysterectomy,alias,0.0,"[""T061""]"
4565,Hysterosalpingogram,C0020709,hysterosalpingogram,alias,0.0,"[""T060""]"
4567,Hysteroscopy,C0020710,Hysteroscopy,alias,0.0,"[""T060""]"
4569,Ichthyosis,C0020757,Ichthyoses,alias,0.0,"[""T047""]"
4571,Hypothalamic Hamartoma,C0342418,Hypothalamic hamartomas,alias,0.0,"[""T019""]"
4573,Hypothermia,C0020672,"Hypothermia, natural",alias,0.0,"[""T033""]"
4574,Hypothyroidism,C0020676,Hypothyroidism,alias,0.0,"[""T047""]"
4575,Hypotonia,C0026827,Muscle hypotonia,alias,0.0,"[""T033""]"
4578,Hypoventilation Syndrome,C0745186,hypoventilation syndrome,alias,0.0,"[""T047""]"
4579,Hypovolemia,C0546884,Hypovolemia,alias,0.0,"[""T033""]"
4580,Hypopharyngeal Cancer,C1368404,Hypopharyngeal Carcinoma,alias,0.0,"[""T191""]"
4581,Hypophosphatemia,C0085682,Hypophosphatemia,alias,0.0,"[""T047""]"
4582,Hypopigmentation,C0162835,Hypopigmentation disorder,alias,0.0,"[""T047""]"
4584,Hypopituitarism,C0020635,Hypopituitarism,alias,0.0,"[""T047""]"
4586,Hypoplastic Left Heart Syndrome,C0152101,Hypoplastic Left Heart Syndrome,alias,0.0,"[""T047""]"
4587,Hypospadias,C0848558,Hypospadias,alias,0.0,"[""T019""]"
4588,Hypoglycemia,C0020615,Hypoglycemia,alias,0.0,"[""T047""]"
4589,Hypogonadism,C0020619,Hypogonadism,alias,0.0,"[""T047""]"
4590,Hypohidrosis,C0020620,Hypohidrosis,alias,0.0,"[""T047""]"
4591,Hypokalemia,C0020621,Hypokalemia,alias,0.0,"[""T033""]"
4592,Hypomagnesemia,C0151723,Hypomagnesemia,alias,0.0,"[""T047""]"
4594,Hyponatremia,C0020625,Hyponatremia,alias,0.0,"[""T047""]"
4595,Hypoparathyroidism,C0020626,Hypoparathyroidism,alias,0.0,"[""T047""]"
4596,Hypoalbuminemia,C0239981,Hypoalbuminemia,alias,0.0,"[""T047""]"
4597,Hypocalcemia,C0020598,Hypocalcemia,alias,0.0,"[""T047""]"
4598,Hypofractionated Radiation Therapy,C1831786,Hypofractionated radiation therapy,alias,0.0,"[""T061""]"
4599,Hypogammaglobulinemia,C0086438,Hypogammaglobulinemia,alias,0.0,"[""T047""]"
4600,Hypoglossal Nerve Disease,C0152181,Hypoglossal Nerve Disorder,alias,0.0,"[""T047""]"
4601,Hypoglossal Nerve Injury,C0161411,Hypoglossal Nerve Injuries,alias,0.0,"[""T037""]"
4604,Hypertrophic Cardiomyopathy,C0007194,Hypertrophic Cardiomyopathy,alias,0.0,"[""T047""]"
4605,Hypertrophic Pyloric Stenosis,C0700639,"Pyloric Stenosis, Hypertrophic",alias,0.0,"[""T019""]"
4606,Hypertrophy Of Breast,C0020565,Hypertrophy of Breast,alias,0.0,"[""T046""]"
4607,Hypertrophy Of Kidney,C0156259,Hypertrophy of kidney,alias,0.0,"[""T047""]"
4608,Hyperuricemia,C0740394,Hyperuricemia,alias,0.0,"[""T047""]"
4609,Hypnic Headache,C0752150,Hypnic Headache,alias,0.0,"[""T047""]"
4610,Hypnotherapy,C0020587,Hypnotherapy,alias,0.0,"[""T061""]"
4613,Hypertensive Urgency,C0745138,Hypertensive urgency,alias,0.0,"[""T047""]"
4614,Hyperthermia,C0203597,hyperthermia treatment,alias,0.0,"[""T061""]"
4615,Hyperthyroidism,C0020550,Hyperthyroidism,alias,0.0,"[""T047""]"
4616,Hypertonia,C0026826,Muscle Hypertonia,alias,0.0,"[""T033""]"
4617,Hypertrichosis,C0020555,Hypertrichosis,alias,0.0,"[""T047""]"
4619,Hypertriglyceridemia,C0020557,Hypertriglyceridemia,alias,0.0,"[""T047""]"
4621,Hyperprolactinemia,C0020514,Hyperprolactinemia,alias,0.0,"[""T047""]"
4622,Hypersensitivity Pneumonitis,C0002390,Extrinsic allergic alveolitis,alias,0.0,"[""T047""]"
4624,Hypersomnia,C0917799,Hypersomnia,alias,0.0,"[""T047""]"
4625,Hypertelorism,C0020534,Orbital separation excessive,alias,0.0,"[""T033""]"
4626,Hypertension,C0020538,Hypertensive disease,alias,0.0,"[""T047""]"
4627,Hypertensive Crisis,C0020546,Hypertensive crisis,alias,0.0,"[""T046""]"
4628,Hypermobility Syndrome,C0152093,Hypermobility syndrome,alias,0.0,"[""T047""]"
4629,Hypernatremia,C0020488,Hypernatremia,alias,0.0,"[""T047""]"
4630,Hyperoxaluria,C0020500,Hyperoxaluria,alias,0.0,"[""T047""]"
4631,Hyperparathyroidism,C0020502,Hyperparathyroidism,alias,0.0,"[""T047""]"
4632,Hyperphosphatemia,C0085681,Hyperphosphatemia (disorder),alias,0.0,"[""T047""]"
4633,Hyperpigmentation,C0162834,Hyperpigmentation,alias,0.0,"[""T046""]"
4636,Hyperhidrosis,C0020458,Hyperhidrosis disorder,alias,0.0,"[""T033""]"
4639,Hyperkalemia,C0020461,Hyperkalemia,alias,0.0,"[""T033""]"
4640,Hyperkeratosis,C0870082,Hyperkeratosis,alias,0.0,"[""T047""]"
4642,Hypermagnesemia,C0151714,Hypermagnesemia,alias,0.0,"[""T047""]"
4643,Hypercalciuria,C0020438,Hypercalciuria,alias,0.0,"[""T033""]"
4644,Hypercarbia,C0020440,Hypercapnia,alias,0.0,"[""T033""]"
4645,Hypercholesterolemia,C0020443,Hypercholesterolemia,alias,0.0,"[""T047""]"
4646,Hypercoagulable State,C0398623,Thrombophilia,alias,0.0,"[""T047""]"
4648,Hyperemesis,C0235250,Hyperemesis,alias,0.0,"[""T184""]"
4649,Hyperglycemia,C0020456,Hyperglycemia,alias,0.0,"[""T047""]"
4651,Hydroureter,C0521620,Dilatation of ureter,alias,0.0,"[""T190""]"
4653,Hyper Ige Syndrome,C3887645,Job Syndrome,alias,0.0,"[""T047""]"
4654,Hyper Igm Syndrome,C0272236,Hyperimmunoglobulin M syndrome,alias,0.0,"[""T047""]"
4655,Hyperacusis,C0034880,Hyperacusis,alias,0.0,"[""T184""]"
4656,Hyperaldosteronism,C0020428,Hyperaldosteronism,alias,0.0,"[""T047""]"
4657,Hyperbilirubinemia,C0020433,Hyperbilirubinemia,alias,0.0,"[""T047""]"
4658,Hypercalcemia,C0020437,Hypercalcemia,alias,0.0,"[""T047""]"
4659,Hydrocele,C1720771,Testicular Hydrocele,alias,0.0,"[""T019""]"
4660,Hydrocele Repair,C0558336,Repair of hydrocele (procedure),alias,0.0,"[""T061""]"
4661,Hydrocelectomy,C0194977,Hydrocelectomy,alias,0.0,"[""T061""]"
4662,Hydrocephalus,C0020255,Hydrocephalus,alias,0.0,"[""T047""]"
4663,Hydromyelia,C0039144,Syringomyelia,alias,0.0,"[""T047""]"
4664,Hydronephrosis,C0020295,Hydronephrosis,alias,0.0,"[""T047""]"
4665,Hydrops Of Gallbladder,C0152445,Hydrops of gallbladder,alias,0.0,"[""T047""]"
4666,Hydrorhachis,C0152444,Hydromyelia,alias,0.0,"[""T047""]"
4667,Hydrosalpinx,C0221376,Hydrosalpinx (disease),alias,0.0,"[""T047""]"
4668,Hunter Syndrome,C0026705,Mucopolysaccharidosis II,alias,0.0,"[""T047""]"
4669,Huntingtons Disease,C0020179,Huntington Disease,alias,0.0,"[""T047""]"
4670,Hurler Syndrome,C0086795,Pfaundler-Hurler Syndrome,alias,0.0,"[""T047""]"
4675,Human Bites,C0005660,Human Bite,alias,0.0,"[""T037""]"
4681,Humerus Fracture,C0020162,Humeral Fractures,alias,0.0,"[""T037""]"
4684,Hormone Replacement Therapy,C0282402,Hormone replacement therapy,alias,0.0,"[""T061""]"
4685,Horner Syndrome,C0019937,Horner Syndrome,alias,0.0,"[""T047""]"
4686,Horseshoe Kidney,C0221353,Horseshoe Kidney,alias,0.0,"[""T019""]"
4689,Hot Flashes,C0600142,Hot flushes,alias,0.0,"[""T184""]"
4691,Holter Monitor,C0013801,Holter Electrocardiography,alias,0.0,"[""T060""]"
4696,Homebound,C5202692,Homebound Instruction,alias,0.0,"[""T065""]"
4697,Homelessness,C0237154,Homelessness,alias,0.0,"[""T033""]"
4698,Hormone Imbalance,C3263685,Hormone abnormality,alias,0.0,"[""T033""]"
4704,Hla Typing,C0242318,HLA Typing,alias,0.0,"[""T059""]"
4705,Hoarseness,C0019825,Hoarseness,alias,0.0,"[""T184""]"
4706,Hodgkin Lymphoma,C0019829,Hodgkin Disease,alias,0.0,"[""T191""]"
4707,Holoprosencephaly,C0079541,Holoprosencephaly,alias,0.0,"[""T019""]"
4708,Histoplasmosis,C0019655,Histoplasmosis,alias,0.0,"[""T047""]"
4716,Hirschsprungs Disease,C0019569,Hirschsprung Disease,alias,0.0,"[""T047""]"
4717,Hirsutism,C0019572,Hirsutism,alias,0.0,"[""T047""]"
4719,Histiocytic Sarcoma,C0334663,Histiocytic sarcoma,alias,0.0,"[""T191""]"
4720,Histiocytosis,C0398597,Histiocytic syndrome,alias,0.0,"[""T047""]"
4724,Hip Replacement,C0392806,Hip Replacement Arthroplasty (procedure),alias,0.0,"[""T061""]"
4727,Hip Sprain,C0272889,Sprain of hip,alias,0.0,"[""T037""]"
4728,Hip Surgery,C0596706,hip surgery,alias,0.0,"[""T061""]"
4732,Hip Osteoarthritis,C0029410,Osteoarthritis of hip,alias,0.0,"[""T047""]"
4733,Hip Pain,C0019559,Hip joint pain,alias,0.0,"[""T184""]"
4735,Hip Click,C0427285,Clicking hip,alias,0.0,"[""T184""]"
4736,Hip Dislocation,C0019554,Hip Dislocation,alias,0.0,"[""T037""]"
4737,Hip Dysplasia,C1328407,Hip Dysplasia,alias,0.0,"[""T190""]"
4738,Hip Fracture,C0019557,Hip Fractures,alias,0.0,"[""T037""]"
4740,Hip Injury,C0281865,Hip Injuries,alias,0.0,"[""T037""]"
4744,High Iron,C0860976,iron increased,alias,0.0,"[""T033""]"
4746,High Risk Pregnancy,C0242786,High-Risk Pregnancy,alias,0.0,"[""T046""]"
4747,Hilar Adenopathy,C0149711,hilar adenopathy,alias,0.0,"[""T047""]"
4749,Hip Arthritis,C0263776,Coxitis,alias,0.0,"[""T047""]"
4755,High Dose Rate Brachytherapy,C0454270,High dose brachytherapy (procedure),alias,0.0,"[""T061""]"
4756,High Eosinophil Count,C0014457,Eosinophilia,alias,0.0,"[""T047""]"
4757,High Grade Astrocytoma,C0334579,Anaplastic astrocytoma,alias,0.0,"[""T191""]"
4758,Hickman Catheter,C0179762,Hickman catheter,alias,0.0,"[""T074""]"
4760,Hidradenitis Suppurativa,C0162836,Hidradenitis Suppurativa,alias,0.0,"[""T047""]"
4766,Heterotopic Ossification,C0029396,Heterotopic Ossification,alias,0.0,"[""T046""]"
4769,Hiatal Hernia,C3489393,Hiatal Hernia,alias,0.0,"[""T047""]"
4770,Hiatal Hernia Repair,C0014857,Repair of paraesophageal diaphragmatic hernia,alias,0.0,"[""T061""]"
4771,Hiccups,C0019521,Hiccough,alias,0.0,"[""T033""]"
4773,Herpes Zoster,C0019360,Herpes zoster disease,alias,0.0,"[""T047""]"
4775,Herpes Zoster Encephalitis,C0153017,Varicella Zoster Encephalitis,alias,0.0,"[""T047""]"
4778,Herpetic Stomatitis,C0038366,"Stomatitis, Herpetic",alias,0.0,"[""T047""]"
4779,Herpetic Whitlow,C0153042,Herpetic whitlow,alias,0.0,"[""T047""]"
4780,Herpangina,C0019338,Herpangina,alias,0.0,"[""T047""]"
4781,Herpes,C0019340,Herpes NOS,alias,0.0,"[""T047""]"
4782,Herpes Encephalitis,C0276226,Herpes encephalitis,alias,0.0,"[""T047""]"
4783,Herpes Meningitis,C0863159,meningitis herpes,alias,0.0,"[""T047""]"
4786,Herpes Simplex Keratitis,C0019357,"Keratitis, Herpetic",alias,0.0,"[""T047""]"
4788,Hereditary Spastic Paraplegia,C0037773,"Spastic Paraplegia, Hereditary",alias,0.0,"[""T047""]"
4789,Hereditary Spherocytosis,C0037889,Hereditary spherocytosis,alias,0.0,"[""T047""]"
4790,Hernia,C0019270,Hernia,alias,0.0,"[""T190""]"
4791,Hernia Repair,C0019328,Herniorrhaphy,alias,0.0,"[""T061""]"
4792,Herniated Disc,C0021818,Intervertebral Disk Displacement,alias,0.0,"[""T047""]"
4794,Heroin Addiction,C0019337,Heroin Dependence,alias,0.0,"[""T048""]"
4798,Hereditary Renal Cell Carcinoma,C2608055,Hereditary Renal Cell Carcinoma,alias,0.0,"[""T191""]"
4800,Hereditary Retinal Dystrophy,C0154860,Hereditary retinal dystrophy,alias,0.0,"[""T047""]"
4801,Hereditary Retinoblastoma,C0751483,Familial Retinoblastoma,alias,0.0,"[""T191""]"
4803,Hereditary Hemorrhagic Telangiectasia,C0039445,Hereditary hemorrhagic telangiectasia,alias,0.0,"[""T047""]"
4806,Hereditary Melanoma,C1512419,Hereditary Melanoma,alias,0.0,"[""T191""]"
4807,Hereditary Optic Atrophy,C0029125,"Optic Atrophies, Hereditary",alias,0.0,"[""T047""]"
4809,Hereditary Corneal Dystrophy,C0010035,Hereditary corneal dystrophy,alias,0.0,"[""T047""]"
4813,Herceptin,C0338204,Herceptin,alias,0.0,"[""T116"", ""T121"", ""T129""]"
4814,Hereditary Angioedema,C0019243,"Angioedemas, Hereditary",alias,0.0,"[""T047""]"
4820,Hepatoblastoma,C0206624,Hepatoblastoma,alias,0.0,"[""T191""]"
4821,Hepatomegaly,C0019209,Hepatomegaly,alias,0.0,"[""T033""]"
4822,Hepatopulmonary Syndrome,C0600452,Hepatopulmonary Syndrome,alias,0.0,"[""T047""]"
4823,Hepatorenal Syndrome,C0019212,Hepatorenal Syndrome,alias,0.0,"[""T047""]"
4824,Hepatosplenomegaly,C0019214,Hepatosplenomegaly,alias,0.0,"[""T184""]"
4825,Hepatitis A Vaccination,C0419735,Hepatitis A immunization,alias,0.0,"[""T061""]"
4826,Hepatitis B,C0019163,Hepatitis B,alias,0.0,"[""T047""]"
4827,Hepatitis B Vaccination,C0474232,Administration of hepatitis B vaccine,alias,0.0,"[""T061""]"
4828,Hepatitis C,C0019196,Hepatitis C,alias,0.0,"[""T047""]"
4829,Hepatitis D,C0011226,Hepatitis D Infection,alias,0.0,"[""T047""]"
4830,Hepatitis E,C0085293,Hepatitis E,alias,0.0,"[""T047""]"
4831,Hepatic Dysfunction,C0086565,Liver Dysfunction,alias,0.0,"[""T033""]"
4832,Hepatic Encephalopathy,C0019151,Hepatic Encephalopathy,alias,0.0,"[""T047""]"
4834,Hepatic Lobectomy,C0193399,Lobectomy of liver,alias,0.0,"[""T061""]"
4835,Hepatic Porphyria,C0162533,"Porphyrias, Hepatic",alias,0.0,"[""T047""]"
4836,Hepatitis,C0019158,Hepatitis,alias,0.0,"[""T047""]"
4837,Hepatitis A,C0019159,Hepatitis A,alias,0.0,"[""T047""]"
4838,Hemothorax,C0019123,Hemothorax,alias,0.0,"[""T046""]"
4840,Heparin Induced Thrombocytopenia,C0272285,Heparin-induced thrombocytopenia,alias,0.0,"[""T047""]"
4841,Hepatic Artery Embolization,C0397761,Embolization of hepatic artery,alias,0.0,"[""T061""]"
4842,Hepatic Artery Infusion Pump,C4725669,Hepatic Artery Infusion Pump,alias,0.0,"[""T074""]"
4843,Hepatic Cyst,C0267834,Liver cyst,alias,0.0,"[""T047""]"
4845,Hemorrhoidectomy,C0019108,Hemorrhoidectomy,alias,0.0,"[""T061""]"
4847,Hemorrhoids,C0019112,Hemorrhoids,alias,0.0,"[""T047""]"
4849,Hemosiderotic Fibrolipomatous Tumor,C4053521,Hemosiderotic Fibrolipomatous Tumor,alias,0.0,"[""T191""]"
4850,Hemophilia Inhibitors,C0472802,Hereditary factor VIII deficiency disease with inhibitor,alias,0.0,"[""T047""]"
4851,Hemoptysis,C0019079,Hemoptysis,alias,0.0,"[""T184""]"
4855,Hemorrhagic Conjunctivitis,C0864715,hemorrhagic conjunctivitis,alias,0.0,"[""T047""]"
4856,Hemorrhagic Stroke,C5234922,Hemorrhagic Stroke,alias,0.0,"[""T047""]"
4857,Hemodialysis,C0019004,Hemodialysis,alias,0.0,"[""T061""]"
4859,Hemoglobinopathies,C0019045,Hemoglobinopathies,alias,0.0,"[""T047""]"
4860,Hemolytic Anemia,C0002878,"Anemia, Hemolytic",alias,0.0,"[""T047""]"
4862,Hemolytic Uremic Syndrome,C0019061,Hemolytic-Uremic Syndrome,alias,0.0,"[""T047""]"
4863,Hemophagocytic Lymphohistiocytosis,C0024291,"Lymphohistiocytosis, Hemophagocytic",alias,0.0,"[""T047""]"
4864,Hemophilia,C0019069,Hemophilia A,alias,0.0,"[""T047""]"
4866,Hemiparesis,C0018989,Hemiparesis,alias,0.0,"[""T184""]"
4867,Hemiplegia,C0018991,Hemiplegia,alias,0.0,"[""T184""]"
4868,Hemispherectomy,C0175763,Hemispherectomy,alias,0.0,"[""T061""]"
4869,Hemitruncus,C4021134,Anomalous origin of one pulmonary artery from ascending aorta,alias,0.0,"[""T019""]"
4871,Hemochromatosis,C0018995,Hemochromatosis,alias,0.0,"[""T047""]"
4872,Hemiatrophy,C0333662,Hemiatrophy,alias,0.0,"[""T046""]"
4873,Hemicolectomy,C0546535,Hemicolectomy,alias,0.0,"[""T061""]"
4874,Hemicrania Continua,C2349425,Hemicrania continua,alias,0.0,"[""T047""]"
4875,Hemidystonia,C1960561,Hemidystonia,alias,0.0,"[""T047""]"
4876,Hemifacial Atrophy,C0015458,Facial Hemiatrophy,alias,0.0,"[""T047""]"
4877,Hemifacial Microsomia,C3495417,Hemifacial microsomia,alias,0.0,"[""T019""]"
4878,Hemihypertrophy,C0332890,Congenital hemihypertrophy,alias,0.0,"[""T019""]"
4879,Hemangioendothelioma,C0018915,Hemangioendothelioma,alias,0.0,"[""T191""]"
4880,Hemangiomas,C0018916,Hemangioma,alias,0.0,"[""T191""]"
4881,Hemangiopericytoma,C1266119,Solitary fibrous tumor,alias,0.0,"[""T191""]"
4882,Hemangiosarcoma,C0018923,Hemangiosarcoma,alias,0.0,"[""T191""]"
4883,Hemarthrosis,C0018924,Hemarthrosis,alias,0.0,"[""T046""]"
4884,Hematemesis,C0018926,Hematemesis,alias,0.0,"[""T184""]"
4885,Hematuria,C0018965,Hematuria,alias,0.0,"[""T047""]"
4887,Heavy Menstrual Bleeding,C0025323,Menorrhagia,alias,0.0,"[""T046""]"
4888,Heel Pain,C0231780,Heel pain,alias,0.0,"[""T184""]"
4889,Heel Spur,C0158322,Heel Spur,alias,0.0,"[""T047""]"
4890,Helicobacter Pylori,C0079488,Helicobacter pylori,alias,0.0,"[""T007""]"
4892,Hellp Syndrome,C0162739,HELLP Syndrome,alias,0.0,"[""T047""]"
4893,Helminthiasis,C0018889,Helminthiasis,alias,0.0,"[""T047""]"
4894,Hemangioblastoma,C0206734,Hemangioblastoma,alias,0.0,"[""T191""]"
4895,Heart Transplant,C0018823,Heart Transplantation,alias,0.0,"[""T061""]"
4896,Heart Transplant Rejection,C0340530,Cardiac transplant rejection,alias,0.0,"[""T046""]"
4897,Heart Valve Disease,C0018824,Heart valve disease,alias,0.0,"[""T047""]"
4899,Heat Exhaustion,C0018839,Heat Exhaustion,alias,0.0,"[""T037""]"
4900,Heat Illness,C1456556,Heat illness,alias,0.0,"[""T037""]"
4901,Heat Intolerance,C0231274,Intolerant of heat,alias,0.0,"[""T046""]"
4902,Heart Block,C0018794,Heart Block,alias,0.0,"[""T047""]"
4903,Heart Disease,C0018799,Heart Diseases,alias,0.0,"[""T047""]"
4907,Heart Murmur,C0018808,Heart murmur,alias,0.0,"[""T033""]"
4908,Heart Problems,C0795691,HEART PROBLEM,alias,0.0,"[""T184""]"
4915,Hearing Loss Noise Induced,C0018781,Noise-induced hearing loss,alias,0.0,"[""T037""]"
4917,Heart Biopsy,C0189784,Biopsy of heart,alias,0.0,"[""T060""]"
4918,Health Screening,C0220908,Screening procedure,alias,0.0,"[""T060""]"
4919,Healthy Aging,C2963171,Healthy Aging,alias,0.0,"[""T102""]"
4920,Healthy Eating,C0452415,"Diet, Healthy",alias,0.0,"[""T033""]"
4921,Hearing Aids,C0018768,Hearing Aids,alias,0.0,"[""T074""]"
4923,Hearing Loss,C1384666,hearing impairment,alias,0.0,"[""T047""]"
4926,Head Trauma,C0018674,Craniocerebral Trauma,alias,0.0,"[""T037""]"
4927,Headache,C0018681,Headache,alias,0.0,"[""T184""]"
4931,Health Maintenance,C0262500,Health maintenance,alias,0.0,"[""T058""]"
4932,Health Psychology,C0302827,Health Psychology,alias,0.0,"[""T091""]"
4935,Head Banging,C0018672,Head Banging,alias,0.0,"[""T048""]"
4936,Head Congestion,C0849795,head congestion,alias,0.0,"[""T184""]"
4939,Head Mass,C1399729,Mass of head,alias,0.0,"[""T033""]"
4942,Hashimoto Thyroiditis,C0677607,Hashimoto Disease,alias,0.0,"[""T047""]"
4943,Head Abscess,C0744600,head abscess,alias,0.0,"[""T047""]"
4944,Head And Neck Cancer,C0278996,Malignant Head and Neck Neoplasm,alias,0.0,"[""T191""]"
4949,Hand Tendon Injury,C0434301,Tendon injury - hand,alias,0.0,"[""T037""]"
4953,Hangover,C0221100,Hangover from any Alcohol or Other Drugs substance,alias,0.0,"[""T184""]"
4958,Hand Injury,C0018571,Hand Injuries,alias,0.0,"[""T037""]"
4959,Hand Mass,C0587049,Mass of hand,alias,0.0,"[""T033""]"
4960,Hand Osteoarthritis,C0263746,Osteoarthritis of the hand,alias,0.0,"[""T047""]"
4961,Hand Pain,C0239833,Hand pain,alias,0.0,"[""T184""]"
4963,Hand Surgery,C0187067,Operative procedure on hand,alias,0.0,"[""T061""]"
4965,Hamstring Injury,C0856356,Hamstring injury,alias,0.0,"[""T037""]"
4966,Hamstring Lengthening,C0188118,Lengthening of hamstring tendon,alias,0.0,"[""T061""]"
4968,Hand Arthritis,C0409208,Arthritis of hand,alias,0.0,"[""T047""]"
4969,Hand Dermatitis,C0239816,Hand eczema,alias,0.0,"[""T047""]"
4970,Hand Foot Mouth Disease,C0018572,"Hand, Foot and Mouth Disease",alias,0.0,"[""T047""]"
4971,Hand Fracture,C0435632,Fracture of hand,alias,0.0,"[""T037""]"
4972,Hairy Cell Leukemia,C0023443,Hairy Cell Leukemia,alias,0.0,"[""T191""]"
4973,Hairy Tongue,C0040414,Hairy tongue,alias,0.0,"[""T047""]"
4974,Halitosis,C0018520,Halitosis,alias,0.0,"[""T184""]"
4976,Hamartoma,C0018552,Hamartoma,alias,0.0,"[""T191""]"
4978,Hammer Toe,C1136179,Hammer Toe,alias,0.0,"[""T190""]"
4980,Habit Disorder,C0278076,Behavioral tic,alias,0.0,"[""T048""]"
4981,Haemophilus Influenzae,C0018483,Haemophilus influenzae,alias,0.0,"[""T007""]"
4982,Haemophilus Meningitis,C0025292,"Meningitis, Haemophilus",alias,0.0,"[""T047""]"
4984,Hair Diseases,C0018500,Hair Diseases,alias,0.0,"[""T047""]"
4986,Hair Transplant,C0191626,Hair transplant procedure,alias,0.0,"[""T061""]"
4987,Gynecologic Cancer,C0699889,Malignant Female Reproductive System Neoplasm,alias,0.0,"[""T191""]"
4992,Gynecological Exam,C0200044,Gynecological examination,alias,0.0,"[""T058""]"
4994,Gynecomastia,C0018418,Gynecomastia,alias,0.0,"[""T047""]"
4995,Guaiac Positive Stool,C0266813,Fecal occult blood: positive,alias,0.0,"[""T033""]"
4996,Guided Imagery,C0150627,Guided imagery,alias,0.0,"[""T061""]"
5000,Gum Infection,C0744403,Gum Infection,alias,0.0,"[""T047""]"
5004,Growth Hormone Deficiency,C0271561,Somatotropin deficiency,alias,0.0,"[""T047""]"
5008,Growth Plate Fracture,C1611188,Salter-Harris Fractures,alias,0.0,"[""T037""]"
5009,Growth Plate Injury,C1611188,Salter-Harris Fractures,alias,0.0,"[""T037""]"
5013,Groin Mass,C0240007,Inguinal mass,alias,0.0,"[""T184""]"
5014,Groin Pain,C0239783,Inguinal pain,alias,0.0,"[""T184""]"
5016,Growth Disorders,C0018273,Growth Disorders,alias,0.0,"[""T046""]"
5017,Growth Failure,C0015544,Failure to Thrive,alias,0.0,"[""T047""]"
5018,Granulocytic Sarcoma,C0152276,Granulocytic Sarcoma,alias,0.0,"[""T191""]"
5019,Granuloma Annulare,C0085074,Granuloma Annulare,alias,0.0,"[""T047""]"
5020,Granuloma Inguinale,C0018190,Granuloma Inguinale,alias,0.0,"[""T047""]"
5022,Graves Disease,C0018213,Graves Disease,alias,0.0,"[""T047""]"
5025,Grief,C0018235,Grief reaction,alias,0.0,"[""T041""]"
5029,Graft Versus Host Disease,C0018133,Graft-vs-Host Disease,alias,0.0,"[""T047""]"
5031,Grand Mal Status Epilepticus,C0311335,Grand Mal Status Epilepticus,alias,0.0,"[""T047""]"
5032,Granular Cell Tumor,C0085167,Granular cell tumor,alias,0.0,"[""T191""]"
5034,Gonadal Dysgenesis,C0041408,Turner Syndrome,alias,0.0,"[""T047""]"
5036,Gonarthrosis,C0877389,Gonarthrosis,alias,0.0,"[""T047""]"
5037,Goniotomy,C0018072,Goniotomy,alias,0.0,"[""T061""]"
5038,Gonococcal Arthritis,C0153216,Gonococcal joint infection,alias,0.0,"[""T047""]"
5039,Gonorrhea,C0018081,Gonorrhea,alias,0.0,"[""T047""]"
5040,Gorlin Syndrome,C0004779,Basal Cell Nevus Syndrome,alias,0.0,"[""T191""]"
5041,Gout,C0018099,Gout,alias,0.0,"[""T047""]"
5043,Gluten Sensitivity,C0850024,Gluten sensitivity,alias,0.0,"[""T047""]"
5045,Glycogen Storage Disease,C0017919,Glycogen Storage Disease,alias,0.0,"[""T047""]"
5046,Gnathostomiasis,C0018013,Gnathostomiasis,alias,0.0,"[""T047""]"
5048,Goiter,C0018021,Goiter,alias,0.0,"[""T047""]"
5050,Goldenhar Syndrome,C0265240,Goldenhar Syndrome,alias,0.0,"[""T047""]"
5051,Glucagonoma,C0017689,Glucagonoma,alias,0.0,"[""T191""]"
5054,Glucose 6 Phosphate Dehydrogenase Deficiency,C2939465,Deficiency of glucose-6-phosphate dehydrogenase,alias,0.0,"[""T047""]"
5058,Gluten Intolerance,C0007570,Celiac Disease,alias,0.0,"[""T047""]"
5059,Glomus Jugulare Tumor,C0017671,Glomus Jugulare Tumor,alias,0.0,"[""T191""]"
5060,Glomus Tumor,C0017653,Glomus Tumor,alias,0.0,"[""T191""]"
5061,Glossectomy,C0017673,Glossectomy,alias,0.0,"[""T061""]"
5062,Glossitis,C0017675,Glossitis,alias,0.0,"[""T047""]"
5063,Glossodynia,C0017672,Glossalgia,alias,0.0,"[""T184""]"
5064,Glossopharyngeal Neuralgia,C0154731,Glossopharyngeal Neuralgia,alias,0.0,"[""T047""]"
5067,Glioblastoma Multiforme,C1621958,Glioblastoma Multiforme,alias,0.0,"[""T191""]"
5068,Glioma,C0017638,Glioma,alias,0.0,"[""T191""]"
5069,Gliomatosis Cerebri,C0334576,Gliomatosis cerebri,alias,0.0,"[""T191""]"
5070,Gliosarcoma,C0206726,gliosarcoma,alias,0.0,"[""T191""]"
5071,Glomangioma,C0334421,Glomangioma,alias,0.0,"[""T191""]"
5072,Glomerulonephritis,C0017658,Glomerulonephritis,alias,0.0,"[""T047""]"
5073,Glomerulonephropathy,C0268731,Renal glomerular disease,alias,0.0,"[""T047""]"
5074,Gitelman Syndrome,C0268450,Gitelman Syndrome,alias,0.0,"[""T047""]"
5075,Glanders,C0017589,Glanders,alias,0.0,"[""T047""]"
5077,Glaucoma,C0017601,Glaucoma,alias,0.0,"[""T047""]"
5080,Glaucoma Screening,C0702254,Glaucoma screening,alias,0.0,"[""T061""]"
5081,Gleason Score,C3203027,Gleason score,alias,0.0,"[""T033""]"
5083,Gestational Trophoblastic Disease,C2931618,Gestational trophoblastic disease,alias,0.0,"[""T047""]"
5084,Giant Cell Arteritis,C0039483,Giant Cell Arteritis,alias,0.0,"[""T047""]"
5085,Giant Cell Myocarditis,C0264856,Giant cell myocarditis,alias,0.0,"[""T047""]"
5089,Giardiasis,C0017536,Giardiasis,alias,0.0,"[""T047""]"
5092,Geriatrics,C0017469,Geriatrics,alias,0.0,"[""T091""]"
5093,Germ Cell Tumor,C0205851,Germ cell tumor,alias,0.0,"[""T191""]"
5094,Germinoma,C0206660,Germinoma,alias,0.0,"[""T191""]"
5095,Gestational Diabetes,C0085207,Gestational Diabetes,alias,0.0,"[""T047""]"
5096,Gestational Pemphigoid,C0019343,Pemphigoid Gestationis,alias,0.0,"[""T047""]"
5101,Genitourinary Cancers,C0751569,Genitourinary Cancer,alias,0.0,"[""T191""]"
5102,Genitourinary Fistula,C0853877,Fistula of genitourinary tract,alias,0.0,"[""T190""]"
5105,Genomics,C0887950,Genomics,alias,0.0,"[""T091""]"
5106,Geographic Tongue,C0017677,"Glossitis, Benign Migratory",alias,0.0,"[""T047""]"
5108,Genioplasty,C0398907,Genioplasty,alias,0.0,"[""T061""]"
5109,Genital Herpes,C0019342,Genital Herpes,alias,0.0,"[""T047""]"
5110,Genital Herpes Female,C0497572,genital herpes in women,alias,0.0,"[""T047""]"
5111,Genital Herpes Male,C0497579,genital herpes in men,alias,0.0,"[""T047""]"
5113,Genital Warts,C0009663,Condylomata Acuminata,alias,0.0,"[""T047""]"
5114,Genetic Testing,C0679560,Genetic screening method,alias,0.0,"[""T059""]"
5122,Generalized Seizures,C0234533,Generalized seizures,alias,0.0,"[""T047""]"
5125,Genetic Counseling,C0017382,Genetic Counseling,alias,0.0,"[""T061""]"
5126,Genetic Disorders,C0019247,Hereditary Diseases,alias,0.0,"[""T047""]"
5131,Gene Therapy,C0017296,gene therapy,alias,0.0,"[""T061""]"
5134,Gastrostomy Tube Removal,C0192462,Removal of gastrostomy tube,alias,0.0,"[""T061""]"
5135,Gaucher Disease,C0017205,Gaucher Disease,alias,0.0,"[""T047""]"
5138,Gender Dysphoria,C0686346,Gender Dysphoria,alias,0.0,"[""T048""]"
5140,Gastrojejunostomy,C0399839,Gastrojejunostomy,alias,0.0,"[""T061""]"
5141,Gastroparesis,C0152020,Gastroparesis,alias,0.0,"[""T047""]"
5142,Gastroplasty,C0017193,Gastroplasty,alias,0.0,"[""T061""]"
5143,Gastroschisis,C0265706,Gastroschisis,alias,0.0,"[""T047""]"
5145,Gastroscopy,C0017195,Endoscopy of stomach,alias,0.0,"[""T060""]"
5152,Gastrojejunal Ulcer,C0024799,Marginal ulcer,alias,0.0,"[""T047""]"
5154,Gastroesophageal Reflux Disease,C0017168,Gastroesophageal reflux disease,alias,0.0,"[""T047""]"
5158,Gastrointestinal Bleeding,C0017181,Gastrointestinal Hemorrhage,alias,0.0,"[""T046""]"
5159,Gastritis,C0017152,Gastritis,alias,0.0,"[""T047""]"
5161,Gastrocnemius Recession,C0188316,Gastrocnemius recession,alias,0.0,"[""T061""]"
5164,Gastroenteritis,C0017160,Gastroenteritis,alias,0.0,"[""T047""]"
5166,Gastric Mass,C0577018,Mass of stomach,alias,0.0,"[""T033""]"
5168,Gastric Ulcer,C0038358,Gastric ulcer,alias,0.0,"[""T047""]"
5169,Gastric Ulcer Surgery,C0399682,Gastric ulcer operation,alias,0.0,"[""T061""]"
5170,Gastric Volvulus,C0038359,Stomach Volvulus,alias,0.0,"[""T047""]"
5172,Ganglioneuroblastoma,C0206718,Ganglioneuroblastoma,alias,0.0,"[""T191""]"
5174,Gangrene,C0017086,Gangrene,alias,0.0,"[""T047""]"
5175,Gastrectomy,C0017118,Gastrectomy,alias,0.0,"[""T061""]"
5177,Gastric Banding,C1960832,Partitioning of stomach using band,alias,0.0,"[""T061""]"
5178,Gamma Knife Radiosurgery,C0086330,Gamma Knife Radiosurgery,alias,0.0,"[""T061""]"
5182,Ganglion Cyst,C1258666,Myxoid cyst,alias,0.0,"[""T190""]"
5186,Gallbladder Polyp,C0262493,Polyp of gallbladder,alias,0.0,"[""T191""]"
5191,Galactokinase Deficiency,C0268155,Deficiency of galactokinase,alias,0.0,"[""T047""]"
5192,Galactorrhea,C0269995,Galactorrhea associated with childbirth,alias,0.0,"[""T047""]"
5193,Galactosemia,C0016952,Galactosemias,alias,0.0,"[""T047""]"
5194,Galeazzi Fracture,C5671287,Galeazzi Fracture,alias,0.0,"[""T037""]"
5196,Gallbladder Cancer,C0153452,Malignant neoplasm of gallbladder,alias,0.0,"[""T191""]"
5198,Gallbladder Disease,C0016977,Gall Bladder Diseases,alias,0.0,"[""T047""]"
5199,Furuncle,C0242301,furuncle,alias,0.0,"[""T047""]"
5201,Fusion Of Joint,C0003090,Ankylosis,alias,0.0,"[""T046""]"
5202,Gait Analysis,C0558820,Gait Analysis,alias,0.0,"[""T060""]"
5204,Galactocele,C0152243,Galactocele,alias,0.0,"[""T020""]"
5207,Fundoplication,C0192499,Esophagogastric fundoplasty,alias,0.0,"[""T061""]"
5208,Fungal Meningitis,C0085438,"Meningitis, Fungal",alias,0.0,"[""T047""]"
5210,Fungemia,C0085082,Fungemia,alias,0.0,"[""T047""]"
5211,Furrowed Tongue,C0040412,Fissured tongue,alias,0.0,"[""T047""]"
5214,Fuchs Dystrophy,C0016781,Fuchs Endothelial Dystrophy,alias,0.0,"[""T047""]"
5215,Fukuyama Congenital Muscular Dystrophy,C0410174,Fukuyama Type Congenital Muscular Dystrophy,alias,0.0,"[""T047""]"
5218,Frostbite,C0016736,Frostbite,alias,0.0,"[""T037""]"
5227,Friedreich Ataxia,C0016719,Friedreich Ataxia,alias,0.0,"[""T047""]"
5228,Frontal Lobe Epilepsy,C0085541,"Epilepsy, Frontal Lobe",alias,0.0,"[""T047""]"
5234,Frenectomy,C2066243,Frenectomy,alias,0.0,"[""T061""]"
5236,Frequency Of Urination,C0042023,Increased frequency of micturition,alias,0.0,"[""T033""]"
5237,Fracture,C0016658,Fracture,alias,0.0,"[""T037""]"
5239,Fragile X Syndrome,C0016667,Fragile X Syndrome,alias,0.0,"[""T047""]"
5240,Frailty,C0424594,Frailty,alias,0.0,"[""T033""]"
5242,Freckles,C0016689,Freckles,alias,0.0,"[""T033""]"
5244,Foreign Body Nose,C0161008,Foreign body in nose,alias,0.0,"[""T033""]"
5246,Foreign Body Removal,C0184937,Excision or Surgical Removal of foreign body,alias,0.0,"[""T061""]"
5248,Foster Care,C0419195,Foster care family,alias,0.0,"[""T099""]"
5249,Fractional Flow Reserve,C1299469,Fractional Flow Reserve of Vessel,alias,0.0,"[""T201""]"
5252,Foreign Body Ear,C0161007,Foreign body in auditory canal,alias,0.0,"[""T037""]"
5264,Foot Surgery,C0188413,Operative procedure on foot,alias,0.0,"[""T061""]"
5267,Forearm Fracture,C1305215,Fracture of forearm,alias,0.0,"[""T037""]"
5269,Forearm Injury,C0016537,Forearm Injuries,alias,0.0,"[""T037""]"
5270,Forehead Lift,C3203572,Forehead Lift,alias,0.0,"[""T061""]"
5271,Foot Injury,C0149697,Foot Injuries,alias,0.0,"[""T037""]"
5273,Foot Osteoarthritis,C0586735,Osteoarthritis of foot joint,alias,0.0,"[""T047""]"
5274,Foot Osteotomy,C0408977,Osteotomy of bone of foot,alias,0.0,"[""T061""]"
5275,Foot Pain,C0016512,Foot pain,alias,0.0,"[""T184""]"
5277,Foot Arthritis,C0409205,Inflammation of joint of foot,alias,0.0,"[""T047""]"
5279,Foot Drop,C0085684,Foot Drop,alias,0.0,"[""T033""]"
5280,Foot Fracture,C0272774,Fracture of foot,alias,0.0,"[""T037""]"
5286,Food Intolerances,C0149696,Food intolerance (disorder),alias,0.0,"[""T047""]"
5287,Food Poisoning,C0016479,Food Poisoning,alias,0.0,"[""T037""]"
5293,Follicular Cyst Of Ovary,C0016429,Follicular cyst of ovary,alias,0.0,"[""T047""]"
5295,Folliculitis,C0016436,Folliculitis,alias,0.0,"[""T047""]"
5296,Food Allergy,C0016470,Food Allergy,alias,0.0,"[""T046""]"
5297,Focal Nodular Hyperplasia,C0333980,Focal Nodular Hyperplasia,alias,0.0,"[""T047""]"
5299,Focal Segmental Glomerulosclerosis,C0017668,Focal glomerulosclerosis,alias,0.0,"[""T047""]"
5300,Focal Seizures,C0751495,"Seizures, Focal",alias,0.0,"[""T047""]"
5302,Focused Ultrasound,C1517281,Focused Ultrasound Therapy,alias,0.0,"[""T061""]"
5307,Flukes,C0040818,Trematoda,alias,0.0,"[""T204""]"
5308,Fluorescence-Guided Surgery,C1880811,Fluorescence-Guided Surgery,alias,0.0,"[""T061""]"
5309,Focal Dystonia,C0743332,Focal Dystonia,alias,0.0,"[""T047""]"
5311,Flatfoot,C0016202,Flatfoot,alias,0.0,"[""T190""]"
5312,Flatulence,C0016204,Flatulence,alias,0.0,"[""T184""]"
5314,Flexor Tendon Repair,C0744057,FLEXOR TENDON REPAIR,alias,0.0,"[""T061""]"
5315,Floaters,C0016242,Vitreous floaters,alias,0.0,"[""T033""]"
5317,Flaccid Hemiplegia,C0154693,"Hemiplegia, Flaccid",alias,0.0,"[""T184""]"
5318,Flail Chest,C0016196,Flail Chest,alias,0.0,"[""T037""]"
5319,Flank Pain,C0016199,Flank Pain,alias,0.0,"[""T184""]"
5326,Fissured Tongue,C0040412,Fissured tongue,alias,0.0,"[""T047""]"
5327,Fistula Enterocutaneous,C0341318,Enterocutaneous Fistula,alias,0.0,"[""T190""]"
5331,Fingernail Injury,C0560628,Fingernail injury,alias,0.0,"[""T037""]"
5333,First Aid,C0016143,First Aid,alias,0.0,"[""T061""]"
5334,First Degree Burns,C0332686,First degree burn injury,alias,0.0,"[""T037""]"
5335,First Degree Heart Block,C0085614,First degree atrioventricular block,alias,0.0,"[""T047""]"
5336,Finger Dislocation,C0159956,Traumatic dislocation of joint of finger,alias,0.0,"[""T037""]"
5337,Finger Fracture,C0272694,Fracture of phalanx of hand,alias,0.0,"[""T037""]"
5338,Finger Injury,C0016124,Finger Injuries,alias,0.0,"[""T037""]"
5339,Finger Osteoarthritis,C0409936,Osteoarthritis of finger joint,alias,0.0,"[""T047""]"
5340,Finger Pain,C0239589,Pain in finger,alias,0.0,"[""T184""]"
5341,Finger Sprain,C0434471,finger sprain,alias,0.0,"[""T037""]"
5342,Filariasis,C0016085,Filariasis,alias,0.0,"[""T047""]"
5343,Fine Needle Aspiration,C1510483,Fine needle aspiration biopsy,alias,0.0,"[""T060""]"
5347,Finger Deformity,C0410740,Acquired deformity of finger,alias,0.0,"[""T020""]"
5348,Fibrous Dysplasia,C0259779,Fibrous Dysplasia,alias,0.0,"[""T191""]"
5350,Fibrous Meningioma,C0334606,Fibrous Meningioma,alias,0.0,"[""T191""]"
5351,Fibroxanthoma,C0206644,"Histiocytoma, Benign Fibrous",alias,0.0,"[""T191""]"
5352,Fibula Fracture,C0149699,Fracture of fibula,alias,0.0,"[""T037""]"
5354,Fifth Disease,C0085273,Erythema Infectiosum,alias,0.0,"[""T047""]"
5355,Fibromuscular Dysplasia,C0016052,Fibromuscular Dysplasia,alias,0.0,"[""T047""]"
5356,Fibromyalgia,C0016053,Fibromyalgia,alias,0.0,"[""T047""]"
5357,Fibrosarcoma,C0016057,Fibrosarcoma,alias,0.0,"[""T191""]"
5360,Fibrous Cortical Defect,C0410489,Fibrous cortical defect,alias,0.0,"[""T047""]"
5361,Fibrocystic Breast Changes,C0016034,Breast Fibrocystic Disease,alias,0.0,"[""T047""]"
5363,Fibrodysplasia Ossificans Progressiva,C0016037,Fibrodysplasia Ossificans Progressiva,alias,0.0,"[""T047""]"
5364,Fibroids,C0042133,Uterine Fibroids,alias,0.0,"[""T191""]"
5365,Fibrolamellar Carcinoma,C0334287,Fibrolamellar Hepatocellular Carcinoma,alias,0.0,"[""T191""]"
5366,Fibromatosis,C0016048,Fibromatosis,alias,0.0,"[""T191""]"
5367,Fever,C0015967,Fever,alias,0.0,"[""T184""]"
5368,Fever Of Unknown Origin,C0015970,Fever of Unknown Origin,alias,0.0,"[""T184""]"
5369,Fever With Chills,C0085594,Fever with chills,alias,0.0,"[""T184""]"
5370,Fiberoptic Bronchoscopy,C0189391,Fiberoptic bronchoscopy,alias,0.0,"[""T060""]"
5371,Fibrillary Astrocytoma,C0334582,Fibrillary Astrocytoma,alias,0.0,"[""T191""]"
5375,Fetal Surgery,C1261465,Operation on fetus,alias,0.0,"[""T061""]"
5376,Fetal Transfusion,C0005843,"Blood Transfusion, Intrauterine",alias,0.0,"[""T061""]"
5377,Fetal Ultrasound,C0162502,Fetal Ultrasonography,alias,0.0,"[""T060""]"
5382,Fetal Growth Restriction,C0015934,Fetal Growth Retardation,alias,0.0,"[""T046""]"
5383,Fetal Infection,C1263835,Infectious disorder of the fetus,alias,0.0,"[""T047""]"
5386,Fertility Preservation,C1171194,Fertility Preservation,alias,0.0,"[""T061""]"
5387,Fertility Testing,C0200069,Infertility study,alias,0.0,"[""T060""]"
5388,Fetal Alcohol Syndrome,C0015923,Fetal Alcohol Syndrome,alias,0.0,"[""T047""]"
5389,Fetal Arrhythmia,C0853154,Fetal arrhythmia,alias,0.0,"[""T033""]"
5394,Femoral Artery Aneurysm,C0264963,Aneurysm of femoral artery,alias,0.0,"[""T190""]"
5396,Femoral Artery Occlusion,C0948249,Femoral artery occlusion,alias,0.0,"[""T047""]"
5397,Femoral Hernia,C0019288,"Hernia, Femoral",alias,0.0,"[""T020""]"
5398,Femoral Neuropathy,C0751931,Femoral Neuropathy,alias,0.0,"[""T047""]"
5400,Femur Fracture,C0015802,Femoral Fractures,alias,0.0,"[""T037""]"
5403,Female Infertility,C0021361,Female infertility,alias,0.0,"[""T046""]"
5404,Female Orgasmic Disorder,C0033948,Female Orgasmic Disorder,alias,0.0,"[""T048""]"
5405,Female Sexual Dysfunction,C1112442,Female sexual dysfunction,alias,0.0,"[""T048""]"
5412,Feeling Faint,C0581879,Felt faint,alias,0.0,"[""T184""]"
5414,Felty Syndrome,C0015773,Felty Syndrome,alias,0.0,"[""T047""]"
5419,Fatty Liver,C0015695,Fatty Liver,alias,0.0,"[""T047""]"
5420,Febrile Convulsions,C0009952,Febrile Convulsions,alias,0.0,"[""T047""]"
5421,Fecal Impaction,C0015734,Fecal Impaction,alias,0.0,"[""T033""]"
5422,Fecal Incontinence,C0015732,Fecal Incontinence,alias,0.0,"[""T047""]"
5423,Fecal Transplant,C2242628,Fecal Microbiota Transplantation,alias,0.0,"[""T061""]"
5424,Feeding Problems,C0232466,Feeding difficulties,alias,0.0,"[""T033""]"
5426,Family Planning,C1546835,Special Program Code - Family Planning,alias,0.0,"[""T170""]"
5427,Fanconi Anemia,C0015625,Fanconi Anemia,alias,0.0,"[""T047""]"
5428,Farsightedness,C0020490,Hyperopia,alias,0.0,"[""T047""]"
5429,Fasciculations,C0015644,Muscular fasciculation,alias,0.0,"[""T184""]"
5430,Fasciitis,C0015645,Fasciitis,alias,0.0,"[""T047""]"
5432,Fat Grafting,C0844767,Grafting of fat,alias,0.0,"[""T061""]"
5433,Fatigue,C0015672,Fatigue,alias,0.0,"[""T184""]"
5442,Familial Polyposis,C0032580,Adenomatous Polyposis Coli,alias,0.0,"[""T191""]"
5448,Family History Of Breast Cancer,C0559119,Family history of breast cancer,alias,0.0,"[""T033""]"
5451,Familial Epilepsy,C0391958,Familial Epilepsies,alias,0.0,"[""T047""]"
5452,Familial Hyperparathyroidism,C0271846,Familial hyperparathyroidism,alias,0.0,"[""T047""]"
5453,Familial Hypocalciuric Hypercalcemia,C1809471,Familial benign hypercalcemia,alias,0.0,"[""T047""]"
5454,Familial Mediterranean Fever,C0031069,Familial Mediterranean Fever,alias,0.0,"[""T047""]"
5458,Falls,C0085639,Falls,alias,0.0,"[""T033""]"
5462,Familial Ataxia,C0016719,Friedreich Ataxia,alias,0.0,"[""T047""]"
5463,Familial Cold Autoinflammatory Syndrome,C0343068,Familial cold urticaria,alias,0.0,"[""T047""]"
5465,Factor Thirteen Deficiency,C0015530,Hereditary Factor XIII Deficiency,alias,0.0,"[""T047""]"
5466,Factor V Leiden,C0584960,Factor V Leiden mutation,alias,0.0,"[""T047""]"
5467,Failed Back Surgery Syndrome,C1963763,Failed Back Surgery Syndrome,alias,0.0,"[""T047""]"
5470,Failure To Thrive,C0015544,Failure to Thrive,alias,0.0,"[""T047""]"
5471,Fall Risk Assessment,C1532976,Fall risk assessment,alias,0.0,"[""T058""]"
5472,Fallopian Tube Cancer,C0238122,Fallopian Tube Carcinoma,alias,0.0,"[""T191""]"
5473,Facial Spasm,C0278151,facial muscle spasm,alias,0.0,"[""T033""]"
5477,Facioscapulohumeral Muscular Dystrophy,C0238288,"Muscular Dystrophy, Facioscapulohumeral",alias,0.0,"[""T047""]"
5480,Factor Seven Deficiency,C0015503,Factor VII Deficiency,alias,0.0,"[""T047""]"
5481,Facial Paresis,C0427055,Facial Paresis,alias,0.0,"[""T047""]"
5482,Facial Plastic Surgery,C4763890,Facial Plastic Surgery,alias,0.0,"[""T061""]"
5483,Facial Rash,C0239521,rash on face,alias,0.0,"[""T033""]"
5485,Facial Reconstruction,C1537014,facial reconstruction,alias,0.0,"[""T061""]"
5489,Facial Nerve Disease,C0015464,Facial Nerve Diseases,alias,0.0,"[""T047""]"
5491,Facial Nerve Injury,C0161408,Facial Nerve Injuries,alias,0.0,"[""T037""]"
5492,Facial Nerve Palsy,C0015469,Facial paralysis,alias,0.0,"[""T047""]"
5494,Facial Nerve Paralysis,C0015469,Facial paralysis,alias,0.0,"[""T047""]"
5496,Facial Pain,C0015468,Facial Pain,alias,0.0,"[""T184""]"
5498,Facial Deformity,C1385263,Deformity of face,alias,0.0,"[""T190""]"
5499,Facial Droop,C0427055,Facial Paresis,alias,0.0,"[""T047""]"
5501,Facial Fracture,C0743751,facial fractures,alias,0.0,"[""T037""]"
5503,Facial Laceration,C1299982,Facial laceration,alias,0.0,"[""T037""]"
5506,Face Swelling,C0151602,Facial swelling (finding),alias,0.0,"[""T033""]"
5508,Facet Joint Syndrome,C0423690,Facet joint pain,alias,0.0,"[""T047""]"
5512,Facial Asymmetry,C1306710,Facial asymmetry,alias,0.0,"[""T033""]"
5514,Eyelid Repair,C0197213,Repair of the Eyelids,alias,0.0,"[""T061""]"
5515,Eyelid Retraction,C0234665,Retraction of eyelid,alias,0.0,"[""T033""]"
5517,Eyelid Tumors,C0015424,Eyelid Neoplasms,alias,0.0,"[""T191""]"
5518,Fabry Disease,C0002986,Fabry Disease,alias,0.0,"[""T047""]"
5519,Face Cancer,C1654949,Face--Cancer,alias,0.0,"[""T191""]"
5521,Face Lift,C0035519,Face Lift,alias,0.0,"[""T061""]"
5522,Eyelid Abscess,C0155175,Abscess of eyelid,alias,0.0,"[""T047""]"
5524,Eyelid Cancer,C0015424,Eyelid Neoplasms,alias,0.0,"[""T191""]"
5526,Eyelid Disorders,C0015423,Eyelid Diseases,alias,0.0,"[""T047""]"
5527,Eyelid Itching,C0849918,eyelids pruritus,alias,0.0,"[""T184""]"
5528,Eyelid Lesions,C0578590,Lesion of eyelid,alias,0.0,"[""T033""]"
5531,Eye Infections,C0015403,Eye Infection,alias,0.0,"[""T047""]"
5532,Eye Inflammation,C4551678,Eye inflammation,alias,0.0,"[""T046""]"
5533,Eye Lesions,C0743711,eye lesion,alias,0.0,"[""T047""]"
5534,Eye Pain,C0151827,Eye pain,alias,0.0,"[""T184""]"
5536,Eye Socket Reconstruction,C0395048,Reconstruction of eye socket,alias,0.0,"[""T061""]"
5537,Eye Strain,C0004095,Asthenopia,alias,0.0,"[""T047""]"
5538,Extraskeletal Ewing Sarcoma,C0279980,Extra-osseous Ewing's sarcoma,alias,0.0,"[""T191""]"
5540,Extraskeletal Myxoid Chondrosarcoma,C1275278,Extraskeletal Myxoid Chondrosarcoma,alias,0.0,"[""T191""]"
5541,Extraskeletal Osteosarcoma,C0855052,Extraskeletal Osteosarcoma,alias,0.0,"[""T191""]"
5543,Eye Cancer,C0496836,Malignant tumor of eye,alias,0.0,"[""T191""]"
5545,Eye Diseases,C0015397,Disorder of eye,alias,0.0,"[""T047""]"
5546,External Ophthalmoplegia,C0162292,External Ophthalmoplegia,alias,0.0,"[""T047""]"
5547,Extracorporeal Membrane Oxygenation,C0015357,Extracorporeal Membrane Oxygenation,alias,0.0,"[""T061""]"
5548,Extradural Abscess,C0270629,Epidural Abscess,alias,0.0,"[""T047""]"
5549,Extragonadal Germ Cell Tumor,C0262963,Extragonadal Germ Cell Tumor,alias,0.0,"[""T191""]"
5552,Extrapleural Pneumonectomy,C0396583,Extrapleural pneumonectomy,alias,0.0,"[""T061""]"
5553,Extrarenal Rhabdoid Tumor,C1304517,Extrarenal rhabdoid tumor,alias,0.0,"[""T191""]"
5559,External Beam Radiation Therapy,C1517033,External Beam Radiation Therapy,alias,0.0,"[""T061""]"
5561,External Fixation,C5574679,External fixation of bone,alias,0.0,"[""T061""]"
5563,Exophthalmos,C0015300,Exophthalmos,alias,0.0,"[""T047""]"
5564,Exotropia,C0015310,Exotropia,alias,0.0,"[""T047""]"
5565,Exploratory Laparotomy,C0085704,Exploratory laparotomy,alias,0.0,"[""T060""]"
5566,Exploratory Surgery,C1880637,Exploratory Surgery,alias,0.0,"[""T060""]"
5569,Expressive Aphasia,C0917814,"Aphasia, Expressive",alias,0.0,"[""T048""]"
5570,Exercise Induced Asthma,C0004099,"Asthma, Exercise-Induced",alias,0.0,"[""T047""]"
5571,Exercise Intolerance,C0424551,Impaired exercise tolerance,alias,0.0,"[""T033""]"
5572,Exercise Physiology,C1516990,Exercise Physiology,alias,0.0,"[""T091""]"
5573,Exercise Prescription,C0588464,Exercise on prescription,alias,0.0,"[""T061""]"
5574,Exercise Therapies,C0452240,Physical therapy exercises,alias,0.0,"[""T061""]"
5577,Exhaustion,C0392674,Exhaustion,alias,0.0,"[""T184""]"
5580,Excisional Biopsy,C0184921,Excision biopsy,alias,0.0,"[""T060""]"
5581,Executive Function Disorder,C2748208,Executive dysfunction,alias,0.0,"[""T048""]"
5596,Excess Skin Of Eyelid,C0423124,Excess skin of eyelid,alias,0.0,"[""T033""]"
5599,Excessive Salivation,C0037036,Sialorrhea,alias,0.0,"[""T047""]"
5600,Excessive Tearing,C0152227,Excessive tearing,alias,0.0,"[""T047""]"
5603,Essential Tremor,C0270736,Essential Tremor,alias,0.0,"[""T047""]"
5604,Ethmoidectomy,C0189149,Ethmoid sinusectomy,alias,0.0,"[""T061""]"
5607,Eventration Of Diaphragm,C0011981,Diaphragmatic Eventration,alias,0.0,"[""T019""]"
5608,Ewings Sarcoma,C0553580,Ewings sarcoma,alias,0.0,"[""T191""]"
5615,Esophagoplasty,C0014872,Esophagoplasty,alias,0.0,"[""T061""]"
5616,Esophoria,C0152216,Esophoria,alias,0.0,"[""T047""]"
5617,Esotropia,C0014877,Esotropia,alias,0.0,"[""T047""]"
5618,Essential Thrombocytosis,C0040028,"Thrombocythemia, Essential",alias,0.0,"[""T047""]"
5620,Esophageal Ulcer,C0151970,Ulcer of esophagus,alias,0.0,"[""T047""]"
5623,Esophageal Varices,C0014867,Esophageal Varices,alias,0.0,"[""T047""]"
5625,Esophagectomy,C0085198,Esophagectomy,alias,0.0,"[""T061""]"
5626,Esophagitis,C0014868,Esophagitis,alias,0.0,"[""T047""]"
5627,Esophageal Obstruction,C0239296,Obstruction of esophagus,alias,0.0,"[""T047""]"
5628,Esophageal Perforation,C0014860,Esophageal Perforation,alias,0.0,"[""T046""]"
5629,Esophageal Ring,C0267081,Terminal esophageal web,alias,0.0,"[""T047""]"
5630,Esophageal Spasm,C0014863,Esophageal spasm,alias,0.0,"[""T047""]"
5631,Esophageal Stenosis,C0014866,Esophageal Stenosis,alias,0.0,"[""T047""]"
5632,Esophageal Stent,C0183514,Esophageal stent,alias,0.0,"[""T074""]"
5633,Esophageal Stricture,C4551650,Esophageal Stricture,alias,0.0,"[""T047""]"
5634,Esophageal Diverticulum,C0014854,Esophageal diverticulum,alias,0.0,"[""T190""]"
5638,Esophageal Manometry,C0199873,Esophageal manometry,alias,0.0,"[""T060""]"
5639,Esophageal Mass,C0577008,Esophageal mass,alias,0.0,"[""T033""]"
5640,Esophageal Motility Disorders,C0014858,Esophageal motility disorders,alias,0.0,"[""T047""]"
5642,Erythema Nodosum,C0014743,Erythema Nodosum,alias,0.0,"[""T047""]"
5643,Erythematosquamous Dermatosis,C0014747,Erythematosquamous dermatosis,alias,0.0,"[""T047""]"
5644,Erythroderma,C0011606,Exfoliative dermatitis,alias,0.0,"[""T047""]"
5645,Erythromelalgia,C0014804,Erythromelalgia,alias,0.0,"[""T047""]"
5646,Esophageal Atresia,C0014850,Esophageal Atresia,alias,0.0,"[""T019""]"
5647,Esophageal Cancer,C0014859,Esophageal Neoplasms,alias,0.0,"[""T191""]"
5648,Esophageal Dilation,C0740287,Esophageal dilatation operation,alias,0.0,"[""T061""]"
5649,Esophageal Disease,C0014852,Esophageal Diseases,alias,0.0,"[""T047""]"
5651,Eructation,C0014724,Eructation,alias,0.0,"[""T184""]"
5652,Erysipelas,C0014733,Erysipelas,alias,0.0,"[""T047""]"
5653,Erysipelothrix Infection,C0014736,Erysipelothrix infection,alias,0.0,"[""T047""]"
5654,Erythema,C0041834,Erythema,alias,0.0,"[""T047""]"
5655,Erythema Ab Igne,C0494853,Erythema Ab Igne,alias,0.0,"[""T047""]"
5656,Erythema Marginatum,C0085659,Erythema marginatum,alias,0.0,"[""T047""]"
5657,Erythema Migrans,C0014740,Erythema Chronicum Migrans,alias,0.0,"[""T047""]"
5658,Erythema Multiforme,C0014742,Erythema Multiforme,alias,0.0,"[""T047""]"
5659,Epithelioid Hemangioma,C0205788,Histiocytoid hemangioma,alias,0.0,"[""T191""]"
5660,Epithelioid Malignant Peripheral Nerve Sheath Tumor,C1321427,Epithelioid Malignant Peripheral Nerve Sheath Tumor,alias,0.0,"[""T191""]"
5662,Epithelioid Sarcoma,C0205944,"Sarcoma, Epithelioid",alias,0.0,"[""T191""]"
5665,Erb Palsy,C0270897,Erb-Duchenne Paralysis,alias,0.0,"[""T037""]"
5668,Epileptic Confusional State,C0270823,Petit mal status,alias,0.0,"[""T047""]"
5669,Epileptic Twilight State,C0270823,Petit mal status,alias,0.0,"[""T047""]"
5670,Epiretinal Membrane,C0339543,Epiretinal Membrane,alias,0.0,"[""T190""]"
5671,Episiotomy,C0014586,Episiotomy,alias,0.0,"[""T061""]"
5672,Epispadias,C0014588,Epispadias,alias,0.0,"[""T019""]"
5673,Epistaxis,C0014591,Epistaxis,alias,0.0,"[""T046""]"
5674,Epithelioid Hemangioendothelioma,C0206732,Epithelioid hemangioendothelioma,alias,0.0,"[""T191""]"
5675,Epidural Injection,C0812144,Medication administration: epidural,alias,0.0,"[""T061""]"
5676,Epigastric Hernia,C0019287,Epigastric hernia,alias,0.0,"[""T190""]"
5677,Epigastric Pain,C0232493,Epigastric pain,alias,0.0,"[""T184""]"
5678,Epiglottitis,C0014541,Epiglottitis,alias,0.0,"[""T047""]"
5680,Epilepsy,C0014544,Epilepsy,alias,0.0,"[""T047""]"
5684,Epidermoid Cysts,C0014511,Epithelial cyst,alias,0.0,"[""T190""]"
5685,Epidermolysis Bullosa,C0014527,Epidermolysis Bullosa,alias,0.0,"[""T019""]"
5686,Epididymitis,C0014534,Epididymitis,alias,0.0,"[""T047""]"
5687,Epididymo Orchitis,C0149881,Epididymo-orchitis,alias,0.0,"[""T047""]"
5688,Epididymotomy,C0194863,Incision of epididymis,alias,0.0,"[""T061""]"
5689,Epidural Blood Patch,C0162649,"Blood Patch, Epidural",alias,0.0,"[""T061""]"
5690,Epidural Hematoma,C0238154,"Hematoma, Epidural, Cranial",alias,0.0,"[""T046""]"
5691,Epidural Hemorrhage,C0238154,"Hematoma, Epidural, Cranial",alias,0.0,"[""T046""]"
5692,Eosinophilic Gastritis,C0267154,Eosinophilic gastritis,alias,0.0,"[""T047""]"
5696,Ependymoma,C0014474,Ependymoma,alias,0.0,"[""T191""]"
5698,Epicondylitis,C0014488,Epicondylitis,alias,0.0,"[""T047""]"
5700,Enuresis,C0014394,Enuresis,alias,0.0,"[""T047""]"
5701,Environmental Allergies,C0282504,Environmental Illness,alias,0.0,"[""T047""]"
5702,Environmental Lung Diseases,C0264420,Environmental lung disease,alias,0.0,"[""T047""]"
5704,Eosinophilic Colitis,C0267448,Eosinophilic colitis,alias,0.0,"[""T047""]"
5706,Eosinophilic Esophagitis,C0341106,Eosinophilic esophagitis,alias,0.0,"[""T047""]"
5707,Eosinophilic Fasciitis,C0264005,Eosinophilic Fasciitis,alias,0.0,"[""T047""]"
5709,Enterocolitis,C0014356,Enterocolitis,alias,0.0,"[""T047""]"
5710,Enterovaginal Fistula,C0948370,enterovaginal fistula,alias,0.0,"[""T190""]"
5711,Enterovesical Fistula,C0156272,Enterovesical Fistula,alias,0.0,"[""T047""]"
5712,Enteroviral Meningitis,C0276430,Enterovirus meningitis,alias,0.0,"[""T047""]"
5713,Enthesitis,C1282952,Enthesitis,alias,0.0,"[""T047""]"
5714,Entropion,C0014390,Entropion,alias,0.0,"[""T047""]"
5715,Enucleation,C0014392,Enucleation procedure,alias,0.0,"[""T061""]"
5719,Enlarged Prostate,C0426732,Large prostate,alias,0.0,"[""T033""]"
5720,Enophthalmos,C0014306,Enophthalmos,alias,0.0,"[""T047""]"
5721,Enteral And Parenteral Nutrition,C0810231,enteral and parenteral nutrition,alias,0.0,"[""T061""]"
5722,Enterectomy,C0192616,Partial excision of small intestine,alias,0.0,"[""T061""]"
5723,Enterocele,C0205792,Enterocele,alias,0.0,"[""T190""]"
5727,Endovascular Stenting,C4763881,Endovascular Stenting,alias,0.0,"[""T061""]"
5733,Endovascular Aneurysm Repair,C4763880,Endovascular Aneurysm Repair,alias,0.0,"[""T061""]"
5742,Endoscopic Sinus Surgery,C4763878,Endoscopic Sinus Surgery,alias,0.0,"[""T061""]"
5744,Endoscopic Surgery,C0282493,Surgical Endoscopy,alias,0.0,"[""T060""]"
5746,Endoscopic Third Ventriculostomy,C0844212,Endoscopic Third Ventriculostomy,alias,0.0,"[""T061""]"
5749,Endoscopic Carpal Tunnel Release,C0458125,Endoscopic carpal tunnel release,alias,0.0,"[""T061""]"
5755,Endoscopic Mucosal Resection,C1700928,Endoscopic mucosal resection,alias,0.0,"[""T061""]"
5756,Endometritis,C0014179,Endometritis,alias,0.0,"[""T047""]"
5757,Endophthalmitis,C0014236,Endophthalmitis,alias,0.0,"[""T047""]"
5764,Endoleak,C1504464,Endoleak,alias,0.0,"[""T046""]"
5765,Endometrial Ablation,C0341803,Endometrial Ablation Techniques,alias,0.0,"[""T061""]"
5766,Endometrial Biopsy,C1510477,Endometrial biopsy,alias,0.0,"[""T060""]"
5767,Endometrial Cancer,C0476089,Endometrial Carcinoma,alias,0.0,"[""T191""]"
5769,Endometrial Hyperplasia,C0014173,Endometrial Hyperplasia,alias,0.0,"[""T047""]"
5770,Endometrioma,C1536148,Chocolate cyst of ovary,alias,0.0,"[""T191""]"
5771,Endometriosis,C0014175,Endometriosis,alias,0.0,"[""T047""]"
5773,Endocardial Cushion Defect,C0014116,Endocardial Cushion Defects,alias,0.0,"[""T019""]"
5774,Endocrine Carcinoma,C0848860,endocrine carcinoma,alias,0.0,"[""T191""]"
5777,Endocrine Disorders,C0014130,Endocrine System Diseases,alias,0.0,"[""T047""]"
5778,Endocrine Surgery,C0038900,Endocrine Surgical Procedures,alias,0.0,"[""T061""]"
5781,End Stage Renal Disease,C0022661,"Kidney Failure, Chronic",alias,0.0,"[""T047""]"
5782,Endarterectomy,C0014098,Endarterectomy,alias,0.0,"[""T061""]"
5786,Endobronchial Stent Placement,C4528581,Endobronchial Stent Placement,alias,0.0,"[""T061""]"
5787,Endobronchial Ultrasound,C3160856,Endobronchial Ultrasound Bronchoscopy,alias,0.0,"[""T060""]"
5789,Empyema,C0014009,Empyema,alias,0.0,"[""T047""]"
5790,Encephalitis,C0014038,Encephalitis,alias,0.0,"[""T047""]"
5791,Encephalocele,C0014065,Congenital cerebral hernia,alias,0.0,"[""T019""]"
5793,Encephalopathies,C0085584,Encephalopathies,alias,0.0,"[""T047""]"
5797,Embryonal Rhabdomyosarcoma,C0206656,Embryonal Rhabdomyosarcoma,alias,0.0,"[""T191""]"
5800,Emery Dreifuss Muscular Dystrophy,C0410189,"Muscular Dystrophy, Emery-Dreifuss",alias,0.0,"[""T047""]"
5801,Emphysema,C0013990,Pathological accumulation of air in tissues,alias,0.0,"[""T046""]"
5802,Employee Health,C0079272,Employee Health,alias,0.0,"[""T078""]"
5803,Elevated Sedimentation Rate,C0151632,Erythrocyte sedimentation rate raised,alias,0.0,"[""T033""]"
5806,Embolectomy,C0162575,Embolectomy,alias,0.0,"[""T061""]"
5807,Embolic Protection Devices,C2936200,Embolic Protection Devices,alias,0.0,"[""T074""]"
5809,Embryo Donation,C3489429,Embryo Donation,alias,0.0,"[""T058""]"
5810,Embryo Transfer,C0013938,Embryo transfer (procedure),alias,0.0,"[""T061""]"
5813,Elevated Creatinine,C0151578,Creatinine increased,alias,0.0,"[""T033""]"
5814,Elevated Ferritin,C0743912,Increased ferritin,alias,0.0,"[""T033""]"
5818,Elevated Psa,C0178415,Raised prostate specific antigen,alias,0.0,"[""T033""]"
5819,Electrolysis,C0013829,Electrolysis,alias,0.0,"[""T061""]"
5821,Electromagnetic Navigation Bronchoscopy,C3899273,Electromagnetic navigation bronchoscopy,alias,0.0,"[""T060""]"
5822,Electromyography,C0013839,Electromyography,alias,0.0,"[""T060""]"
5825,Electronystagmography,C0013853,Electronystagmography,alias,0.0,"[""T060""]"
5827,Elbow Tendonitis,C0848967,elbow tendonitis,alias,0.0,"[""T047""]"
5832,Electrocorticography,C0430797,Electrocorticogram,alias,0.0,"[""T060""]"
5834,Electroejaculation,C0372516,Electroejaculation procedure,alias,0.0,"[""T061""]"
5835,Electroencephalography,C0013819,Electroencephalography,alias,0.0,"[""T060""]"
5838,Elbow Pain,C0239266,Pain in elbow,alias,0.0,"[""T184""]"
5840,Elbow Sprain,C0435024,Sprain of ligament of elbow,alias,0.0,"[""T037""]"
5841,Elbow Strain,C0149977,Subluxation of radial head,alias,0.0,"[""T037""]"
5842,Elbow Surgery,C0186327,Operative procedure on elbow,alias,0.0,"[""T061""]"
5846,Elbow Dislocation,C2720437,Dislocation of elbow joint,alias,0.0,"[""T037""]"
5847,Elbow Fracture,C0600106,Elbow Fractures,alias,0.0,"[""T037""]"
5850,Elbow Injury,C0149674,Elbow Injuries,alias,0.0,"[""T037""]"
5852,Egg Allergy,C0559469,Allergy to eggs,alias,0.0,"[""T047""]"
5853,Egg Freezing,C5545330,Egg Freezing,alias,0.0,"[""T061""]"
5856,Ehrlichiosis,C0085399,Ehrlichiosis,alias,0.0,"[""T047""]"
5857,Eisenmenger Syndrome,C0013743,Eisenmenger Complex,alias,0.0,"[""T047""]"
5859,Elbow Arthritis,C0409212,Arthritis of elbow,alias,0.0,"[""T047""]"
5860,Eczematous Dermatitis Of Eyelid,C0155177,Eczematous dermatitis of eyelid,alias,0.0,"[""T047""]"
5861,Edema,C0013604,Edema,alias,0.0,"[""T046""]"
5870,Ectopic Kidney,C0238207,Ectopic kidney,alias,0.0,"[""T019""]"
5871,Ectopic Pregnancy,C0032987,Ectopic Pregnancy,alias,0.0,"[""T046""]"
5872,Ectopic Ureter,C0266328,Ectopic ureter,alias,0.0,"[""T047""]"
5873,Ectrodactyly,C0265554,Ectrodactyly,alias,0.0,"[""T019""]"
5874,Ectropion,C0013592,Ectropion,alias,0.0,"[""T047""]"
5875,Eczema,C0013595,Eczema,alias,0.0,"[""T047""]"
5876,Eczema Herpeticum,C0936250,Eczema Herpeticum,alias,0.0,"[""T047""]"
5877,Ebola,C0282687,"Hemorrhagic Fever, Ebola",alias,0.0,"[""T047""]"
5878,Ebsteins Anomaly,C0013481,Ebstein Anomaly,alias,0.0,"[""T019""]"
5879,Eccrine Carcinoma,C1302864,Eccrine carcinoma of skin,alias,0.0,"[""T191""]"
5880,Echinococcus Infections,C0013502,Echinococcosis,alias,0.0,"[""T047""]"
5881,Echocardiography,C0013516,Echocardiography,alias,0.0,"[""T060""]"
5883,Ectopia Lentis,C0013581,Ectopia Lentis,alias,0.0,"[""T019""]"
5889,Early Satiety,C0239233,Early satiety,alias,0.0,"[""T184""]"
5890,Eastern Equine Encephalitis,C0153065,"Encephalomyelitis, Eastern Equine",alias,0.0,"[""T047""]"
5891,Easy Bruising,C0423798,Increased tendency to bruise,alias,0.0,"[""T033""]"
5892,Eating Disorders,C0013473,Eating Disorders,alias,0.0,"[""T048""]"
5896,Ear Pain,C0013456,Earache,alias,0.0,"[""T184""]"
5897,Ear Pinning,C0198069,Setback of ear,alias,0.0,"[""T061""]"
5900,Ear Tag,C1860816,Preauricular skin tag,alias,0.0,"[""T033""]"
5901,Earache,C0013456,Earache,alias,0.0,"[""T184""]"
5902,Ear Cyst,C0743344,ear cyst,alias,0.0,"[""T033""]"
5904,Ear Discharge,C0155540,Ear discharge,alias,0.0,"[""T033""]"
5905,Ear Drainage,C0198018,Drainage of external ear,alias,0.0,"[""T061""]"
5908,Ear Infections,C0699744,Infection of ear,alias,0.0,"[""T047""]"
5912,Ear Blockage,C0239221,blocked ears,alias,0.0,"[""T033""]"
5915,Ear Cancer,C2350059,Cancer of Ear,alias,0.0,"[""T191""]"
5919,Dysplastic Nevus,C0205748,Dysplastic Nevus,alias,0.0,"[""T191""]"
5920,Dyspnea On Exertion,C0231807,Dyspnea on exertion,alias,0.0,"[""T184""]"
5921,Dyspraxia,C0003635,Apraxias,alias,0.0,"[""T048""]"
5922,Dysthymia,C0013415,Dysthymic Disorder,alias,0.0,"[""T048""]"
5923,Dystonia,C0393593,Dystonia Disorders,alias,0.0,"[""T047""]"
5924,Dysuria,C0013428,Dysuria,alias,0.0,"[""T184""]"
5925,Dysmorphic Features,C0432072,Dysmorphic features,alias,0.0,"[""T019""]"
5926,Dysmotility,C0679316,Dysmotility,alias,0.0,"[""T046""]"
5927,Dyspareunia,C0013394,Dyspareunia (female),alias,0.0,"[""T047""]"
5928,Dyspepsia,C0013395,Dyspepsia,alias,0.0,"[""T184""]"
5929,Dysphagia,C0011168,Deglutition Disorders,alias,0.0,"[""T047""]"
5931,Dysphonia,C1527344,Dysphonia,alias,0.0,"[""T048""]"
5932,Dysphoria,C0233477,Dysphoric mood,alias,0.0,"[""T048""]"
5934,Dysesthesia,C0392699,Dysesthesia,alias,0.0,"[""T047""]"
5936,Dyshidrosis,C0032633,Vesicular eczema of hands and/or feet,alias,0.0,"[""T047""]"
5937,Dyskeratosis Congenita,C0265965,Dyskeratosis Congenita,alias,0.0,"[""T047""]"
5939,Dyskinesia,C0013384,Dyskinetic syndrome,alias,0.0,"[""T047""]"
5940,Dyslexia,C0476254,Dyslexia,alias,0.0,"[""T048""]"
5941,Dysmenorrhea,C0013390,Dysmenorrhea,alias,0.0,"[""T047""]"
5942,Dural Arteriovenous Fistula,C0752156,Dural Arteriovenous Fistula,alias,0.0,"[""T190""]"
5945,Dye Allergy,C0694573,dye allergy,alias,0.0,"[""T046""]"
5947,Dysarthria,C0013362,Dysarthria,alias,0.0,"[""T048""]"
5948,Dysautonomia,C0013363,Dysautonomia,alias,0.0,"[""T047""]"
5949,Dyschromia,C1704421,Skin Pigmentation Disorder,alias,0.0,"[""T047""]"
5950,Dysembryoplastic Neuroepithelial Tumor,C1266177,Dysembryoplastic neuroepithelial tumor,alias,0.0,"[""T191""]"
5952,Duodenal Ulcer,C0013295,Duodenal Ulcer,alias,0.0,"[""T047""]"
5954,Duodenitis,C0013298,Duodenitis,alias,0.0,"[""T047""]"
5955,Duodenoduodenostomy,C0192746,Duodenoduodenostomy,alias,0.0,"[""T061""]"
5958,Dupuytren Contracture,C0013312,Dupuytren Contracture,alias,0.0,"[""T047""]"
5961,Dumping Syndrome,C0013288,Dumping Syndrome,alias,0.0,"[""T047""]"
5962,Duodenal Atresia,C0266174,Duodenal atresia,alias,0.0,"[""T019""]"
5963,Duodenal Fistula,C0267358,Duodenal fistula,alias,0.0,"[""T190""]"
5964,Duodenal Mass,C0013291,Duodenal Neoplasms,alias,0.0,"[""T191""]"
5965,Duodenal Stenosis,C0238093,Stenosis of duodenum,alias,0.0,"[""T190""]"
5966,Duodenal Stricture,C0267353,Stricture of duodenum,alias,0.0,"[""T190""]"
5967,Dry Mouth,C0043352,Xerostomia,alias,0.0,"[""T047""]"
5968,Dry Nose,C0231919,Nasal mucosa dry,alias,0.0,"[""T033""]"
5969,Dry Scalp,C0847631,Dry scalp,alias,0.0,"[""T033""]"
5972,Dual Diagnosis,C0206308,Dual diagnosis (psychiatry),alias,0.0,"[""T033""]"
5973,Duane Syndrome,C0013261,Duane Retraction Syndrome,alias,0.0,"[""T047""]"
5974,Duchenne Muscular Dystrophy,C0013264,"Muscular Dystrophy, Duchenne",alias,0.0,"[""T047""]"
5976,Drug Induced Liver Injury,C0860207,Drug-Induced Liver Disease,alias,0.0,"[""T047""]"
5979,Drug Reaction,C0041755,Adverse reaction to drug,alias,0.0,"[""T046""]"
5980,Drug Test,C0038577,Substance Abuse Detection,alias,0.0,"[""T059""]"
5981,Dry Eyes,C0720056,Dry Eyes brand of ocular lubricant,alias,0.0,"[""T121""]"
5984,Double Aortic Arch,C0265883,Double Aortic Arch,alias,0.0,"[""T019""]"
5987,Down Syndrome,C0013080,Down Syndrome,alias,0.0,"[""T047""]"
5988,Drop Attack,C0259813,Drop Attack,alias,0.0,"[""T184""]"
5989,Drug Allergy,C0013182,Drug Allergy,alias,0.0,"[""T046""]"
5995,Donor Lymphocyte Infusion,C1512034,Donor Lymphocyte Infusion,alias,0.0,"[""T061""]"
5996,Donor Nephrectomy,C0411257,Removal of kidney from donor,alias,0.0,"[""T061""]"
5999,Dorsal Column Stimulator,C0810635,"Stimulators, Electrical, Spinal Cord",alias,0.0,"[""T074""]"
6003,Diverticular Disease,C4317009,Diverticular Diseases,alias,0.0,"[""T047""]"
6004,Diverticulitis,C0012813,Diverticulitis,alias,0.0,"[""T047""]"
6007,Dizziness,C0012833,Dizziness,alias,0.0,"[""T184""]"
6008,Disseminated Intravascular Coagulation,C0012739,Disseminated Intravascular Coagulation,alias,0.0,"[""T047""]"
6009,Dissociated Vertical Deviation,C0339640,Dissociated vertical deviation,alias,0.0,"[""T047""]"
6010,Dissociative Disorders,C0012746,Dissociative disorder,alias,0.0,"[""T048""]"
6012,Distal Muscular Dystrophy,C0751336,Distal Muscular Dystrophies,alias,0.0,"[""T047""]"
6013,Distal Myopathy,C0751336,Distal Muscular Dystrophies,alias,0.0,"[""T047""]"
6019,Disruptive Behavior,C0474416,Disruptive Behavior,alias,0.0,"[""T033""]"
6020,Dissecting Abdominal Aortic Aneurysm,C0302465,Dissecting Abdominal Aortic Aneurysm,alias,0.0,"[""T047""]"
6021,Dissection Carotid Artery,C0338585,Dissection of carotid artery,alias,0.0,"[""T047""]"
6022,Dissection Of Aorta,C0340643,Dissection of aorta,alias,0.0,"[""T047""]"
6032,Disability Evaluation,C0012605,Disability Evaluation,alias,0.0,"[""T060""]"
6036,Discoid Lupus Erythematosus,C5574816,Discoid lupus erythematosus,alias,0.0,"[""T047""]"
6037,Diskectomy,C0206078,Diskectomy,alias,0.0,"[""T061""]"
6038,Dislocated Patella,C1135812,Patellar Dislocation,alias,0.0,"[""T037""]"
6040,Diphtheria,C0012546,Diphtheria,alias,0.0,"[""T047""]"
6041,Diplomyelia,C1260890,Diplomyelia,alias,0.0,"[""T019""]"
6042,Diplopia,C0012569,Diplopia,alias,0.0,"[""T033""]"
6047,Disability,C5240435,Disability:Type:Pt:^Patient:Nom,alias,0.0,"[""T201""]"
6049,Digital Papillary Adenocarcinoma,C1367789,Digital papillary eccrine carcinoma of skin,alias,0.0,"[""T191""]"
6050,Digital Rectal Examination,C0199900,Rectal examination,alias,0.0,"[""T060""]"
6052,Dilated Cardiomyopathy,C0007193,"Cardiomyopathy, Dilated",alias,0.0,"[""T047""]"
6056,Diffuse Astrocytoma,C0280785,Diffuse Astrocytoma,alias,0.0,"[""T191""]"
6057,Diffuse Axonal Injury,C0752219,Diffuse Axonal Injury,alias,0.0,"[""T037""]"
6058,Diffuse Cerebral Sclerosis,C0007795,Diffuse Cerebral Sclerosis of Schilder,alias,0.0,"[""T047""]"
6061,Digeorge Syndrome,C0012236,DiGeorge Syndrome,alias,0.0,"[""T047""]"
6062,Digestive Disorders,C0012242,Digestive System Disorders,alias,0.0,"[""T047""]"
6068,Difficulty Reading,C0586742,Difficulty reading,alias,0.0,"[""T033""]"
6069,Difficulty Speaking,C1527347,Difficulty speaking,alias,0.0,"[""T033""]"
6075,Diaphragmatic Hernia,C0019284,Diaphragmatic Hernia,alias,0.0,"[""T047""]"
6077,Diarrhea,C0011991,Diarrhea,alias,0.0,"[""T184""]"
6078,Diastasis,C0036679,Diastasis,alias,0.0,"[""T046""]"
6079,Diastematomyelia,C0011999,Diastematomyelia,alias,0.0,"[""T019""]"
6082,Diamond Blackfan Anemia,C1260899,"Anemia, Diamond-Blackfan",alias,0.0,"[""T047""]"
6083,Diaper Rash,C0011974,Diaper Rash,alias,0.0,"[""T047""]"
6085,Diabetic Neuropathy,C0011882,Diabetic Neuropathies,alias,0.0,"[""T047""]"
6086,Diabetic Retinopathy,C0011884,Diabetic Retinopathy,alias,0.0,"[""T047""]"
6087,Diabetic Ulcer,C0743150,diabetic ulcer,alias,0.0,"[""T033""]"
6088,Dialysis,C0011946,Dialysis procedure,alias,0.0,"[""T061""]"
6091,Diabetic Coma,C1263960,Diabetes with coma (disorder),alias,0.0,"[""T047""]"
6092,Diabetic Eye Disease,C0342245,Disorder of eye due to diabetes mellitus,alias,0.0,"[""T047""]"
6094,Diabetic Foot Care,C0011879,diabetic foot care,alias,0.0,"[""T061""]"
6095,Diabetic Foot Infection,C0744130,diabetic foot infection,alias,0.0,"[""T047""]"
6096,Diabetic Ketoacidosis,C0011880,Diabetic Ketoacidosis,alias,0.0,"[""T047""]"
6098,Diabetic Nephropathy,C0011881,Diabetic Nephropathy,alias,0.0,"[""T047""]"
6099,Diabetes Education,C0850356,diabetes education,alias,0.0,"[""T065""]"
6100,Diabetes Insipidus,C0011848,Diabetes Insipidus,alias,0.0,"[""T047""]"
6102,Diabetes Mellitus,C0011849,Diabetes Mellitus,alias,0.0,"[""T047""]"
6103,Diabetes Screening,C0199229,Screening for diabetes,alias,0.0,"[""T060""]"
6104,Diabetes Therapy,C3274787,Diabetes Therapy,alias,0.0,"[""T061""]"
6106,Diabetic Cardiomyopathy,C0853897,Diabetic Cardiomyopathies,alias,0.0,"[""T047""]"
6107,Diabetic Cataract,C0011876,Cataract due to diabetes mellitus,alias,0.0,"[""T047""]"
6111,Developmental Hip Dislocation,C3280020,Developmental Dysplasia of the Hip,alias,0.0,"[""T047""]"
6112,Developmental Regression,C1836830,Developmental regression,alias,0.0,"[""T047""]"
6113,Deviated Septum,C0549397,Deviated nasal septum,alias,0.0,"[""T033""]"
6114,Dextrocardia,C0011813,Dextrocardia,alias,0.0,"[""T019""]"
6116,Destructive Behavior,C0233520,Destructive behavior,alias,0.0,"[""T055""]"
6118,Detrusor Instability,C1261562,Detrusor instability,alias,0.0,"[""T047""]"
6122,Developmental Delay,C0424605,Developmental delay,alias,0.0,"[""T048""]"
6123,Developmental Disabilities,C0008073,Developmental Disabilities,alias,0.0,"[""T048""]"
6126,Desmoid Tumors,C0079218,"Fibromatosis, Aggressive",alias,0.0,"[""T191""]"
6127,Desmoplastic Small Cell Tumor,C0281508,Desmoplastic Small Round Cell Tumor,alias,0.0,"[""T191""]"
6129,Desquamative Interstitial Pneumonia,C0238378,Desquamative interstitial pneumonia,alias,0.0,"[""T047""]"
6132,Dermatofibrosarcoma Protuberans,C0392784,Dermatofibrosarcoma Protuberans,alias,0.0,"[""T191""]"
6133,Dermatographism,C0343065,Dermatographic urticaria,alias,0.0,"[""T047""]"
6134,Dermatologic Surgery,C3266910,Dermatologic Surgical Procedures,alias,0.0,"[""T061""]"
6135,Dermatomycoses,C0011630,Dermatomycoses,alias,0.0,"[""T047""]"
6136,Dermatomyositis,C0011633,Dermatomyositis,alias,0.0,"[""T047""]"
6137,Dermatophytosis,C0011636,Dermatophytosis,alias,0.0,"[""T047""]"
6138,Dermoid Cyst,C0011649,Dermoid Cyst,alias,0.0,"[""T191""]"
6139,Dermoscopy,C1449565,Dermoscopy,alias,0.0,"[""T060""]"
6140,Deprescribing,C4046040,Deprescribing,alias,0.0,"[""T058""]"
6141,Depressed Mood,C0344315,Depressed mood,alias,0.0,"[""T048""]"
6142,Depression,C4085311,Depression - recess,alias,0.0,"[""T080""]"
6144,Dermal Fillers,C4042850,Dermal Fillers,alias,0.0,"[""T122""]"
6145,Dermatitis,C0011603,Dermatitis,alias,0.0,"[""T047""]"
6146,Dermatitis Herpetiformis,C0011608,Dermatitis Herpetiformis,alias,0.0,"[""T047""]"
6147,Dermatofibrosarcoma,C0206647,Dermatofibrosarcoma,alias,0.0,"[""T191""]"
6150,Dental Extractions,C0040440,Tooth Extraction,alias,0.0,"[""T061""]"
6152,Dental Infection,C0877046,Tooth Infection,alias,0.0,"[""T047""]"
6154,Dentofacial Deformities,C3494419,Dentofacial Deformities,alias,0.0,"[""T190""]"
6155,Dents Disease,C0878681,Dent's disease,alias,0.0,"[""T047""]"
6159,Dementia,C0497327,Dementia,alias,0.0,"[""T048""]"
6161,Demyelinating Disease,C0011303,Demyelinating Diseases,alias,0.0,"[""T047""]"
6162,Dendritic Keratitis,C0022570,"Keratitis, Dendritic",alias,0.0,"[""T047""]"
6163,Dengue Fever,C0011311,Dengue Fever,alias,0.0,"[""T047""]"
6167,Dehydration,C0011175,Dehydration,alias,0.0,"[""T047""]"
6168,Dejerine Sottas Disease,C0011195,Dejerine-Sottas Disease (disorder),alias,0.0,"[""T047""]"
6169,Delayed Menarche,C0949173,Delayed menarche,alias,0.0,"[""T047""]"
6170,Delayed Puberty,C0034012,Delayed Puberty,alias,0.0,"[""T046""]"
6173,Delirium,C0011206,Delirium,alias,0.0,"[""T048""]"
6176,Degenerative Joint Disease,C0029408,Degenerative polyarthritis,alias,0.0,"[""T047""]"
6182,Deep Thrombophlebitis,C0151950,Deep thrombophlebitis,alias,0.0,"[""T047""]"
6183,Deep Vein Thrombosis,C0149871,Deep Vein Thrombosis,alias,0.0,"[""T047""]"
6185,Deficiency Of Interleukin 1 Receptor Antagonist,C2748507,INTERLEUKIN 1 RECEPTOR ANTAGONIST DEFICIENCY,alias,0.0,"[""T047""]"
6190,Decreased Pulses,C2230138,Pulse slow (finding),alias,0.0,"[""T033""]"
6191,Dedifferentiated Liposarcoma,C0205824,"Liposarcoma, Dedifferentiated",alias,0.0,"[""T191""]"
6192,Deep Brain Stimulation,C0394162,Deep Brain Stimulation,alias,0.0,"[""T061""]"
6201,Decortication Of Lung,C0176537,Decortication of lung,alias,0.0,"[""T061""]"
6202,Decrease In Appetite,C0232462,Decrease in appetite,alias,0.0,"[""T184""]"
6203,Decreased Hearing,C1384666,hearing impairment,alias,0.0,"[""T047""]"
6204,Decreased Libido,C0011124,Decreased Libido,alias,0.0,"[""T033""]"
6206,Daytime Sleepiness,C2219848,Daytime Somnolence,alias,0.0,"[""T033""]"
6208,Deafness,C0011053,Deafness,alias,0.0,"[""T033""]"
6209,Death And Dying,C0870388,death and dying,alias,0.0,"[""T040""]"
6210,Death With Dignity,C0011070,Death with Dignity,alias,0.0,"[""T033""]"
6211,Debility,C3714552,Weakness,alias,0.0,"[""T184""]"
6213,Decompression Laminectomy,C1306561,Decompression laminectomy,alias,0.0,"[""T061""]"
6215,Dacryoadenitis,C0155223,Dacryoadenitis,alias,0.0,"[""T047""]"
6216,Dacryocystitis,C0010930,Dacryocystitis,alias,0.0,"[""T047""]"
6217,Dacryocystorhinostomy,C0010931,Dacryocystorhinostomy,alias,0.0,"[""T061""]"
6219,Dandruff,C0221244,Seborrheic dermatitis of scalp,alias,0.0,"[""T047""]"
6220,Dandy Walker Malformation,C0010964,Dandy-Walker Syndrome,alias,0.0,"[""T047""]"
6221,Dark Urine,C0426396,Urine looks dark,alias,0.0,"[""T033""]"
6231,Cystourethroscopy,C0010707,Transurethral cystoscopy (procedure),alias,0.0,"[""T060""]"
6234,Cytomegaloviral Infection,C0010823,Cytomegalovirus Infections,alias,0.0,"[""T047""]"
6235,Cytomegaloviral Pneumonia,C0276253,Cytomegaloviral pneumonia,alias,0.0,"[""T047""]"
6236,Cytomegaloviral Retinitis,C0206178,Cytomegalovirus Retinitis,alias,0.0,"[""T047""]"
6239,Cystogram,C0203126,Cystography,alias,0.0,"[""T060""]"
6240,Cystolitholapaxy,C0194530,"Crushing of calculus of urinary bladder, NOS (procedure)",alias,0.0,"[""T061""]"
6241,Cystometry,C0200000,Cystometrogram,alias,0.0,"[""T060""]"
6242,Cystosarcoma Phyllodes,C0010701,Phyllodes Tumor,alias,0.0,"[""T191""]"
6243,Cystoscopy,C0010702,Cystoscopy,alias,0.0,"[""T060""]"
6245,Cystotomy,C0546515,Cystotomy,alias,0.0,"[""T061""]"
6248,Cystic Hygroma,C0206620,"Lymphangioma, Cystic",alias,0.0,"[""T191""]"
6250,Cystinuria,C0010691,Cystinuria,alias,0.0,"[""T047""]"
6251,Cystitis,C0010692,Cystitis,alias,0.0,"[""T047""]"
6252,Cystocele,C0010695,Cystocele,alias,0.0,"[""T047""]"
6253,Cyst,C0010709,Cyst,alias,0.0,"[""T190""]"
6254,Cyst Of Eyelid,C0155218,Cyst of eyelid,alias,0.0,"[""T047""]"
6256,Cyst Removal,C0742962,cyst removal,alias,0.0,"[""T061""]"
6259,Cystectomy,C0010651,Cystectomy,alias,0.0,"[""T061""]"
6260,Cystic Fibrosis,C0010674,Cystic Fibrosis,alias,0.0,"[""T047""]"
6261,Cutis Aplasia,C0282160,Aplasia Cutis Congenita,alias,0.0,"[""T019""]"
6262,Cutis Laxa,C0010495,Cutis Laxa,alias,0.0,"[""T047""]"
6265,Cyanosis,C0010520,Cyanosis,alias,0.0,"[""T184""]"
6267,Cyberknife,C1300683,CyberKnife,alias,0.0,"[""T074""]"
6269,Cutaneous Candidiasis,C0006846,Cutaneous Candidiasis,alias,0.0,"[""T047""]"
6270,Cutaneous Horn,C0085664,Cutaneous horn,alias,0.0,"[""T020""]"
6271,Cutaneous Larva Migrans,C0546999,"Larva Migrans, Cutaneous",alias,0.0,"[""T047""]"
6272,Cutaneous Lymphoma,C1302772,Primary cutaneous lymphoma,alias,0.0,"[""T191""]"
6273,Cutaneous Mastocytosis,C1136033,Cutaneous Mastocytosis,alias,0.0,"[""T191""]"
6274,Cutaneous T Cell Lymphoma,C0079773,"Lymphoma, T-Cell, Cutaneous",alias,0.0,"[""T191""]"
6275,Cutaneous Vasculitis,C0262988,Cutaneous Vasculitis,alias,0.0,"[""T047""]"
6278,Cubital Tunnel Syndrome,C0206239,Cubital Tunnel Syndrome,alias,0.0,"[""T047""]"
6281,Cushing Syndrome,C0010481,Cushing Syndrome,alias,0.0,"[""T047""]"
6282,Cutaneous Amyloidosis,C0268397,"Amyloidosis, Primary Cutaneous",alias,0.0,"[""T047""]"
6284,Cryptogenic Organizing Pneumonia,C0242770,Bronchiolitis Obliterans Organizing Pneumonia,alias,0.0,"[""T047""]"
6285,Cryptorchidism,C0010417,Cryptorchidism,alias,0.0,"[""T019""]"
6286,Cryptosporidiosis,C0010418,Cryptosporidiosis,alias,0.0,"[""T047""]"
6287,Crystalline Arthritis,C0152087,Crystal Arthropathies,alias,0.0,"[""T047""]"
6296,Cryptococcal Meningitis,C0085436,"Meningitis, Cryptococcal",alias,0.0,"[""T047""]"
6297,Cryptococcosis,C5235087,Cryptococcosis,alias,0.0,"[""T047""]"
6298,Cryptogenic Epilepsy,C0086237,"Epilepsy, Cryptogenic",alias,0.0,"[""T047""]"
6301,Crush Injury,C0332679,Crushing injury,alias,0.0,"[""T037""]"
6303,Cryoablation,C0010408,Cryosurgery,alias,0.0,"[""T061""]"
6304,Cryoglobulinemia,C0010403,Cryoglobulinemia,alias,0.0,"[""T047""]"
6307,Crigler Najjar Syndrome,C0010324,"Crigler Najjar syndrome, type 1",alias,0.0,"[""T047""]"
6308,Critical Limb Ischemia,C1142264,Chronic Limb-Threatening Ischemia,alias,0.0,"[""T047""]"
6310,Crohns Disease,C0010346,Crohn Disease,alias,0.0,"[""T047""]"
6312,Croup,C0010380,Croup,alias,0.0,"[""T047""]"
6314,Crouzon Syndrome,C0010273,Craniofacial Dysostosis,alias,0.0,"[""T047""]"
6315,Craniotomy,C0010280,Craniotomy,alias,0.0,"[""T061""]"
6316,Cranium Bifidum,C4551722,Encephalocele,alias,0.0,"[""T019""]"
6317,Crest,C0206138,CREST Syndrome,alias,0.0,"[""T047""]"
6318,Creutzfeldt Jakob Syndrome,C0022336,Creutzfeldt-Jakob disease,alias,0.0,"[""T047""]"
6319,Cricopharyngeal Achalasia,C0267063,Spasm of the cricopharyngeus muscle,alias,0.0,"[""T047""]"
6322,Cricopharyngeal Spasm,C0396005,Pharyngeal spasm,alias,0.0,"[""T047""]"
6326,Craniopharyngioma,C0010276,Craniopharyngioma,alias,0.0,"[""T191""]"
6327,Cranioplasty,C0196112,Cranioplasty,alias,0.0,"[""T061""]"
6328,Craniorachischisis,C0152426,Craniorachischisis,alias,0.0,"[""T019""]"
6329,Craniosynostosis,C0010278,Craniosynostosis,alias,0.0,"[""T047""]"
6333,Craniectomy,C0195897,Craniectomy,alias,0.0,"[""T061""]"
6334,Craniocele,C4551722,Encephalocele,alias,0.0,"[""T019""]"
6337,Craniofacial Injuries,C1456530,Craniofacial Injuries,alias,0.0,"[""T037""]"
6339,Cowden Syndrome,C0018553,"Hamartoma Syndrome, Multiple",alias,0.0,"[""T191""]"
6340,Coxa Vara,C0239138,Hip joint varus deformity - observation,alias,0.0,"[""T190""]"
6342,Cradle Cap,C0263233,Cradle cap,alias,0.0,"[""T047""]"
6343,Cranial Arteritis,C1956390,Cranial Arteritis,alias,0.0,"[""T047""]"
6344,Cranial Nerve Disorders,C0010266,Cranial nerve diseases,alias,0.0,"[""T047""]"
6345,Cranial Nerve Injury,C0273483,Cranial Nerve Injuries,alias,0.0,"[""T037""]"
6346,Cranial Nerve Palsy,C0151311,Cranial nerve palsies,alias,0.0,"[""T047""]"
6352,Costello Syndrome,C0587248,Costello syndrome (disorder),alias,0.0,"[""T047""]"
6353,Costochondritis,C0040213,Tietze's Syndrome,alias,0.0,"[""T047""]"
6354,Cough,C3815497,Cough (guaifenesin),alias,0.0,"[""T109"", ""T121""]"
6361,Corticobasal Degeneration,C0393570,Corticobasal Degeneration,alias,0.0,"[""T047""]"
6362,Cortisone Injection,C0392879,infusion of cortisone,alias,0.0,"[""T061""]"
6364,Coronary Angiography,C0085532,Coronary angiography,alias,0.0,"[""T060""]"
6365,Coronary Angioplasty,C0190211,Coronary angioplasty,alias,0.0,"[""T061""]"
6366,Coronary Artery Bypass Surgery,C0010055,Coronary Artery Bypass Surgery,alias,0.0,"[""T061""]"
6368,Coronary Artery Disease,C0010054,Coronary Arteriosclerosis,alias,0.0,"[""T047""]"
6369,Coronary Artery Fistula,C0265898,Coronary artery fistula,alias,0.0,"[""T033""]"
6372,Corneal Perforation,C0339293,Corneal Perforation,alias,0.0,"[""T037""]"
6374,Corneal Surgery,C0197402,corneal surgery,alias,0.0,"[""T061""]"
6375,Corneal Transplant,C0010042,Keratoplasty,alias,0.0,"[""T061""]"
6378,Corneal Ulcer,C0010043,Corneal Ulcer,alias,0.0,"[""T047""]"
6379,Cornelia De Lange Syndrome,C0270972,Cornelia De Lange Syndrome,alias,0.0,"[""T047""]"
6381,Corneal Infection,C0729777,Corneal Infection,alias,0.0,"[""T047""]"
6384,Corneal Neovascularization,C0085109,Corneal Neovascularization,alias,0.0,"[""T047""]"
6387,Corneal Opacity,C0010038,Corneal Opacity,alias,0.0,"[""T033""]"
6388,Corneal Pannus,C0155094,Corneal pannus,alias,0.0,"[""T047""]"
6390,Corneal Diseases,C0010034,Corneal Diseases,alias,0.0,"[""T047""]"
6391,Corneal Disorders,C0010034,Corneal Diseases,alias,0.0,"[""T047""]"
6392,Corneal Dystrophy,C0010036,Corneal dystrophy,alias,0.0,"[""T047""]"
6393,Corneal Ectasia,C0155135,Corneal ectasia,alias,0.0,"[""T047""]"
6394,Corneal Edema,C0010037,Corneal edema,alias,0.0,"[""T046""]"
6396,Corneal Haze,C0010038,Corneal Opacity,alias,0.0,"[""T033""]"
6397,Corneal Abrasion,C0010032,Corneal Abrasions,alias,0.0,"[""T037""]"
6398,Corneal Abscess,C0155091,Corneal abscess,alias,0.0,"[""T047""]"
6401,Corneal Burn,C0239116,Corneal burn,alias,0.0,"[""T037""]"
6402,Corneal Clouding,C0010038,Corneal Opacity,alias,0.0,"[""T033""]"
6403,Corneal Collagen Cross Linking,C4065848,Corneal Cross-Linking,alias,0.0,"[""T061""]"
6404,Corneal Degeneration,C0155118,Corneal degeneration,alias,0.0,"[""T047""]"
6405,Cordotomy,C0010009,Cordotomy,alias,0.0,"[""T061""]"
6408,Core Needle Biopsy Of Breast,C0191853,Core needle biopsy of breast,alias,0.0,"[""T060""]"
6409,Cornea Donor,C4723801,Cornea Donor,alias,0.0,"[""T098""]"
6411,Cornea Injury,C0339289,Injury of cornea,alias,0.0,"[""T037""]"
6414,Convulsion,C4048158,Convulsions,alias,0.0,"[""T184""]"
6415,Cooley Anemia,C0002875,Cooley's anemia,alias,0.0,"[""T047""]"
6417,Coping Skills,C0086059,Coping Skills,alias,0.0,"[""T055""]"
6418,Copy Number Variation,C1511518,Copy Number Polymorphism,alias,0.0,"[""T086""]"
6419,Cor Biloculare,C0152238,Cor biloculare,alias,0.0,"[""T019"", ""T047""]"
6420,Cor Pulmonale,C0034072,Cor pulmonale,alias,0.0,"[""T047""]"
6421,Cor Triatriatum,C0009995,Cor Triatriatum,alias,0.0,"[""T019""]"
6422,Contraceptive Implant,C1657106,Contraceptive Implant,alias,0.0,"[""T033""]"
6423,Contraction Stress Testing,C0200068,pregnancy contraction stress test,alias,0.0,"[""T060""]"
6428,Contusion Of Eye,C0438624,Contusion of eye,alias,0.0,"[""T037""]"
6429,Convergence Insufficiency,C0271379,Convergence Insufficiency,alias,0.0,"[""T047""]"
6432,Contact Lenses,C1548838,Contact Lenses Consent,alias,0.0,"[""T058""]"
6433,Continent Urinary Diversion,C4289741,Continent Urinary Diversion,alias,0.0,"[""T061""]"
6434,Continuous Glucose Monitoring,C5202852,Continuous Glucose Monitoring System,alias,0.0,"[""T074""]"
6436,Continuous Positive Airway Pressure,C0199451,Continuous Positive Airway Pressure,alias,0.0,"[""T061""]"
6438,Consolidation Chemotherapy,C3179017,Consolidation Chemotherapy,alias,0.0,"[""T061""]"
6440,Constipation,C0009806,Constipation,alias,0.0,"[""T184""]"
6444,Contact Dermatitis,C0011616,Contact Dermatitis,alias,0.0,"[""T047""]"
6446,Conjunctivoplasty,C0197254,Repair of conjunctiva,alias,0.0,"[""T061""]"
6447,Conn Syndrome,C1384514,Conn Syndrome,alias,0.0,"[""T047""]"
6448,Connective Tissue Disease,C0009782,Connective Tissue Diseases,alias,0.0,"[""T047""]"
6450,Connective Tissue Disorder,C0009782,Connective Tissue Diseases,alias,0.0,"[""T047""]"
6452,Consanguinity,C0009789,Consanguinity (genetic finding),alias,0.0,"[""T033""]"
6454,Conjunctival Degeneration,C0155160,Conjunctival degeneration,alias,0.0,"[""T047""]"
6455,Conjunctival Diseases,C0009759,Conjunctival Diseases,alias,0.0,"[""T047""]"
6457,Conjunctival Hemorrhage,C0009760,Conjunctival hemorrhage,alias,0.0,"[""T046""]"
6458,Conjunctival Hyperemia,C1761613,Conjunctival hyperemia,alias,0.0,"[""T033""]"
6459,Conjunctival Injury,C0339174,Injury of conjunctiva,alias,0.0,"[""T037""]"
6462,Conjunctivitis,C0009763,Conjunctivitis,alias,0.0,"[""T047""]"
6463,Congenital Vertical Talus,C0240912,Vertical Talus,alias,0.0,"[""T019""]"
6466,Congestive Heart Failure Chf,C0018802,Congestive heart failure,alias,0.0,"[""T047""]"
6467,Conjunctival Biopsy,C0197128,Conjunctival biopsy,alias,0.0,"[""T060""]"
6470,Conjunctival Cyst,C0155170,Conjunctival cyst,alias,0.0,"[""T047""]"
6474,Congenital Syphilis,C0039131,"Syphilis, Congenital",alias,0.0,"[""T047""]"
6479,Congenital Nystagmus,C0700501,Congenital nystagmus,alias,0.0,"[""T019""]"
6481,Congenital Ptosis,C0266573,Congenital ptosis,alias,0.0,"[""T019""]"
6483,Congenital Pyloric Stenosis,C0345183,Congenital constriction of pylorus,alias,0.0,"[""T019""]"
6485,Congenital Scoliosis,C0559260,Congenital scoliosis,alias,0.0,"[""T019""]"
6490,Congenital Muscular Dystrophy,C0699743,Congenital muscular dystrophy (disorder),alias,0.0,"[""T047""]"
6491,Congenital Muscular Torticollis,C0549175,Fibromatosis colli,alias,0.0,"[""T191""]"
6492,Congenital Myasthenic Syndromes,C0751882,"Myasthenic Syndromes, Congenital",alias,0.0,"[""T047""]"
6493,Congenital Myopathies,C0270960,Congenital myopathy (disorder),alias,0.0,"[""T047""]"
6495,Congenital Hypothyroidism,C0010308,Congenital Hypothyroidism,alias,0.0,"[""T047""]"
6496,Congenital Infundibular Stenosis,C0034084,Pulmonary Subvalvular Stenosis,alias,0.0,"[""T046""]"
6500,Congenital Macrocephaly,C1836599,Congenital macrocephaly,alias,0.0,"[""T033""]"
6506,Congenital Hip Dislocation,C4551649,Congenital Dysplasia Of The Hip,alias,0.0,"[""T019""]"
6508,Congenital Hydrocephalus,C0020256,Congenital Hydrocephalus,alias,0.0,"[""T019""]"
6509,Congenital Hyperinsulinism,C3888018,Congenital Hyperinsulinism,alias,0.0,"[""T047""]"
6510,Congenital Hyperthyroidism,C1262098,Congenital Hyperthyroidism,alias,0.0,"[""T047""]"
6512,Congenital Generalized Lipodystrophy,C0221032,Familial generalized lipodystrophy,alias,0.0,"[""T047""]"
6514,Congenital Hand Deformities,C0018566,Congenital Hand Deformities,alias,0.0,"[""T019""]"
6515,Congenital Heart Block,C0149530,Congenital heart block,alias,0.0,"[""T019"", ""T047""]"
6516,Congenital Heart Disease,C0152021,Congenital heart disease,alias,0.0,"[""T019""]"
6517,Congenital Hepatic Fibrosis,C0009714,"Hepatic Fibrosis, Congenital",alias,0.0,"[""T047""]"
6523,Congenital Esophageal Atresia,C0014850,Esophageal Atresia,alias,0.0,"[""T019""]"
6525,Congenital Esophageal Stenosis,C1963580,Congenital stenosis of esophagus,alias,0.0,"[""T019""]"
6528,Congenital Cystic Lung,C0158641,Congenital cystic lung,alias,0.0,"[""T019""]"
6529,Congenital Cytomegalovirus,C0158945,Congenital Cytomegalovirus Infection,alias,0.0,"[""T047""]"
6542,Congenital Cystic Adenomatoid Malformation,C0010668,"Cystic Adenomatoid Malformation of Lung, Congenital",alias,0.0,"[""T019""]"
6544,Congenital Aphakia,C0152422,Congenital aphakia,alias,0.0,"[""T019""]"
6549,Congenital Cataract,C0009691,Congenital cataract,alias,0.0,"[""T019""]"
6550,Congenital Central Hypoventilation Syndrome,C1275808,Congenital central hypoventilation,alias,0.0,"[""T047""]"
6560,Confusional Arousals,C0752295,Confusional Arousals,alias,0.0,"[""T048""]"
6561,Congenital Adrenal Hyperplasia,C0001627,Congenital adrenal hyperplasia,alias,0.0,"[""T047""]"
6571,Conduct Disorder,C0149654,Conduct Disorder,alias,0.0,"[""T048""]"
6572,Conduction Defects,C0264886,Conduction disorder of the heart,alias,0.0,"[""T047""]"
6573,Condyloma Lata,C0275828,Condyloma latum,alias,0.0,"[""T047""]"
6574,Condylomata Acuminata,C0009663,Condylomata Acuminata,alias,0.0,"[""T047""]"
6575,Cone Rod Dystrophy,C4551714,Rod-Cone Dystrophy,alias,0.0,"[""T047""]"
6576,Confusion,C0683369,Clouded consciousness,alias,0.0,"[""T033""]"
6581,Computer Assisted Surgery,C0949696,"Surgery, Computer-Assisted",alias,0.0,"[""T061""]"
6583,Concussion,C0006107,Brain Concussion,alias,0.0,"[""T037""]"
6589,Compound Fracture,C0016662,"Fractures, Open",alias,0.0,"[""T037""]"
6590,Compression Fracture,C0521169,Compression fracture,alias,0.0,"[""T046""]"
6601,Complementary Medicine,C1148474,Complementary Medicine,alias,0.0,"[""T091""]"
6602,Complete Atrioventricular Block,C0151517,Complete atrioventricular block,alias,0.0,"[""T047""]"
6612,Common Cold,C0009443,Common Cold,alias,0.0,"[""T047""]"
6615,Common Variable Immune Deficiency,C0009447,Common Variable Immunodeficiency,alias,0.0,"[""T047""]"
6616,Compartment Syndrome,C0009492,Compartment syndromes,alias,0.0,"[""T047""]"
6617,Complement Deficiency,C0272242,Complement Deficiencies,alias,0.0,"[""T047""]"
6618,Colposcopy,C0009417,Colposcopy,alias,0.0,"[""T060""]"
6619,Combined Modality Therapy,C0009429,Combined Modality Therapy,alias,0.0,"[""T061""]"
6625,Comminuted Fracture,C0476171,Comminuted Fracture type,alias,0.0,"[""T037""]"
6629,Colostomy,C0009410,Colostomy Procedure,alias,0.0,"[""T061""]"
6630,Colostomy Revision,C0553650,Revision of colostomy,alias,0.0,"[""T061""]"
6631,Colovaginal Fistula,C0341368,Colovaginal fistula,alias,0.0,"[""T190""]"
6632,Colovesical Fistula,C0268842,Colovesical Fistula,alias,0.0,"[""T190""]"
6633,Colpocleisis,C0195191,Complete colpocleisis,alias,0.0,"[""T061""]"
6634,Colon Polypectomy,C0149684,Colonic polypectomy,alias,0.0,"[""T061""]"
6635,Colonic Inertia,C1257861,Colonic Inertia,alias,0.0,"[""T184""]"
6637,Colonic Mass,C3887631,Colonic Mass,alias,0.0,"[""T033""]"
6638,Colonic Polyps,C0009376,Colonic Polyps,alias,0.0,"[""T190""]"
6639,Colonic Volvulus,C0267471,Volvulus of colon,alias,0.0,"[""T047""]"
6640,Colonoscopy,C0009378,colonoscopy,alias,0.0,"[""T060""]"
6641,Color Blindness,C0242225,Color blindness,alias,0.0,"[""T047""]"
6643,College Health,C2973268,College Health,alias,0.0,"[""T102""]"
6644,Colles Fracture,C0009353,Colles' Fracture,alias,0.0,"[""T037""]"
6645,Colloid Cyst,C0333157,Colloid Cysts,alias,0.0,"[""T190""]"
6646,Coloboma,C0009363,Congenital ocular coloboma (disorder),alias,0.0,"[""T019""]"
6651,Cold Sore,C0019345,Herpes Labialis,alias,0.0,"[""T047""]"
6652,Colectomy,C0009274,Colectomy,alias,0.0,"[""T061""]"
6653,Colic,C0232488,Abdominal colic,alias,0.0,"[""T033""]"
6654,Colitis,C0009319,Colitis,alias,0.0,"[""T047""]"
6656,Collagenous Colitis,C0238067,"Colitis, Collagenous",alias,0.0,"[""T047""]"
6657,Collapsed Lung,C4284020,Collapsed Lung,alias,0.0,"[""T047""]"
6658,Cochlear Implants,C0302559,Cochlear implant procedure,alias,0.0,"[""T061""]"
6660,Cognitive Behavioral Therapy,C0009244,Cognitive Therapy,alias,0.0,"[""T061""]"
6662,Cognitive Impairment,C0338656,Impaired cognition,alias,0.0,"[""T048""]"
6663,Cognitive Rehabilitation,C0870303,Cognitive Training,alias,0.0,"[""T061""]"
6664,Cognitive Therapy,C0009244,Cognitive Therapy,alias,0.0,"[""T061""]"
6665,Cold Intolerance,C0009269,Cold intolerance,alias,0.0,"[""T033""]"
6669,Coccidioidomycosis,C0009186,Coccidioidomycosis,alias,0.0,"[""T047""]"
6670,Coccygectomy,C0185954,Total coccygectomy,alias,0.0,"[""T061""]"
6671,Coccyx Fracture,C0149860,Fracture of coccyx,alias,0.0,"[""T037""]"
6672,Coccyx Injury,C0560630,Injury of coccyx,alias,0.0,"[""T037""]"
6675,Clubfoot,C0009081,Congenital clubfoot,alias,0.0,"[""T019""]"
6676,Cluster Headache,C0009088,Cluster Headache,alias,0.0,"[""T047""]"
6677,Cns Lymphoma,C0280803,Microglioma,alias,0.0,"[""T191""]"
6678,Cns Vasculitis,C0751878,"Vasculitis, Central Nervous System",alias,0.0,"[""T047""]"
6680,Coagulation Disorders,C0005779,Blood Coagulation Disorders,alias,0.0,"[""T047""]"
6682,Coats Syndrome,C0154832,Exudative retinopathy,alias,0.0,"[""T047""]"
6683,Clomid,C0591268,Clomid,alias,0.0,"[""T109"", ""T121""]"
6685,Clostridium Difficile,C0079134,Clostridium difficile,alias,0.0,"[""T007""]"
6689,Cloudy Urine,C0278034,Cloudy urine,alias,0.0,"[""T033""]"
6690,Cloves Syndrome,C2752042,"Congenital Lipomatous Overgrowth, Vascular Malformations, and Epidermal Nevi",alias,0.0,"[""T047""]"
6691,Clicking Shoulder,C0427294,Clicking shoulder,alias,0.0,"[""T033""]"
6692,Client Centered Therapy,C0028302,Nondirective Therapy,alias,0.0,"[""T061""]"
6693,Clinical Trials,C0008976,Clinical Trials,alias,0.0,"[""T062""]"
6694,Clinodactyly,C4551485,Clinodactyly,alias,0.0,"[""T019""]"
6696,Clitoromegaly,C0156394,Hypertrophy of clitoris,alias,0.0,"[""T047""]"
6699,Cloacal Exstrophy,C0345217,Exstrophy of cloaca sequence,alias,0.0,"[""T019""]"
6700,Clear Cell Sarcoma,C0206651,Clear Cell Sarcoma of Soft Tissue,alias,0.0,"[""T191""]"
6702,Cleft Lip,C0008924,Cleft upper lip,alias,0.0,"[""T019""]"
6703,Cleft Lip Repair,C0192070,Repair of cleft lip,alias,0.0,"[""T061""]"
6704,Cleft Palate,C0008925,Cleft Palate,alias,0.0,"[""T019""]"
6705,Cleft Palate Repair,C0192064,Palatorrhaphy,alias,0.0,"[""T061""]"
6706,Cleidocranial Dysostosis,C0008928,Cleidocranial Dysplasia,alias,0.0,"[""T047""]"
6708,Cirrhosis,C0023890,Liver Cirrhosis,alias,0.0,"[""T047""]"
6709,Claudication,C0021775,Intermittent Claudication,alias,0.0,"[""T047""]"
6710,Clavicle Fracture,C0159658,Fracture of clavicle,alias,0.0,"[""T037""]"
6711,Claw Hand,C5550991,Claw hand (finding),alias,0.0,"[""T033""]"
6712,Clawfoot,C0728829,Congenital pes cavus,alias,0.0,"[""T019""]"
6713,Clawtoe,C0158461,Acquired claw foot,alias,0.0,"[""T020""]"
6714,Clear Cell Meningioma,C0431121,Clear Cell Meningioma,alias,0.0,"[""T191""]"
6716,Ciliopathy,C4277690,Ciliopathies,alias,0.0,"[""T019""]"
6717,Cingulotomy,C0599248,cingulotomy,alias,0.0,"[""T061""]"
6718,Circadian Rhythm Sleep Disorder,C0877792,"Sleep Disorders, Circadian Rhythm",alias,0.0,"[""T046""]"
6720,Circumcision,C0008819,Male Circumcision,alias,0.0,"[""T061""]"
6726,Chronic Tonsillitis,C0149517,Chronic tonsillitis,alias,0.0,"[""T047""]"
6728,Chylous Effusion,C0013691,Chylous effusion,alias,0.0,"[""T047""]"
6730,Cicatricial Pemphigoid,C0030804,"Pemphigoid, Benign Mucous Membrane",alias,0.0,"[""T047""]"
6732,Ciliary Dyskinesia,C0008780,Ciliary Motility Disorders,alias,0.0,"[""T047""]"
6733,Chronic Pancreatitis,C0149521,"Pancreatitis, Chronic",alias,0.0,"[""T047""]"
6736,Chronic Respiratory Failure,C0264492,Chronic respiratory failure,alias,0.0,"[""T047""]"
6737,Chronic Rhinosinusitis,C0149516,Chronic sinusitis,alias,0.0,"[""T047""]"
6738,Chronic Sinus Infection,C0149516,Chronic sinusitis,alias,0.0,"[""T047""]"
6743,Chronic Myelocytic Leukemia,C0023473,"Myeloid Leukemia, Chronic",alias,0.0,"[""T191""]"
6744,Chronic Myelomonocytic Leukemia,C0023480,"Leukemia, Myelomonocytic, Chronic",alias,0.0,"[""T191""]"
6745,Chronic Obstructive Pulmonary Disease,C0024117,Chronic Obstructive Airway Disease,alias,0.0,"[""T047""]"
6746,Chronic Osteomyelitis,C0008707,Chronic osteomyelitis,alias,0.0,"[""T047""]"
6747,Chronic Pain,C0150055,Chronic pain,alias,0.0,"[""T184""]"
6750,Chronic Liver Disease,C0341439,Chronic liver disease,alias,0.0,"[""T047""]"
6752,Chronic Lung Disease,C0746102,Chronic lung disease,alias,0.0,"[""T047""]"
6754,Chronic Lyme Disease,C2063079,chronic lyme disease,alias,0.0,"[""T047""]"
6755,Chronic Lymphocytic Leukemia,C0023434,Chronic Lymphocytic Leukemia,alias,0.0,"[""T191""]"
6756,Chronic Lymphocytic Thyroiditis,C0677607,Hashimoto Disease,alias,0.0,"[""T047""]"
6757,Chronic Fatigue,C0518656,Chronic fatigue,alias,0.0,"[""T033""]"
6761,Chronic Inflammatory Demyelinating Polyneuropathy,C0393819,"Polyradiculoneuropathy, Chronic Inflammatory Demyelinating",alias,0.0,"[""T047""]"
6765,Chronic Bronchitis,C0008677,"Bronchitis, Chronic",alias,0.0,"[""T047""]"
6766,Chronic Conjunctivitis,C0155145,Chronic conjunctivitis,alias,0.0,"[""T047""]"
6767,Chronic Cough,C0010201,Chronic cough,alias,0.0,"[""T184""]"
6768,Chronic Diarrhea,C0401151,Chronic diarrhea,alias,0.0,"[""T047""]"
6769,Chronic Disease,C0008679,Chronic disease,alias,0.0,"[""T047""]"
6771,Chronic Ear Infections,C0743359,Chronic ear infection,alias,0.0,"[""T047""]"
6772,Chronic Exertional Compartment Syndrome,C5392235,Chronic Exertional Compartment Syndrome,alias,0.0,"[""T047""]"
6773,Chromosome Abnormality,C0008626,Congenital chromosomal disease,alias,0.0,"[""T047""]"
6774,Chromosome Deletion,C0008628,Chromosome Deletion,alias,0.0,"[""T049""]"
6775,Chromosome Duplication,C1516516,Chromosomal Duplication,alias,0.0,"[""T049""]"
6776,Chromosome Inversion,C0021943,Chromosome inversion,alias,0.0,"[""T049""]"
6778,Chromosome Translocation,C0040715,Chromosomal translocation,alias,0.0,"[""T049""]"
6779,Chronic Abdominal Pain,C0232491,Chronic abdominal pain,alias,0.0,"[""T184""]"
6781,Chorea,C0008489,Chorea,alias,0.0,"[""T047""]"
6782,Chorioamnionitis,C0008495,Chorioamnionitis,alias,0.0,"[""T047""]"
6783,Chorioangioma,C0677608,Chorioangioma,alias,0.0,"[""T191""]"
6784,Choriocarcinoma,C0008497,Choriocarcinoma,alias,0.0,"[""T191""]"
6785,Chorionic Villus Sampling,C0008509,Chorionic Villi Sampling,alias,0.0,"[""T060""]"
6786,Choroid Plexus Tumor,C0085138,Choroid Plexus Neoplasms,alias,0.0,"[""T191""]"
6787,Choroidal Neovascularization,C0600518,Choroidal Neovascularization,alias,0.0,"[""T046""]"
6788,Chromoendoscopy,C3899629,Chromoendoscopy,alias,0.0,"[""T060""]"
6790,Chondrodysplasia Punctata,C0008445,Chondrodysplasia Punctata,alias,0.0,"[""T047""]"
6792,Chondroma,C0936248,Chondroma,alias,0.0,"[""T191""]"
6793,Chondromalacia,C0085700,Chondromalacia,alias,0.0,"[""T047""]"
6794,Chondromyxoid Fibroma,C0221290,Chondromyxoid fibroma,alias,0.0,"[""T191""]"
6795,Chondrosarcoma,C0008479,Chondrosarcoma,alias,0.0,"[""T191""]"
6796,Chordoid Meningioma,C1370510,Chordoid meningioma,alias,0.0,"[""T191""]"
6797,Chordoma,C0008487,Chordoma,alias,0.0,"[""T191""]"
6798,Cholelithiasis,C0008350,Cholelithiasis,alias,0.0,"[""T047""]"
6799,Cholestasis,C0008370,Cholestasis,alias,0.0,"[""T047""]"
6800,Cholestasis Of Pregnancy,C0268318,Cholestasis of pregnancy,alias,0.0,"[""T047""]"
6801,Cholesteatoma,C0008373,Cholesteatoma,alias,0.0,"[""T047""]"
6803,Cholesterol Granuloma,C0333411,Cholesterol granuloma,alias,0.0,"[""T046""]"
6805,Chondroblastoma,C0008441,Chondroblastoma,alias,0.0,"[""T191""]"
6806,Cholangiocarcinoma,C0206698,Cholangiocarcinoma,alias,0.0,"[""T191""]"
6807,Cholangitis,C0008311,Cholangitis,alias,0.0,"[""T047""]"
6808,Cholecystectomy,C0008320,Cholecystectomy procedure,alias,0.0,"[""T061""]"
6810,Cholecystitis,C0008325,Cholecystitis,alias,0.0,"[""T047""]"
6811,Cholecystogastrostomy,C0193546,Cholecystogastrostomy,alias,0.0,"[""T061""]"
6812,Cholecystostomy,C0008339,Cholecystostomy,alias,0.0,"[""T061""]"
6813,Choledochal Cyst,C0008340,Choledochal Cyst,alias,0.0,"[""T019""]"
6814,Childhood Onset Fluency Disorder,C2921028,Childhood onset fluency disorder,alias,0.0,"[""T048""]"
6817,Chlamydia,C0008148,Genus Chlamydia,alias,0.0,"[""T007""]"
6819,Chlamydial Conjunctivitis,C0009770,Inclusion conjunctivitis,alias,0.0,"[""T047""]"
6820,Choanal Atresia,C0008297,Choanal Atresia,alias,0.0,"[""T019""]"
6821,Choking Sensation,C0546947,Choking sensation,alias,0.0,"[""T184""]"
6823,Chest Wall Pain,C0008035,Chest wall pain,alias,0.0,"[""T184""]"
6824,Chest Wall Resection,C0039988,Thoracoplasty,alias,0.0,"[""T061""]"
6827,Chilblains,C0008058,Chilblains,alias,0.0,"[""T037""]"
6829,Childhood Obesity,C2362324,Pediatric Obesity,alias,0.0,"[""T047""]"
6830,Cherry Angioma,C0343082,Senile angioma,alias,0.0,"[""T191""]"
6831,Chest Congestion,C0242073,Pulmonary congestion,alias,0.0,"[""T047""]"
6832,Chest Pain,C0008031,Chest Pain,alias,0.0,"[""T184""]"
6835,Chest Tube Insertion,C0189476,Insertion of pleural tube drain,alias,0.0,"[""T061""]"
6837,Chest Wall Disorder,C1332928,Chest Wall Disorder,alias,0.0,"[""T047""]"
6838,Chelation Therapy,C0007975,Chelation Therapy,alias,0.0,"[""T061""]"
6841,Chemodectoma,C0030422,Extra-Adrenal Paraganglioma,alias,0.0,"[""T191""]"
6843,Chemoradiation,C0436307,Chemoradiotherapy,alias,0.0,"[""T061""]"
6846,Chagas Disease,C0041234,Chagas Disease,alias,0.0,"[""T047""]"
6849,Charcot Marie Tooth Disease,C0007959,Charcot-Marie-Tooth Disease,alias,0.0,"[""T047""]"
6850,Checkpoint Kinase 2,C0296594,checkpoint kinase 2,alias,0.0,"[""T116"", ""T126""]"
6856,Cervical Spine Surgery,C0742216,cervical spine surgery,alias,0.0,"[""T061""]"
6859,Cervicitis,C0007860,Uterine Cervicitis,alias,0.0,"[""T047""]"
6860,Cervicogenic Headache,C0458101,Cervicogenic Headache,alias,0.0,"[""T047""]"
6861,Cesarean Hysterectomy,C0195623,Cesarean hysterectomy,alias,0.0,"[""T061""]"
6862,Cesarean Section,C0007876,Cesarean section,alias,0.0,"[""T061""]"
6863,Cervical Polyp,C0347493,Cervix adenomatous polyp,alias,0.0,"[""T191""]"
6864,Cervical Radiculopathy,C0742186,"Radiculopathy, Cervical",alias,0.0,"[""T047""]"
6866,Cervical Spinal Stenosis,C0158280,Spinal stenosis in cervical region,alias,0.0,"[""T047""]"
6867,Cervical Spine Fracture,C0262414,Fracture of cervical spine,alias,0.0,"[""T037""]"
6868,Cervical Spine Fusion,C0186010,Cervical arthrodesis,alias,0.0,"[""T061""]"
6869,Cervical Spine Injury,C0432666,Injury of cervical spine,alias,0.0,"[""T037""]"
6871,Cervical Insufficiency,C0007871,Uterine Cervical Incompetence,alias,0.0,"[""T046""]"
6872,Cervical Intraepithelial Neoplasia,C0007868,Cervical dysplasia,alias,0.0,"[""T047""]"
6873,Cervical Laminoplasty,C2026796,cervical laminoplasty,alias,0.0,"[""T061""]"
6877,Cervical Lymphadenopathy,C0235592,Cervical lymphadenopathy,alias,0.0,"[""T047""]"
6878,Cervical Myelopathy,C0149645,Cervical myelopathy,alias,0.0,"[""T047""]"
6879,Cervical Disc Degeneration,C0410606,Cervical Disc Degenerative Disorder,alias,0.0,"[""T047""]"
6880,Cervical Disc Disease,C0477633,Cervical disc disorder,alias,0.0,"[""T047""]"
6882,Cervical Dysplasia,C0007868,Cervical dysplasia,alias,0.0,"[""T047""]"
6886,Cervical Incompetence,C0007871,Uterine Cervical Incompetence,alias,0.0,"[""T046""]"
6888,Cervical Cancer,C4048328,cervical cancer,alias,0.0,"[""T191""]"
6890,Cervical Cerclage,C0195681,Cervical Cerclage,alias,0.0,"[""T061""]"
6892,Cervical Conization,C0195324,Conization,alias,0.0,"[""T060""]"
6893,Cervical Cyst,C0269202,Cyst of cervix,alias,0.0,"[""T033""]"
6899,Cerebrovascular Disorders,C0007820,Cerebrovascular Disorders,alias,0.0,"[""T047""]"
6900,Cerebrovascular Insufficiency,C0241832,Cerebrovascular Insufficiency,alias,0.0,"[""T047""]"
6901,Cerumen Removal,C0352068,Cerumen removal,alias,0.0,"[""T061""]"
6903,Cervical Biopsy,C0195314,Cervical biopsy (procedure),alias,0.0,"[""T060""]"
6904,Cerebral Toxoplasmosis,C0085315,"Toxoplasmosis, Cerebral",alias,0.0,"[""T047""]"
6905,Cerebral Venous Sinus Thrombosis,C0338573,Cerebral venous sinus thrombosis,alias,0.0,"[""T047""]"
6906,Cerebral Venous Thrombosis,C0151945,Thrombosis of cerebral veins,alias,0.0,"[""T047""]"
6908,Cerebrospinal Fluid Leak,C0023182,Cerebrospinal fluid leak,alias,0.0,"[""T046""]"
6912,Cerebral Hemorrhage,C2937358,Cerebral Hemorrhage,alias,0.0,"[""T046""]"
6913,Cerebral Hernia,C0014065,Congenital cerebral hernia,alias,0.0,"[""T019""]"
6917,Cerebral Palsy,C0007789,Cerebral Palsy,alias,0.0,"[""T047""]"
6918,Cerebral Palsy Rehabilitation,C0204099,Cerebral palsy rehabilitation,alias,0.0,"[""T061""]"
6919,Cerebral Revascularization,C0007794,Cerebral Revascularization,alias,0.0,"[""T061""]"
6922,Cerebral Atherosclerosis,C0007775,Cerebral Atherosclerosis,alias,0.0,"[""T047""]"
6923,Cerebral Contusion,C0750971,Cerebral Contusion,alias,0.0,"[""T037""]"
6924,Cerebral Cyst,C0154724,Cerebral cyst,alias,0.0,"[""T047""]"
6927,Cerebral Dysgenesis,C0456144,Cerebral dysgenesis,alias,0.0,"[""T019""]"
6928,Cerebral Edema,C0006114,Cerebral Edema,alias,0.0,"[""T046""]"
6929,Cerebellar Tumor,C0007762,Cerebellar Neoplasms,alias,0.0,"[""T191""]"
6930,Cerebral Aneurysm,C0917996,Cerebral Aneurysm,alias,0.0,"[""T047""]"
6931,Cerebral Angiogram,C0948923,Fluoroscopic angiography of cerebral artery with contrast,alias,0.0,"[""T060""]"
6937,Central Sleep Apnea,C0520680,"Sleep Apnea, Central",alias,0.0,"[""T047""]"
6940,Cephalocele,C0014065,Congenital cerebral hernia,alias,0.0,"[""T019""]"
6942,Cerebellar Ataxia,C0007758,Cerebellar Ataxia,alias,0.0,"[""T047""]"
6943,Cerebellar Disease,C0007760,Cerebellar Diseases,alias,0.0,"[""T047""]"
6945,Cerebellar Tremor,C0234376,Action Tremor,alias,0.0,"[""T184""]"
6946,Central Core Disease,C0751951,Central Core Myopathy (disorder),alias,0.0,"[""T047""]"
6947,Central Line Insertion,C0398275,Central venous cannula insertion,alias,0.0,"[""T061""]"
6949,Central Nervous System Infection,C0007684,Central Nervous System Infection,alias,0.0,"[""T047""]"
6951,Central Nervous System Tumors,C0085136,Central Nervous System Neoplasms,alias,0.0,"[""T191""]"
6952,Central Sensitization,C2938905,Central Nervous System Sensitization,alias,0.0,"[""T047""]"
6953,Central Serous Retinopathy,C0730328,Central Serous Chorioretinopathy,alias,0.0,"[""T047""]"
6954,Cellulitis Of Head,C1290034,Cellulitis of head,alias,0.0,"[""T047""]"
6960,Cellulitis Of Toe,C0263134,Cellulitis of toe,alias,0.0,"[""T047""]"
6968,Cellulitis Of Foot,C0558382,Cellulitis of foot,alias,0.0,"[""T047""]"
6970,Cellulitis Of Hand,C0007646,Cellulitis of hand,alias,0.0,"[""T047""]"
6972,Celiac Artery Compression Syndrome,C1861783,Median Arcuate Ligament Syndrome,alias,0.0,"[""T047""]"
6974,Celiac Disease,C0007570,Celiac Disease,alias,0.0,"[""T047""]"
6976,Cellular Schwannoma,C0431124,Cellular Schwannoma,alias,0.0,"[""T191""]"
6977,Cellulite,C0424624,Cellulite,alias,0.0,"[""T033""]"
6978,Cellulitis,C0007642,Cellulitis,alias,0.0,"[""T047""]"
6979,Cavernous Sinus Thrombosis,C0238454,Cavernous Sinus Thrombosis,alias,0.0,"[""T047""]"
6980,Cavovarus Foot Deformity,C0039273,Talipes cavus,alias,0.0,"[""T190""]"
6981,Cavus Foot,C0728829,Congenital pes cavus,alias,0.0,"[""T019""]"
6983,Cecostomy,C0007530,Cecostomy,alias,0.0,"[""T061""]"
6988,Catecholaminergic Polymorphic Ventricular Tachycardia,C5574922,Polymorphic catecholergic ventricular tachycardia,alias,0.0,"[""T047""]"
6990,Cauda Equina Syndrome,C0392548,Cauda Equina Syndrome,alias,0.0,"[""T047""]"
6991,Caudal Injection,C0841790,caudal injection,alias,0.0,"[""T061""]"
6994,Cavernous Hemangioma,C0018920,"Hemangioma, Cavernous",alias,0.0,"[""T191""]"
6997,Castlemans Disease,C0017531,Angiolymphoid hyperplasia,alias,0.0,"[""T047""]"
6998,Cat Scratch Disease,C0007361,Cat-Scratch Disease,alias,0.0,"[""T047""]"
6999,Cataplexy,C0007384,Cataplexy,alias,0.0,"[""T047""]"
7000,Cataract,C0086543,Cataract,alias,0.0,"[""T047""]"
7003,Carotid Endarterectomy,C0014099,Carotid Endarterectomy,alias,0.0,"[""T061""]"
7004,Carotid Stenosis,C0007282,Carotid Stenosis,alias,0.0,"[""T047""]"
7005,Carotid Stent,C0850458,Carotid artery stent,alias,0.0,"[""T074""]"
7011,Cartilage Injury,C0852694,Cartilage injury,alias,0.0,"[""T037""]"
7012,Cardioversion,C0013778,Electric Countershock,alias,0.0,"[""T061""]"
7013,Care Transitions,C4019079,Patient Transition,alias,0.0,"[""T058""]"
7014,Carnitine Deficiency,C1142132,Carnitine deficiency,alias,0.0,"[""T033""]"
7015,Carotid Aneurysm,C0741969,Carotid aneurysm,alias,0.0,"[""T020""]"
7017,Carotid Artery Ultrasound,C0948945,"Ultrasonography, Carotid Arteries",alias,0.0,"[""T060""]"
7018,Carotid Cavernous Fistula,C0238045,Carotid-Cavernous Sinus Fistula,alias,0.0,"[""T190""]"
7020,Cardiopulmonary Disease,C0034072,Cor pulmonale,alias,0.0,"[""T047""]"
7021,Cardiopulmonary Exercise Testing,C2959886,Cardiopulmonary Exercise Test,alias,0.0,"[""T060""]"
7022,Cardiorenal Syndrome,C2242703,Cardio-Renal Syndrome,alias,0.0,"[""T047""]"
7023,Cardiotoxicity,C0876994,Cardiotoxicity,alias,0.0,"[""T037""]"
7026,Cardiovascular Disease,C0007222,Cardiovascular Diseases,alias,0.0,"[""T047""]"
7029,Cardioembolic Stroke,C1531624,Cardioembolic Stroke,alias,0.0,"[""T047""]"
7030,Cardiofaciocutaneous Syndrome,C1275081,Cardio-facio-cutaneous syndrome,alias,0.0,"[""T047""]"
7031,Cardiogenic Shock,C0036980,"Shock, Cardiogenic",alias,0.0,"[""T046""]"
7032,Cardiomegaly,C0018800,Cardiomegaly,alias,0.0,"[""T033""]"
7034,Cardiomyopathy,C0878544,Cardiomyopathies,alias,0.0,"[""T047""]"
7037,Cardiac Rehabilitation,C0700431,Cardiac rehabilitation,alias,0.0,"[""T061""]"
7038,Cardiac Resynchronization Therapy,C1167956,Cardiac Resynchronization Therapy,alias,0.0,"[""T061""]"
7040,Cardiac Sarcoidosis,C0392077,Cardiac sarcoidosis,alias,0.0,"[""T047""]"
7041,Cardiac Sarcoma,C0238152,Cardiac Sarcoma,alias,0.0,"[""T191""]"
7042,Cardiac Tamponade,C0007177,Cardiac Tamponade,alias,0.0,"[""T047""]"
7043,Cardiac Tumor,C0018809,Heart Neoplasm,alias,0.0,"[""T191""]"
7045,Cardiac Disease In Pregnancy,C0558373,Cardiac disease in pregnancy,alias,0.0,"[""T047""]"
7046,Cardiac Event,C0741923,Cardiac Events,alias,0.0,"[""T047""]"
7049,Cardiac Insufficiency,C0018801,Heart failure,alias,0.0,"[""T047""]"
7053,Cardiac Angina,C0002962,Angina Pectoris,alias,0.0,"[""T184""]"
7054,Cardiac Arrhythmias,C0003811,Cardiac Arrhythmia,alias,0.0,"[""T047""]"
7056,Cardiac Conduction Defects,C4318382,Cardiac Conduction Defects,alias,0.0,"[""T046""]"
7060,Carcinoid Syndrome,C0024586,Malignant Carcinoid Syndrome,alias,0.0,"[""T047""]"
7061,Carcinoid Tumor,C0007095,Carcinoid Tumor,alias,0.0,"[""T191""]"
7065,Carcinoma Of Unknown Primary,C0220647,Carcinoma of unknown primary,alias,0.0,"[""T191""]"
7067,Cardiac Ablation,C0162563,Cardiac ablation,alias,0.0,"[""T061""]"
7069,Capillary Telangiectasia,C0333105,Capillary telangiectasia,alias,0.0,"[""T190""]"
7070,Capsular Contracture,C1707264,Capsular Contracture,alias,0.0,"[""T033""]"
7073,Carbon Monoxide Poisoning,C0007020,Carbon Monoxide Poisoning,alias,0.0,"[""T037""]"
7074,Carbuncle,C0007078,carbuncle,alias,0.0,"[""T047""]"
7075,Carcinoid Heart Disease,C0007093,Carcinoid Heart Disease,alias,0.0,"[""T047""]"
7077,Cancer Survivor,C1516231,Cancer Survivors,alias,0.0,"[""T101""]"
7079,Candidiasis,C0006840,Candidiasis,alias,0.0,"[""T047""]"
7080,Candidiasis Of Lung,C0153251,Candidiasis of lung,alias,0.0,"[""T047""]"
7081,Cannabis Dependence,C0006870,Cannabis Dependence,alias,0.0,"[""T048""]"
7082,Canthoplasty,C0197246,Canthoplasty (reconstruction of canthus),alias,0.0,"[""T061""]"
7083,Canthotomy,C0197075,Canthotomy,alias,0.0,"[""T061""]"
7088,Cancer Risk,C0596244,Cancer Risk,alias,0.0,"[""T081""]"
7090,Cancer Screening,C0199230,Screening for cancer,alias,0.0,"[""T060""]"
7091,Cancer Surgery,C0920424,cancer surgery,alias,0.0,"[""T061""]"
7093,Cancer Immunotherapy,C0278348,Immunotherapy for cancer,alias,0.0,"[""T061""]"
7095,Cancer Pain,C0596240,Cancer Pain,alias,0.0,"[""T184""]"
7096,Cancer Prevention,C0281206,Cancer Prevention,alias,0.0,"[""T061""]"
7097,Cancer Rehabilitation,C0920692,cancer rehabilitation,alias,0.0,"[""T061""]"
7102,Camptodactyly,C0221369,Acquired Camptodactyly,alias,0.0,"[""T020""]"
7103,Cancer,C0006826,Malignant Neoplasms,alias,0.0,"[""T191""]"
7104,Cancer Chemotherapy,C3665472,Chemotherapy,alias,0.0,"[""T061""]"
7106,Cancer Genetics,C0694768,Cancer Genetics,alias,0.0,"[""T091""]"
7108,Calcium Pyrophosphate Deposition Disease,C0553730,Calcium pyrophosphate deposition disease,alias,0.0,"[""T047""]"
7111,Calf Pain,C0236040,Pain in calf,alias,0.0,"[""T184""]"
7112,Caliectasis,C1269700,Dilatation of calyx,alias,0.0,"[""T190""]"
7113,California Encephalitis,C0014053,"Encephalitis, California",alias,0.0,"[""T047""]"
7118,Cafe Au Lait Spots,C0221263,Cafe-au-Lait Spots,alias,0.0,"[""T033""]"
7119,Calcaneovalgus Foot,C1860450,Calcaneovalgus deformity,alias,0.0,"[""T190""]"
7120,Calcific Tendonitis,C0521515,Calcific tendinitis,alias,0.0,"[""T047""]"
7121,Calcinosis Cutis,C0006664,Calcinosis Cutis,alias,0.0,"[""T047""]"
7122,Calcium Metabolism,C0596236,calcium metabolism,alias,0.0,"[""T040""]"
7129,Burst Fracture,C0859903,Burst fracture,alias,0.0,"[""T037""]"
7132,Burn Scars,C0036280,Burn scar,alias,0.0,"[""T020""]"
7133,Burns,C0006434,Burn injury,alias,0.0,"[""T037""]"
7134,Burr Hole,C0040836,Burr hole procedure,alias,0.0,"[""T061""]"
7135,Bursitis,C0006444,Bursitis,alias,0.0,"[""T047""]"
7140,Bullous Keratopathy,C0155111,Bullous keratopathy,alias,0.0,"[""T047""]"
7141,Bullous Pemphigoid,C0030805,Bullous pemphigoid,alias,0.0,"[""T047""]"
7142,Bullying,C0424318,Bullying,alias,0.0,"[""T048""]"
7143,Bunion,C0006386,Bunion,alias,0.0,"[""T020""]"
7144,Buphthalmos,C0020302,Hydrophthalmos,alias,0.0,"[""T019""]"
7146,Burkitt Lymphoma,C0006413,Burkitt Lymphoma,alias,0.0,"[""T191""]"
7147,Bruising,C0009938,Contusions,alias,0.0,"[""T037""]"
7148,Bruxism,C0006325,Bruxism,alias,0.0,"[""T048""]"
7149,Buccal Mucosa Cancer,C0153373,Malignant neoplasm of cheek mucosa,alias,0.0,"[""T191""]"
7154,Bulimia Nervosa,C2267227,Bulimia Nervosa,alias,0.0,"[""T048""]"
7155,Bronchospasm,C0006266,Bronchospasm,alias,0.0,"[""T047""]"
7158,Brow Lift,C0395122,Browlift (procedure),alias,0.0,"[""T061""]"
7159,Brown Syndrome,C0155339,Brown Tendon Sheath Syndrome,alias,0.0,"[""T047""]"
7160,Brown Tumor,C0029405,Osteitis Fibrosa Cystica,alias,0.0,"[""T047""]"
7161,Brucellosis,C0006309,Brucellosis,alias,0.0,"[""T047""]"
7162,Brugada Syndrome,C1142166,Brugada Syndrome (disorder),alias,0.0,"[""T047""]"
7163,Bronchiectasis,C0006267,Bronchiectasis,alias,0.0,"[""T047""]"
7164,Bronchiolitis,C0006271,Bronchiolitis,alias,0.0,"[""T047""]"
7165,Bronchitis,C0006277,Bronchitis,alias,0.0,"[""T047""]"
7166,Bronchogenic Cysts,C0006281,Congenital bronchogenic cyst,alias,0.0,"[""T019""]"
7167,Bronchomalacia,C0264353,Bronchomalacia,alias,0.0,"[""T047""]"
7168,Bronchopulmonary Dysplasia,C0006287,Bronchopulmonary Dysplasia,alias,0.0,"[""T047""]"
7169,Bronchopulmonary Sequestration,C0006288,Bronchopulmonary Sequestration,alias,0.0,"[""T019""]"
7170,Bronchoscopy,C0006290,Bronchoscopy,alias,0.0,"[""T060""]"
7174,Bright Red Blood Per Rectum,C0018932,Hematochezia,alias,0.0,"[""T047""]"
7175,Brittle Nails,C0546956,Trachyonychia,alias,0.0,"[""T033""]"
7178,Bronchial Stenosis,C0151536,Stenosis of bronchus,alias,0.0,"[""T190""]"
7179,Breast Prosthesis,C0917968,"Mammary Prostheses, unspecified whether internal or external",alias,0.0,"[""T074""]"
7180,Breast Reconstruction,C0085076,Mammaplasty,alias,0.0,"[""T061""]"
7181,Breast Reduction,C0191922,Reduction mammaplasty,alias,0.0,"[""T061""]"
7184,Breast Surgery,C3714726,Operation on breast,alias,0.0,"[""T061""]"
7187,Breastfeeding Support,C1171181,Breastfeeding support,alias,0.0,"[""T058""]"
7188,Breast Diseases,C0006145,Breast Diseases,alias,0.0,"[""T047""]"
7189,Breast Examination,C0199850,Examination of breast,alias,0.0,"[""T060""]"
7191,Breast Hyperplasia,C0542028,Breast hyperplasia,alias,0.0,"[""T033""]"
7194,Breast Implant Rupture,C0405491,Rupture of breast implant,alias,0.0,"[""T047""]"
7195,Breast Lump,C0024103,Mass in breast,alias,0.0,"[""T033""]"
7196,Breast Cancer Screening,C0281182,Screening for malignant neoplasm of breast,alias,0.0,"[""T061""]"
7200,Breast Cyst,C0006144,Breast Cyst,alias,0.0,"[""T020""]"
7201,Breast Deformities,C0567474,Deformity of breast,alias,0.0,"[""T033""]"
7202,Breast Discharge,C0149741,nipple discharge,alias,0.0,"[""T184""]"
7206,Breast Cancer Genetics,C0879255,Breast Cancer Genetics,alias,0.0,"[""T091""]"
7213,Breast Atrophy,C0151511,Atrophy of breast,alias,0.0,"[""T020""]"
7214,Breast Augmentation,C0191925,Augmentation mammoplasty,alias,0.0,"[""T061""]"
7215,Breast Biopsy,C0405352,Biopsy of breast,alias,0.0,"[""T060""]"
7216,Breast Cancer,C0678222,Breast Carcinoma,alias,0.0,"[""T191""]"
7222,Branchial Cleft Anomalies,C0079037,Branchial Clefts-Congenital disorder,alias,0.0,"[""T019""]"
7223,Branchial Cleft Cyst,C0006131,Branchioma,alias,0.0,"[""T019""]"
7226,Breast Abscess,C0151463,Abscess of breast,alias,0.0,"[""T047""]"
7228,Brain Injury,C0270611,Brain Injuries,alias,0.0,"[""T037""]"
7230,Brain Laceration,C0272945,Brain Lacerations,alias,0.0,"[""T037""]"
7231,Brain Lesions,C0221505,Lesion of brain,alias,0.0,"[""T033""]"
7232,Brain Metastases,C0220650,Metastatic malignant neoplasm to brain,alias,0.0,"[""T191""]"
7233,Brain Neoplasms,C0006118,Brain Neoplasms,alias,0.0,"[""T191""]"
7234,Brain Surgery,C0195775,Operation on brain,alias,0.0,"[""T061""]"
7235,Brachycephaly,C0221356,Brachycephaly,alias,0.0,"[""T019""]"
7236,Brachydactyly,C0221357,Brachydactyly,alias,0.0,"[""T019""]"
7237,Brachymetatarsia,C0265650,Brachymetatarsia,alias,0.0,"[""T019""]"
7238,Brachytherapy,C0006098,Brachytherapy,alias,0.0,"[""T061""]"
7240,Bradycardia,C3812171,Bradycardia by ECG Finding,alias,0.0,"[""T033""]"
7243,Bowel Resection,C0741614,Intestine Resection,alias,0.0,"[""T061""]"
7250,Brachial Plexus Injury,C0161446,Injury of brachial plexus,alias,0.0,"[""T037""]"
7254,Botulism,C0006057,Botulism,alias,0.0,"[""T037""]"
7255,Boutonneuse Fever,C0006060,Boutonneuse Fever,alias,0.0,"[""T047""]"
7256,Boutonniere Deformity,C0158476,Boutonnière deformity,alias,0.0,"[""T020""]"
7261,Bone Tumor,C0005967,Bone neoplasms,alias,0.0,"[""T191""]"
7268,Bone Marrow Failure Syndromes,C2931245,Bone Marrow Failure Disorders,alias,0.0,"[""T047""]"
7269,Bone Marrow Transplant,C0005961,Bone Marrow Transplantation,alias,0.0,"[""T061""]"
7270,Bone Mass,C0005938,Bone Density,alias,0.0,"[""T201""]"
7273,Bone Sarcoma,C0029463,Osteosarcoma,alias,0.0,"[""T191""]"
7274,Bone Spur,C1956089,Osteophyte,alias,0.0,"[""T047""]"
7275,Bone Densitometry,C0920149,Bone densitometry procedure,alias,0.0,"[""T060""]"
7276,Bone Disorders,C0005940,Bone Diseases,alias,0.0,"[""T047""]"
7278,Bone Grafting,C0005976,Bone Transplantation,alias,0.0,"[""T061""]"
7280,Bone Growth Stimulator,C0183578,"Bone growth stimulator, device",alias,0.0,"[""T074""]"
7281,Bone Marrow Aspiration,C0398523,Bone marrow aspiration procedure,alias,0.0,"[""T058""]"
7282,Bone Marrow Biopsy,C0005954,Bone marrow biopsy,alias,0.0,"[""T060""]"
7286,Bone Autograft,C0440800,Autogenous bone graft procedure,alias,0.0,"[""T061""]"
7287,Bone Biopsy,C0005933,Biopsy of bone,alias,0.0,"[""T060""]"
7289,Bone Cyst,C0005937,Bone Cysts,alias,0.0,"[""T190""]"
7292,Body Contouring Surgery,C2224569,Body Contouring,alias,0.0,"[""T061""]"
7293,Body Dysmorphic Disorder,C0005887,Body Dysmorphic Disorders,alias,0.0,"[""T048""]"
7296,Body Odor,C0085595,Body odor,alias,0.0,"[""T033""]"
7297,Boil,C0242301,furuncle,alias,0.0,"[""T047""]"
7298,Bone Allograft,C0407564,Allogeneic bone graft,alias,0.0,"[""T061""]"
7301,Blue Rubber Bleb Nevus Syndrome,C0346072,Blue rubber bleb nevus syndrome,alias,0.0,"[""T019""]"
7302,Blue Toe Syndrome,C0242645,Blue Toe Syndrome,alias,0.0,"[""T047""]"
7303,Blurred Vision,C0344232,Blurred vision,alias,0.0,"[""T033""]"
7307,Blood Disorders,C0018939,Hematological Disease,alias,0.0,"[""T047""]"
7308,Blood In Eye,C0423009,Blood in eye,alias,0.0,"[""T033""]"
7309,Blood In Stool,C1321898,Blood in stool,alias,0.0,"[""T184""]"
7311,Blood Test,C0018941,Hematologic Tests,alias,0.0,"[""T059""]"
7315,Blocked Eustachian Tubes,C0149508,Obstruction of Eustachian tube,alias,0.0,"[""T033""]"
7316,Blocked Tear Duct,C0022906,Lacrimal Duct Obstruction,alias,0.0,"[""T033""]"
7318,Blood Cancer,C0376545,Hematologic Neoplasms,alias,0.0,"[""T191""]"
7320,Blood Clot In Eye,C0423010,Blood clot in eye,alias,0.0,"[""T033""]"
7321,Blood Clotting Disorder,C0005779,Blood Coagulation Disorders,alias,0.0,"[""T047""]"
7322,Blepharophimosis,C0005744,Blepharophimosis,alias,0.0,"[""T019""]"
7323,Blepharoplasty,C0339021,Excision of redundant skin of eyelid,alias,0.0,"[""T061""]"
7324,Blepharoptosis,C0005745,Blepharoptosis,alias,0.0,"[""T047""]"
7325,Blepharorrhaphy,C0005746,Blepharorrhaphy,alias,0.0,"[""T061""]"
7326,Blepharospasm,C0005747,Blepharospasm,alias,0.0,"[""T047""]"
7328,Blister,C0005758,Bulla,alias,0.0,"[""T033""]"
7330,Blocked Artery,C0264995,Occlusion of artery (disorder),alias,0.0,"[""T046""]"
7333,Blau Syndrome,C5201146,Blau syndrome,alias,0.0,"[""T047""]"
7334,Bleeding Disorder,C0005779,Blood Coagulation Disorders,alias,0.0,"[""T047""]"
7337,Bleeding Hemorrhoids,C0265031,Hemorrhoidal Hemorrhage,alias,0.0,"[""T046""]"
7338,Blepharitis,C0005741,Blepharitis,alias,0.0,"[""T047""]"
7339,Bladder Stone,C0005683,Urinary Bladder Calculi (disorder),alias,0.0,"[""T047""]"
7340,Bladder Surgery,C0194361,Operation on bladder,alias,0.0,"[""T061""]"
7341,Bladder Suspension,C0194501,Cystopexy,alias,0.0,"[""T061""]"
7342,Bladder Training,C0150474,Urinary bladder training,alias,0.0,"[""T058""]"
7346,Blastic Plasmacytoid Dendritic Cell Neoplasm,C1301363,Blastic plasmacytoid dendritic cell neoplasm,alias,0.0,"[""T191""]"
7347,Bladder Diverticulum,C0156273,Bladder Diverticulum,alias,0.0,"[""T190""]"
7348,Bladder Exstrophy,C0005689,Bladder Exstrophy,alias,0.0,"[""T047""]"
7349,Bladder Fistula,C0005690,Urinary Bladder Fistula,alias,0.0,"[""T190""]"
7351,Bladder Instillations,C0021917,"Instillation, Bladder",alias,0.0,"[""T061""]"
7352,Bladder Neck Obstruction,C0005694,Bladder neck obstruction,alias,0.0,"[""T047""]"
7353,Bladder Prolapse,C0262393,Bladder prolapse,alias,0.0,"[""T047""]"
7356,Bladder Augmentation,C0194521,Augmentation of bladder,alias,0.0,"[""T061""]"
7357,Bladder Biopsy,C0194379,Biopsy of bladder,alias,0.0,"[""T060""]"
7358,Bladder Cancer,C0005684,Malignant neoplasm of urinary bladder,alias,0.0,"[""T191""]"
7359,Bladder Cancer Chemotherapy,C0741526,bladder cancer chemotherapy,alias,0.0,"[""T061""]"
7361,Bladder Cancer Surgery,C4763857,Bladder Cancer Surgery,alias,0.0,"[""T061""]"
7362,Bladder Disease,C0005686,Urinary Bladder Diseases,alias,0.0,"[""T047""]"
7364,Birth Control,C0700589,Contraceptive methods,alias,0.0,"[""T061""]"
7366,Birthmark,C0265974,Birthmark,alias,0.0,"[""T019""]"
7369,Blackwater Fever,C0005681,Blackwater Fever,alias,0.0,"[""T047""]"
7370,Bipolar Disorder,C0005586,Bipolar Disorder,alias,0.0,"[""T048""]"
7371,Birt Hogg Dube Syndrome,C0346010,Multiple fibrofolliculomas,alias,0.0,"[""T191""]"
7379,Biotinidase Deficiency,C0220754,Biotinidase Deficiency,alias,0.0,"[""T047""]"
7384,Biopsy Of Lung,C0189485,Biopsy of lung,alias,0.0,"[""T060""]"
7394,Binge Eating Disorder,C0596170,Binge eating disorder,alias,0.0,"[""T048""]"
7395,Biofeedback,C0005491,Biofeedback,alias,0.0,"[""T061""]"
7402,Biliary Cirrhosis,C0023892,Biliary cirrhosis,alias,0.0,"[""T047""]"
7403,Biliary Colic,C0151824,Biliary Colic,alias,0.0,"[""T047""]"
7405,Biliary Stricture,C0597984,Biliary stricture,alias,0.0,"[""T190""]"
7406,Biliary Tract Disease,C0005424,Biliary Tract Diseases,alias,0.0,"[""T047""]"
7414,Bilevel Positive Airway Pressure,C1956423,Biphasic Continuous Positive Airway Pressure,alias,0.0,"[""T061""]"
7415,Biliary Atresia,C0005411,Biliary Atresia,alias,0.0,"[""T019""]"
7419,Bicornuate Uterus,C0266387,Bicornuate uterus,alias,0.0,"[""T019""]"
7420,Bicuspid Aortic Valve,C0149630,Bicuspid aortic valve,alias,0.0,"[""T019""]"
7424,Benign Schwannoma,C0854906,Benign Schwannoma,alias,0.0,"[""T191""]"
7425,Bereavement,C1879338,"Bereavement, life event (finding)",alias,0.0,"[""T033""]"
7426,Beriberi,C0005122,Beriberi,alias,0.0,"[""T047""]"
7427,Berry Aneurysm,C0005136,Berry Aneurysm,alias,0.0,"[""T046""]"
7428,Beryllium Disease,C2350873,Beryllium Disease,alias,0.0,"[""T047""]"
7430,Bezoars,C0005332,Bezoars,alias,0.0,"[""T167""]"
7437,Benign Paroxysmal Positional Vertigo,C0155502,Benign Paroxysmal Positional Vertigo,alias,0.0,"[""T047""]"
7439,Benign Prostatic Hyperplasia,C1704272,Benign Prostatic Hyperplasia,alias,0.0,"[""T046""]"
7441,Benign Mesothelioma,C0206675,Adenomatoid Tumor,alias,0.0,"[""T191""]"
7444,Benign Neoplasm Of Brain,C0496899,"Benign neoplasm of brain, unspecified",alias,0.0,"[""T191""]"
7448,Behavioral Disorders,C0004930,Behavior Disorders,alias,0.0,"[""T048""]"
7451,Behcet Syndrome,C0004943,Behcet Syndrome,alias,0.0,"[""T047""]"
7452,Benign Breast Disease,C0016034,Breast Fibrocystic Disease,alias,0.0,"[""T047""]"
7453,Benign Breast Lump,C0741729,benign breast lump,alias,0.0,"[""T191""]"
7457,Becker Muscular Dystrophy,C0917713,Becker Muscular Dystrophy,alias,0.0,"[""T047""]"
7458,Beckwith Wiedemann Syndrome,C0004903,Beckwith-Wiedemann Syndrome,alias,0.0,"[""T047""]"
7459,Bedbugs,C0277346,Infestation by bed bug,alias,0.0,"[""T047""]"
7460,Bee Sting Allergy,C0438638,Allergic reaction to bee sting,alias,0.0,"[""T047""]"
7461,Bee Stings,C0413120,Bee sting,alias,0.0,"[""T037""]"
7464,Bartter Syndrome,C0004775,Bartter Disease,alias,0.0,"[""T047""]"
7466,Basal Cell Carcinoma,C0007117,Basal cell carcinoma,alias,0.0,"[""T191""]"
7471,Basosquamous Carcinoma,C0007118,"Carcinoma, Basosquamous",alias,0.0,"[""T191""]"
7473,Bariatric Surgery,C1456587,Bariatric Surgery,alias,0.0,"[""T061""]"
7475,Barretts Esophagus,C0004763,Barrett Esophagus,alias,0.0,"[""T047""]"
7476,Barth Syndrome,C0574083,3-Methylglutaconic aciduria type 2,alias,0.0,"[""T047""]"
7477,Bartholin Gland Carcinoma,C0349561,Bartholin's gland carcinoma,alias,0.0,"[""T191""]"
7478,Bartholin Gland Cyst,C0004767,Cyst of Bartholin's gland duct,alias,0.0,"[""T047""]"
7480,Balloon Catheter,C0441127,Balloon dilatation catheter,alias,0.0,"[""T074""]"
7486,Bardet Biedl Syndrome,C0752166,Bardet-Biedl Syndrome,alias,0.0,"[""T047""]"
7488,Bacterial Vaginosis,C0085166,Bacterial Vaginosis,alias,0.0,"[""T047""]"
7491,Balanitis,C0004690,Balanitis,alias,0.0,"[""T047""]"
7492,Balanoposthitis,C0004691,Balanoposthitis,alias,0.0,"[""T047""]"
7497,Back Surgery,C0741419,back surgery,alias,0.0,"[""T061""]"
7500,Bacterial Conjunctivitis,C0009768,Bacterial conjunctivitis,alias,0.0,"[""T047""]"
7502,Bacterial Endocarditis,C0014121,Bacterial Endocarditis,alias,0.0,"[""T047""]"
7503,Bacterial Meningitis,C0085437,"Meningitis, Bacterial",alias,0.0,"[""T047""]"
7504,B12 Deficiency Anemia,C0815316,Megaloblastic anemia due to vitamin B>12< deficiency,alias,0.0,"[""T047""]"
7507,Back Injury,C0004601,Back Injuries,alias,0.0,"[""T037""]"
7511,Back Pain,C0004604,Back Pain,alias,0.0,"[""T184""]"
7513,Axillary Lymphadenectomy,C0193867,Excision of axillary lymph nodes group,alias,0.0,"[""T061""]"
7514,Axillary Lymphadenopathy,C0578735,Axillary lymphadenopathy,alias,0.0,"[""T046""]"
7515,Axillary Mass,C0238729,Mass of axilla,alias,0.0,"[""T033""]"
7518,Azoospermia,C0004509,Azoospermia,alias,0.0,"[""T047""]"
7519,Azotemia,C0242528,Azotemia,alias,0.0,"[""T047""]"
7522,Avian Influenza,C0016627,Influenza in Birds,alias,0.0,"[""T047""]"
7527,Axillary Abscess,C0263115,Abscess of axilla,alias,0.0,"[""T047""]"
7538,Autonomic Dysreflexia,C0238015,Autonomic Dysreflexia,alias,0.0,"[""T047""]"
7539,Autonomic Nervous System Disorders,C1145628,Autonomic nervous system disorders,alias,0.0,"[""T047""]"
7543,Autoimmune Hepatitis,C0241910,Autoimmune Chronic Hepatitis,alias,0.0,"[""T047""]"
7551,Autologous Bone Marrow Transplant,C0194037,Autologous bone marrow transplant,alias,0.0,"[""T061""]"
7552,Autism,C0004352,Autistic Disorder,alias,0.0,"[""T048""]"
7555,Autoimmune Diseases,C0004364,Autoimmune Diseases,alias,0.0,"[""T047""]"
7556,Autoimmune Encephalitis,C5671289,Autoimmune Encephalitis,alias,0.0,"[""T047""]"
7557,Autoimmune Enteropathy,C0341305,Autoimmune enteropathy,alias,0.0,"[""T047""]"
7559,Autoimmune Gastritis,C3887639,Autoimmune gastritis,alias,0.0,"[""T047""]"
7561,Auditory Neuropathy Spectrum Disorder,C2732267,Auditory neuropathy spectrum disorder,alias,0.0,"[""T047""]"
7566,Aura,C0236018,Aura,alias,0.0,"[""T033""]"
7567,Auricular Hematoma,C0271413,Hematoma of pinna,alias,0.0,"[""T046""]"
7569,Atypical Meningioma,C0431122,Atypical meningioma,alias,0.0,"[""T191""]"
7572,Atypical Neurofibroma,C5552715,Atypical Neurofibromatous Neoplasm of Uncertain Biologic Potential,alias,0.0,"[""T191""]"
7575,Audiometry Testing,C0004286,Audiometry,alias,0.0,"[""T060""]"
7576,Auditory Brainstem Implant,C0493762,Auditory Brain Stem Implants,alias,0.0,"[""T074""]"
7577,Atrophie Blanche,C1306862,atrophie blanche,alias,0.0,"[""T046""]"
7579,Attention Deficit Hyperactivity Disorder,C1263846,Attention deficit hyperactivity disorder,alias,0.0,"[""T048""]"
7582,Atypical Ductal Hyperplasia,C0442834,Atypical ductal hyperplasia (qualifier value),alias,0.0,"[""T080""]"
7584,Atypical Lobular Hyperplasia,C0442835,Atypical lobular hyperplasia,alias,0.0,"[""T046""]"
7585,Atrial Tachycardia,C0546959,Atrial tachycardia,alias,0.0,"[""T047""]"
7586,Atrioventricular Block,C0004245,Atrioventricular Block,alias,0.0,"[""T047""]"
7588,Atrioventricular Nodal Reentrant Tachycardia,C0039232,"Tachycardia, Atrioventricular Nodal Reentry",alias,0.0,"[""T047""]"
7589,Atrioventricular Reentrant Tachycardia,C0039232,"Tachycardia, Atrioventricular Nodal Reentry",alias,0.0,"[""T047""]"
7590,Atrioventricular Septal Defect,C1389018,Atrioventricular Septal Defect,alias,0.0,"[""T019""]"
7592,Atrophic Vaginitis,C0221392,Atrophic Vaginitis,alias,0.0,"[""T047""]"
7593,Atrial Fibrillation,C0004238,Atrial Fibrillation,alias,0.0,"[""T047""]"
7597,Atrial Flutter,C0004239,Atrial Flutter,alias,0.0,"[""T046""]"
7604,Athletic Heart Syndrome,C3178778,"Cardiomegaly, Exercise-Induced",alias,0.0,"[""T047""]"
7607,Atonic Epilepsy,C0086236,"Epilepsy, Atonic",alias,0.0,"[""T047""]"
7609,Asymptomatic Bacteriuria,C0262380,Asymptomatic bacteriuria,alias,0.0,"[""T047""]"
7610,Ataxia,C0007758,Cerebellar Ataxia,alias,0.0,"[""T047""]"
7611,Ataxia Telangiectasia,C0004135,Ataxia Telangiectasia,alias,0.0,"[""T047""]"
7612,Atelectasis,C0004144,Atelectasis,alias,0.0,"[""T046""]"
7613,Atherectomy,C0162513,Atherectomy,alias,0.0,"[""T061""]"
7616,Atherosclerosis,C0004153,Atherosclerosis,alias,0.0,"[""T047""]"
7618,Asthmatic Bronchitis,C1319018,Asthmatic bronchitis,alias,0.0,"[""T047""]"
7619,Astigmatism,C0004106,Astigmatism,alias,0.0,"[""T047""]"
7623,Asymmetric Septal Hypertrophy,C3495498,"Cardiomyopathy, Familial Hypertrophic, 1 (disorder)",alias,0.0,"[""T047""]"
7625,Aspiration Pneumonitis,C0032290,Aspiration Pneumonia,alias,0.0,"[""T047""]"
7626,Aspirin Allergy,C0004058,Allergy to aspirin,alias,0.0,"[""T047""]"
7631,Asthenospermia,C0403823,Asthenozoospermia,alias,0.0,"[""T047""]"
7632,Asthma,C0004096,Asthma,alias,0.0,"[""T047""]"
7635,Ascites,C0003962,Ascites,alias,0.0,"[""T047""]"
7636,Ashermans Syndrome,C0156372,Asherman Syndrome,alias,0.0,"[""T047""]"
7638,Asperger Syndrome,C0236792,Asperger Syndrome,alias,0.0,"[""T048""]"
7640,Aspiration Breast Cyst,C3665448,Evacuation of cyst of breast,alias,0.0,"[""T061""]"
7642,Artificial Cornea,C0176217,Keratoprosthesis procedure,alias,0.0,"[""T061""]"
7645,Artificial Heart,C0018829,"Heart, Artificial",alias,0.0,"[""T074""]"
7646,Artificial Insemination,C0021587,Artificial Insemination,alias,0.0,"[""T061""]"
7647,Artificial Urinary Sphincter,C0085283,"Urinary Sphincter, Artificial",alias,0.0,"[""T074""]"
7653,Arthroscopy Of Hip,C0186190,Arthroscopy of hip,alias,0.0,"[""T060""]"
7654,Arthroscopy Of Knee,C0187970,Diagnostic arthroscopy of knee,alias,0.0,"[""T060""]"
7655,Arthroscopy Of Shoulder,C0559702,Arthroscopic shoulder procedure (procedure),alias,0.0,"[""T060""]"
7660,Arthrogryposis,C0003886,Arthrogryposis,alias,0.0,"[""T047""]"
7661,Arthrogryposis Multiplex Congenita,C0003886,Arthrogryposis,alias,0.0,"[""T047""]"
7662,Arthropathy,C0022408,Arthropathy,alias,0.0,"[""T047""]"
7664,Arthroscopy,C0003904,Arthroscopy,alias,0.0,"[""T060""]"
7668,Arthralgia,C0003862,Arthralgia,alias,0.0,"[""T184""]"
7669,Arthritis,C0003864,Arthritis,alias,0.0,"[""T047""]"
7671,Arthritis Of Knee,C0240111,Arthritis of knee,alias,0.0,"[""T047""]"
7677,Arterial Thrombosis,C0151942,Arterial thrombosis,alias,0.0,"[""T046""]"
7679,Arteriovenous Fistula,C0003855,Arteriovenous fistula,alias,0.0,"[""T190""]"
7680,Arteriovenous Fistula Thrombosis,C0340909,Arteriovenous fistula thrombosis,alias,0.0,"[""T047""]"
7681,Arteriovenous Graft,C0729665,Arteriovenous graft,alias,0.0,"[""T020""]"
7683,Arrhythmogenic Right Ventricular Cardiomyopathy,C0349788,Arrhythmogenic Right Ventricular Dysplasia,alias,0.0,"[""T047""]"
7684,Arrhythmogenic Right Ventricular Dysplasia,C0349788,Arrhythmogenic Right Ventricular Dysplasia,alias,0.0,"[""T047""]"
7685,Arsenic Poisoning,C0311375,Arsenic Poisoning,alias,0.0,"[""T037""]"
7688,Arterial Dissection,C0002949,Arterial Dissection,alias,0.0,"[""T047""]"
7689,Arterial Embolism,C0549124,Arterial embolism,alias,0.0,"[""T046""]"
7690,Arm Weakness,C0751409,Upper Extremity Paresis,alias,0.0,"[""T184""]"
7691,Arnold Chiari Malformation,C0003803,Arnold Chiari Malformation,alias,0.0,"[""T019""]"
7696,Aromatase Inhibitor,C0593802,Aromatase Inhibitors,alias,0.0,"[""T121""]"
7697,Arrhythmia,C0003811,Cardiac Arrhythmia,alias,0.0,"[""T047""]"
7699,Arm Fracture,C0178316,Fracture of upper limb,alias,0.0,"[""T037""]"
7700,Arm Injury,C0003794,Arm Injuries,alias,0.0,"[""T037""]"
7703,Arm Pain,C0239377,Arm Pain,alias,0.0,"[""T184""]"
7704,Arm Sprain,C0272876,sprain of arm,alias,0.0,"[""T037""]"
7707,Apraxia,C0003635,Apraxias,alias,0.0,"[""T048""]"
7708,Aqueductal Stenosis,C2936786,Aqueductal Stenosis,alias,0.0,"[""T047""]"
7709,Arachnoid Cyst,C0078981,Arachnoid Cysts,alias,0.0,"[""T047""]"
7710,Arachnoiditis,C0003708,Arachnoiditis,alias,0.0,"[""T047""]"
7714,Appendiceal Abscess,C0238002,Abscess of appendix (disorder),alias,0.0,"[""T047""]"
7715,Appendiceal Cancer,C0728951,Carcinoma of the Appendix,alias,0.0,"[""T191""]"
7717,Appendiceal Mass,C0341353,Appendix mass,alias,0.0,"[""T047""]"
7718,Appendicitis,C0003615,Appendicitis,alias,0.0,"[""T047""]"
7719,Appendicostomy,C0192953,Fistulization of appendix,alias,0.0,"[""T061""]"
7721,Appendix Rupture,C0267628,Rupture of appendix,alias,0.0,"[""T047""]"
7723,Aphasia,C0003537,Aphasia,alias,0.0,"[""T048""]"
7725,Aphthous Ulcers,C0038363,Aphthous Stomatitis,alias,0.0,"[""T047""]"
7726,Aplastic Anemia,C0002874,Aplastic Anemia,alias,0.0,"[""T047""]"
7727,Apnea Of Prematurity,C0475715,Apnea of prematurity,alias,0.0,"[""T046""]"
7728,Apophysitis,C0264110,Apophysitis,alias,0.0,"[""T047""]"
7730,Appendectomy,C0003611,Appendectomy,alias,0.0,"[""T061""]"
7731,Aortic Valve Sclerosis,C5441560,Sclerosis of cusp of aortic valve,alias,0.0,"[""T047""]"
7732,Aortic Valve Surgery,C4763855,Aortic Valve Surgery,alias,0.0,"[""T061""]"
7736,Aortopulmonary Window,C0003516,Aortopulmonary Septal Defect,alias,0.0,"[""T019""]"
7737,Apc Gene,C0162832,APC gene,alias,0.0,"[""T028""]"
7738,Aphakia,C0003534,Aphakia,alias,0.0,"[""T190""]"
7740,Aortic Regurgitation,C0003504,Aortic Valve Insufficiency,alias,0.0,"[""T047""]"
7742,Aortic Stenosis,C0003507,Aortic Valve Stenosis,alias,0.0,"[""T047""]"
7744,Aortic Valve Disease,C1260873,Aortic valve disorder,alias,0.0,"[""T047""]"
7747,Aortic Valve Replacement,C0003506,Replacement of aortic valve (procedure),alias,0.0,"[""T061""]"
7748,Aortic Arch Aneurysm,C0856748,"Aneurysm, Aortic Arch",alias,0.0,"[""T190""]"
7749,Aortic Arch Arteritis,C0039263,Takayasu Arteritis,alias,0.0,"[""T047""]"
7753,Aortic Coarctation,C0003492,Aortic coarctation,alias,0.0,"[""T019""]"
7754,Aortic Diseases,C0003493,Aortic Diseases,alias,0.0,"[""T047""]"
7756,Anti Neutrophil Cytoplasmic Antibodies,C0103647,Antineutrophil Cytoplasmic Antibodies,alias,0.0,"[""T129""]"
7759,Antiphospholipid Syndrome,C0085278,Antiphospholipid Syndrome,alias,0.0,"[""T047""]"
7760,Antithrombin Deficiency,C0272375,Antithrombin III Deficiency,alias,0.0,"[""T047""]"
7762,Anxiety,C0003469,Anxiety Disorders,alias,0.0,"[""T048""]"
7763,Squamous Cell Carcinoma,C0007137,Squamous cell carcinoma,alias,0.0,"[""T191""]"
7764,Aortic Aneurysm,C0003486,Aortic Aneurysm,alias,0.0,"[""T047""]"
7765,Anterior Temporal Lobectomy,C1136214,Anterior Temporal Lobectomy,alias,0.0,"[""T061""]"
7770,Anthrax,C0003175,Anthrax disease,alias,0.0,"[""T047""]"
7771,Anti Glomerular Basement Membrane Disease,C0403529,Anti-Glomerular Basement Membrane Disease,alias,0.0,"[""T047""]"
7775,Anterior Mediastinotomy,C0442952,Anterior mediastinotomy,alias,0.0,"[""T061""]"
7781,Anovulatory Bleeding,C0404557,Anovular menstruation,alias,0.0,"[""T046""]"
7782,Anoxic Encephalopathy,C0003132,Anoxic Encephalopathy,alias,0.0,"[""T046""]"
7785,Anterior Cruciate Ligament Injury,C1456574,Anterior Cruciate Ligament Injuries,alias,0.0,"[""T037""]"
7789,Anorectal Manometry,C0374190,Anorectal manometry,alias,0.0,"[""T060""]"
7790,Anorectal Myectomy,C0193056,Anal myectomy,alias,0.0,"[""T061""]"
7791,Anorexia,C0003123,Anorexia,alias,0.0,"[""T047""]"
7792,Anorexia Nervosa,C0003125,Anorexia Nervosa,alias,0.0,"[""T048""]"
7793,Anoscopy,C0193158,Anoscopy,alias,0.0,"[""T058""]"
7794,Anosmia,C0003126,Anosmia,alias,0.0,"[""T033""]"
7795,Anotia,C0702139,Congenital absence of external ear,alias,0.0,"[""T019""]"
7796,Anovulation,C0003128,Anovulation,alias,0.0,"[""T047""]"
7798,Anomalous Pulmonary Venous Return,C4551905,Pulmonary Venous Return Anomaly,alias,0.0,"[""T019""]"
7799,Anophthalmia,C0003119,Anophthalmos,alias,0.0,"[""T019""]"
7800,Anoplasty,C0193200,Repair of anus,alias,0.0,"[""T061""]"
7803,Anorectal Disease,C0687707,Anorectal Diseases,alias,0.0,"[""T047""]"
7804,Anorectal Dysfunction,C5670732,Anorectal Dysfunction,alias,0.0,"[""T046""]"
7806,Annular Pancreas,C0149955,Annular pancreas,alias,0.0,"[""T019""]"
7814,Ankylosing Spondylitis,C0038013,Ankylosing spondylitis,alias,0.0,"[""T047""]"
7815,Ankylosis,C0003090,Ankylosis,alias,0.0,"[""T046""]"
7821,Ankle Injury,C0085111,Ankle Injuries,alias,0.0,"[""T037""]"
7822,Ankle Instability,C0277851,Ankle instability,alias,0.0,"[""T033""]"
7825,Ankle Pain,C0238656,Ankle pain,alias,0.0,"[""T184""]"
7826,Ankle Sprain,C0160087,Ankle Sprains,alias,0.0,"[""T037""]"
7827,Ankle Strain,C0848665,ankle strain,alias,0.0,"[""T037""]"
7828,Ankle Surgery,C0188412,Operative procedure on ankle,alias,0.0,"[""T061""]"
7830,Anisocoria,C0003079,Anisocoria,alias,0.0,"[""T033""]"
7831,Anisometropia,C0003081,Anisometropia,alias,0.0,"[""T047""]"
7832,Ankle Arthritis,C0238650,ankle arthritis,alias,0.0,"[""T047""]"
7833,Ankle Dislocation,C0434691,Traumatic dislocation of ankle joint,alias,0.0,"[""T037""]"
7834,Ankle Fracture,C0159877,Ankle Fracture,alias,0.0,"[""T037""]"
7835,Ankle Fracture Surgery,C0741048,ankle fracture surgery,alias,0.0,"[""T061""]"
7836,Ankle Fusion,C0188661,Arthrodesis of ankle,alias,0.0,"[""T061""]"
7838,Angiomatous Meningioma,C0334608,Angiomatous Meningioma,alias,0.0,"[""T191""]"
7839,Angiomyolipoma,C0241961,Angiomyolipoma of kidney,alias,0.0,"[""T191""]"
7840,Angiosarcoma,C0018923,Hemangiosarcoma,alias,0.0,"[""T191""]"
7842,Angular Cheilitis,C0221237,Angular cheilitis,alias,0.0,"[""T047""]"
7843,Anhidrosis,C0003028,Anhidrosis,alias,0.0,"[""T047""]"
7844,Animal Bite,C0003044,Animal bite,alias,0.0,"[""T037""]"
7845,Aniridia,C0003076,Aniridia,alias,0.0,"[""T019""]"
7846,Aniseikonia,C0003078,Aniseikonia,alias,0.0,"[""T184""]"
7847,Aneurysmal Bone Cyst,C0152244,"Bone Cysts, Aneurysmal",alias,0.0,"[""T047""]"
7848,Angelman Syndrome,C0162635,Angelman Syndrome,alias,0.0,"[""T047""]"
7850,Angioedema,C0002994,Angioedema,alias,0.0,"[""T046""]"
7851,Angiography,C0002978,angiogram,alias,0.0,"[""T060""]"
7853,Angioma,C1959588,Angioma,alias,0.0,"[""T191""]"
7854,Angiomatoid Fibrous Histiocytoma,C1266127,"Histiocytoma, Angiomatoid Fibrous",alias,0.0,"[""T191""]"
7863,Anemia,C0002871,Anemia,alias,0.0,"[""T047""]"
7864,Anemia Of Chronic Disease,C0002873,Anemia of chronic disease,alias,0.0,"[""T047""]"
7865,Anemia Of Pregnancy,C0271930,Anemia of pregnancy,alias,0.0,"[""T047""]"
7866,Anencephaly,C0002902,Anencephaly,alias,0.0,"[""T019""]"
7868,Aneurysm,C0002940,Aneurysm,alias,0.0,"[""T046""]"
7870,Aneurysm Of Ascending Aorta,C0856747,"Aneurysm, Ascending Aorta",alias,0.0,"[""T190""]"
7871,Anaplastic Meningioma,C0259785,Malignant Meningioma,alias,0.0,"[""T191""]"
7872,Anaplastic Mixed Glioma,C0431108,Anaplastic Oligoastrocytoma,alias,0.0,"[""T191""]"
7873,Anaplastic Oligoastrocytoma,C0431108,Anaplastic Oligoastrocytoma,alias,0.0,"[""T191""]"
7874,Anasarca,C0151603,Anasarca,alias,0.0,"[""T046""]"
7877,Androgen Deprivation Therapy,C0279492,Antiandrogen therapy,alias,0.0,"[""T061""]"
7878,Androgen Excess,C0235461,Androgen excess,alias,0.0,"[""T033""]"
7880,Anal Ulcer,C4759657,Anal Ulcer,alias,0.0,"[""T047""]"
7881,Anal Warts,C0343729,Anal warts,alias,0.0,"[""T047""]"
7883,Anaphylaxis,C0002792,anaphylaxis,alias,0.0,"[""T046""]"
7884,Anaplastic Astrocytoma,C0334579,Anaplastic astrocytoma,alias,0.0,"[""T191""]"
7886,Anaplastic Ependymoma,C0280788,Anaplastic Ependymoma,alias,0.0,"[""T191""]"
7887,Anaplastic Large Cell Lymphoma,C0206180,Ki-1+ Anaplastic Large Cell Lymphoma,alias,0.0,"[""T191""]"
7888,Anal Pain,C0238637,Anal pain,alias,0.0,"[""T184""]"
7889,Anal Pap Smear,C1319072,Anal Pap Smear,alias,0.0,"[""T060""]"
7890,Anal Polyp,C0267573,Anal polyp,alias,0.0,"[""T191""]"
7891,Anal Spasm,C0152167,Anal spasm,alias,0.0,"[""T047""]"
7893,Anal Sphincterotomy,C0193036,Anal sphincterotomy,alias,0.0,"[""T061""]"
7894,Anal Squamous Cell Carcinoma,C1412036,Anal squamous cell carcinoma,alias,0.0,"[""T191""]"
7895,Anal Stenosis,C0262374,Stricture of anus,alias,0.0,"[""T190""]"
7896,Anal Dysplasia,C0347129,Dysplasia of anus,alias,0.0,"[""T191""]"
7897,Anal Fissure,C0016167,Anal Fissure,alias,0.0,"[""T047""]"
7899,Anal Fistula,C0149889,Anorectal fistula,alias,0.0,"[""T046""]"
7902,Anal Itching,C0033775,Pruritus Ani,alias,0.0,"[""T184""]"
7903,Amyloidosis,C0002726,Amyloidosis,alias,0.0,"[""T047""]"
7904,Amyotrophic Lateral Sclerosis,C0002736,Amyotrophic Lateral Sclerosis,alias,0.0,"[""T047""]"
7906,Anal Abscess,C0281778,Anal abscess,alias,0.0,"[""T047""]"
7908,Anal Atresia,C0003466,"Anus, Imperforate",alias,0.0,"[""T019""]"
7909,Anal Cancer,C0279637,Anal carcinoma,alias,0.0,"[""T191""]"
7910,Anal Condyloma,C0281779,Anal Condyloma Acuminatum,alias,0.0,"[""T191""]"
7920,Amino Acidopathy,C0002514,"Amino Acid Metabolism, Inborn Errors",alias,0.0,"[""T047""]"
7921,Amniocentesis,C0002627,Amniocentesis,alias,0.0,"[""T060""]"
7922,Amniotic Band Syndrome,C0002636,Amniotic Band Syndrome,alias,0.0,"[""T047""]"
7929,Amastia,C0432357,Congenital absence of breast with absent nipple,alias,0.0,"[""T019""]"
7930,Amazia,C0432357,Congenital absence of breast with absent nipple,alias,0.0,"[""T019""]"
7931,Ambiguous Genitalia,C0266362,Ambiguous Genitalia,alias,0.0,"[""T019""]"
7935,Amenorrhea,C0002453,Amenorrhea,alias,0.0,"[""T033""]"
7937,Altitude Sickness,C0002351,Altitude Sickness,alias,0.0,"[""T047""]"
7940,Alveolar Rhabdomyosarcoma,C0206655,Alveolar rhabdomyosarcoma,alias,0.0,"[""T191""]"
7941,Alveolar Soft Part Sarcoma,C0206657,Alveolar Soft Part Sarcoma,alias,0.0,"[""T191""]"
7943,Alzheimers Disease,C0002395,Alzheimer's Disease,alias,0.0,"[""T047""]"
7945,Alopecia,C0002170,Alopecia,alias,0.0,"[""T047""]"
7946,Alopecia Areata,C0002171,Alopecia Areata,alias,0.0,"[""T047""]"
7947,Alpha 1 Antitrypsin Deficiency,C0221757,alpha 1-Antitrypsin Deficiency,alias,0.0,"[""T047""]"
7948,Alport Syndrome,C1567741,Alport Syndrome,alias,0.0,"[""T047""]"
7950,Altered Mental Status,C0278061,Abnormal mental state,alias,0.0,"[""T048""]"
7953,Allergic Rhinosinusitis,C2607914,Allergic rhinitis (disorder),alias,0.0,"[""T047""]"
7954,Allergic Vasculitis,C0151436,"Vasculitis, Leukocytoclastic, Cutaneous",alias,0.0,"[""T047""]"
7956,Allergies,C0020517,Hypersensitivity,alias,0.0,"[""T046""]"
7957,Allergy Shots,C1510857,Allergy Shots,alias,0.0,"[""T061""]"
7958,Allergy Testing,C0199747,Allergy testing,alias,0.0,"[""T060""]"
7961,Allergic Contact Dermatitis,C0162820,"Dermatitis, Allergic Contact",alias,0.0,"[""T047""]"
7962,Allergic Disorders,C0020517,Hypersensitivity,alias,0.0,"[""T046""]"
7964,Allergic Fungal Sinusitis,C1827192,Allergic Fungal Sinusitis,alias,0.0,"[""T047""]"
7966,Allergic Pneumonitis,C0002390,Extrinsic allergic alveolitis,alias,0.0,"[""T047""]"
7967,Allergic Reaction,C1527304,Allergic Reaction,alias,0.0,"[""T046""]"
7968,Allergic Rhinitis,C2607914,Allergic rhinitis (disorder),alias,0.0,"[""T047""]"
7970,Aldosteronoma,C0009777,Conn Adenoma,alias,0.0,"[""T191""]"
7973,Allergen Immunotherapy,C0162352,Allergen Immunotherapy,alias,0.0,"[""T061""]"
7975,Allergic Asthma,C0155877,Allergic asthma,alias,0.0,"[""T047""]"
7976,Allergic Colitis,C1262482,Allergic colitis,alias,0.0,"[""T047""]"
7977,Allergic Conjunctivitis,C0009766,Allergic Conjunctivitis,alias,0.0,"[""T047""]"
7979,Alcohol Dependency,C0001973,"Alcoholic Intoxication, Chronic",alias,0.0,"[""T048""]"
7982,Alcohol Withdrawal,C0236663,Alcohol withdrawal syndrome,alias,0.0,"[""T047""]"
7983,Alcoholic Cardiomyopathy,C0007192,"Cardiomyopathy, Alcoholic",alias,0.0,"[""T047""]"
7984,Alcoholic Cirrhosis,C0023891,"Liver Cirrhosis, Alcoholic",alias,0.0,"[""T047""]"
7985,Alcoholic Hepatitis,C0019187,"Hepatitis, Alcoholic",alias,0.0,"[""T047""]"
7986,Alcoholic Liver Disease,C0023896,Alcoholic Liver Diseases,alias,0.0,"[""T047""]"
7988,Airway Obstruction,C0001883,Airway Obstruction,alias,0.0,"[""T047""]"
7991,Alagille Syndrome,C0085280,Alagille Syndrome,alias,0.0,"[""T019""]"
7993,Albinism,C0001916,Albinism,alias,0.0,"[""T047""]"
7996,Aggressive Behavior,C0001807,Aggressive behavior,alias,0.0,"[""T055""]"
7997,Aging,C0001811,Aging,alias,0.0,"[""T040""]"
7998,Agnosia,C0001816,Agnosia,alias,0.0,"[""T048""]"
7999,Aicardi Syndrome,C0175713,Aicardi's syndrome,alias,0.0,"[""T047""]"
8001,Aids-Related Lymphoma,C0085090,"Lymphoma, AIDS-Related",alias,0.0,"[""T191""]"
8002,Ainhum,C0001860,Ainhum,alias,0.0,"[""T047""]"
8007,Agammaglobulinemia,C0001768,Agammaglobulinemia,alias,0.0,"[""T047""]"
8018,Adrenogenital Syndrome,C0302280,Adrenogenital Syndrome,alias,0.0,"[""T047""]"
8023,Adult T Cell Leukemia,C0023493,Adult T-Cell Lymphoma/Leukemia,alias,0.0,"[""T191""]"
8025,Advance Care Planning,C0600371,Advance Care Planning,alias,0.0,"[""T058""]"
8026,Adrenal Disorders,C0001621,Adrenal Gland Diseases,alias,0.0,"[""T047""]"
8027,Adrenal Hyperplasia,C1621895,Adrenal hyperplasia,alias,0.0,"[""T047""]"
8028,Adrenal Insufficiency,C0405580,Adrenal cortical hypofunction,alias,0.0,"[""T047""]"
8030,Adrenal Mass,C0342500,Adrenal mass,alias,0.0,"[""T033""]"
8031,Adrenal Neoplasm,C0001624,Adrenal Gland Neoplasms,alias,0.0,"[""T191""]"
8033,Adrenalectomy,C0001632,Adrenalectomy,alias,0.0,"[""T061""]"
8037,Adolescent Health,C1456722,Teen Health,alias,0.0,"[""T102""]"
8040,Adrenal Adenoma,C0206667,Adrenal Cortical Adenoma,alias,0.0,"[""T191""]"
8045,Adies Pupil,C0040416,Tonic Pupil,alias,0.0,"[""T184""]"
8049,Adnexal Mass,C0149614,Adnexal Mass,alias,0.0,"[""T190""]"
8050,Adenocarcinoma Of The Bladder,C0279682,Bladder Adenocarcinoma,alias,0.0,"[""T191""]"
8052,Adenoid Cystic Carcinoma,C0010606,Adenoid Cystic Carcinoma,alias,0.0,"[""T191""]"
8053,Adenoid Hypertrophy,C0149825,Hypertrophy of adenoids,alias,0.0,"[""T047""]"
8054,Adenoidectomy,C0001425,Adenoidectomy,alias,0.0,"[""T061""]"
8055,Adenoiditis,C0001427,Adenoiditis,alias,0.0,"[""T047""]"
8057,Adhesive Capsulitis,C0158300,Adhesive Capsulitis,alias,0.0,"[""T047""]"
8061,Addisons Disease,C0001403,Addison Disease,alias,0.0,"[""T047""]"
8065,Adenocarcinoma Of Cervix,C0279672,Cervical Adenocarcinoma,alias,0.0,"[""T191""]"
8066,Adenocarcinoma Of Lung,C0152013,Adenocarcinoma of lung (disorder),alias,0.0,"[""T191""]"
8068,Acute Pancreatitis,C0001339,"Pancreatitis, Acute",alias,0.0,"[""T047""]"
8069,Acute Promyelocytic Leukemia,C0023487,Acute Promyelocytic Leukemia,alias,0.0,"[""T191""]"
8070,Acute Rhinitis,C0009443,Common Cold,alias,0.0,"[""T047""]"
8071,Acute Tubular Necrosis,C0022672,Acute Kidney Tubular Necrosis,alias,0.0,"[""T047""]"
8072,Ada Deficiency,C0268124,Adenosine deaminase deficiency,alias,0.0,"[""T047""]"
8073,Adamantinoma,C0334556,Adamantinoma of Long Bones,alias,0.0,"[""T191""]"
8075,Acute Generalized Exanthematous Pustulosis,C0877055,Acute Generalized Exanthematous Pustulosis,alias,0.0,"[""T047""]"
8077,Acute Inflammatory Demyelinating Polyneuropathy,C4551910,Acute Inflammatory Demyelinating Polyneuropathy,alias,0.0,"[""T047""]"
8078,Acute Inflammatory Demyelinating Polyradiculoneuropathy,C4551910,Acute Inflammatory Demyelinating Polyneuropathy,alias,0.0,"[""T047""]"
8079,Acute Interstitial Nephritis,C1843274,Acute Tubulointerstitial Nephritis,alias,0.0,"[""T047""]"
8080,Acute Kidney Injury,C0022660,"Kidney Failure, Acute",alias,0.0,"[""T047""]"
8083,Acute Back Pain,C0699896,Acute back pain,alias,0.0,"[""T184""]"
8084,Acute Bacterial Endocarditis,C0155685,Acute bacterial endocarditis,alias,0.0,"[""T047""]"
8085,Acute Blood Loss Anemia,C0154298,Acute posthaemorrhagic anaemia,alias,0.0,"[""T047""]"
8087,Acute Bronchitis,C0149514,Acute bronchitis,alias,0.0,"[""T047""]"
8090,Acute Disseminated Encephalomyelitis,C0014059,"Encephalomyelitis, Acute Disseminated",alias,0.0,"[""T047""]"
8091,Acute Flaccid Myelitis,C4290000,acute flaccid myelitis,alias,0.0,"[""T047""]"
8092,Actinic Cheilitis,C0267026,Actinic cheilitis,alias,0.0,"[""T047""]"
8094,Actinomycosis,C0001261,Actinomycosis,alias,0.0,"[""T047""]"
8095,Action Tremor,C0234376,Action Tremor,alias,0.0,"[""T184""]"
8097,Acupressure,C0282614,Acupressure (regime/therapy),alias,0.0,"[""T061""]"
8098,Acupuncture,C0394664,Acupuncture procedure,alias,0.0,"[""T061""]"
8099,Acute Arthritis,C0263678,Acute arthritis,alias,0.0,"[""T047""]"
8102,Acral Lentiginous Melanoma,C0346037,Acral Lentiginous Malignant Melanoma,alias,0.0,"[""T191""]"
8103,Acrocephalosyndactyly,C1510455,Acrocephalosyndactylia,alias,0.0,"[""T019""]"
8104,Acromegaly,C0001206,Acromegaly,alias,0.0,"[""T047""]"
8116,Acne Fulminans,C0263445,Acne fulminans,alias,0.0,"[""T047""]"
8117,Acne Scar,C0423783,Acne scar,alias,0.0,"[""T033""]"
8118,Acne Surgery,C0191345,Acne surgery,alias,0.0,"[""T061""]"
8121,Acoustic Neurofibromatosis,C0027832,Neurofibromatosis 2,alias,0.0,"[""T191""]"
8122,Acoustic Neuroma,C0027859,Acoustic Neuroma,alias,0.0,"[""T191""]"
8124,Achilles Tendonitis,C0149846,Achilles bursitis,alias,0.0,"[""T047""]"
8126,Acholic Stools,C0232720,Pale feces (finding),alias,0.0,"[""T033""]"
8127,Achondroplasia,C0001080,Achondroplasia,alias,0.0,"[""T019""]"
8128,Achromatopsia,C0152200,Achromatopsia,alias,0.0,"[""T047""]"
8131,Acne,C0702166,Acne,alias,0.0,"[""T047""]"
8136,Achalasia,C1321756,Achalasia,alias,0.0,"[""T047""]"
8138,Achilles Tendon Injury,C0495953,Injury of Achilles tendon,alias,0.0,"[""T037""]"
8139,Achilles Tendon Surgery,C0740739,achilles tendon surgery,alias,0.0,"[""T037""]"
8143,Acanthamoeba Infection,C0033129,Acanthamoeba Infection,alias,0.0,"[""T047""]"
8144,Acanthosis Nigricans,C0000889,Acanthosis Nigricans,alias,0.0,"[""T047""]"
8146,Accessory Navicular,C1267087,Accessory navicular bone of foot (disorder),alias,0.0,"[""T019""]"
8147,Accessory Nerve Disease,C0152180,Accessory Nerve Disorder,alias,0.0,"[""T047""]"
8148,Accessory Nerve Injury,C0161410,Accessory Nerve Injuries,alias,0.0,"[""T037""]"
8151,Abortion,C0392535,Induced abortion (procedure),alias,0.0,"[""T061""]"
8154,Abrasion,C0580209,Surgical abrasion,alias,0.0,"[""T061""]"
8155,Absence Epilepsy,C0014553,Absence Epilepsy,alias,0.0,"[""T047""]"
8164,Abnormal Urine Cytology,C0587955,Urine cytology abnormal,alias,0.0,"[""T033""]"
8165,Abnormal Urine Odor,C0278045,Abnormal urine odor,alias,0.0,"[""T033""]"
8172,Abnormal Pap Smear,C0476427,Abnormal cervical smear,alias,0.0,"[""T033""]"
8173,Abnormal Protein,C0311448,Abnormal protein,alias,0.0,"[""T116"", ""T123""]"
8176,Abnormal Reflexes,C0034933,"Reflex, Abnormal",alias,0.0,"[""T033""]"
8177,Abnormal Stool,C0162287,Abnormal feces,alias,0.0,"[""T033""]"
8178,Abnormal Stress Test,C0149612,Exercise tolerance test abnormal,alias,0.0,"[""T033""]"
8182,Abnormal Glucose,C0580546,Blood glucose abnormal,alias,0.0,"[""T033""]"
8184,Abnormal Head Shape,C0578009,Head abnormal shape,alias,0.0,"[""T033""]"
8186,Abnormal Mammogram,C0262365,Mammography abnormal,alias,0.0,"[""T033""]"
8190,Abnormal Breathing,C1260922,Abnormal breathing,alias,0.0,"[""T033""]"
8196,Abnormal Eeg,C0151611,Electroencephalogram abnormal,alias,0.0,"[""T033""]"
8206,Abdominal Trauma,C0848377,trauma to the abdomen,alias,0.0,"[""T037""]"
8207,Abdominal Wall Defect,C0238577,Abdominal wall defect,alias,0.0,"[""T019""]"
8208,Abdominal Wall Hernia,C0019326,Ventral Hernia,alias,0.0,"[""T190""]"
8209,Abdominal Wall Reconstruction,C0198542,Abdominoplasty (procedure),alias,0.0,"[""T061""]"
8210,Abdominoperineal Resection,C2004459,Abdominoperineal resection,alias,0.0,"[""T061""]"
8211,Abdominoplasty,C0198542,Abdominoplasty (procedure),alias,0.0,"[""T061""]"
8212,Abducens Nerve Disease,C0271355,Abducens Nerve Diseases,alias,0.0,"[""T047""]"
8213,Abducens Nerve Injury,C0161407,Abducens Nerve Injury,alias,0.0,"[""T037""]"
8214,Abdominal Cramps,C0000729,Abdominal Cramps,alias,0.0,"[""T184""]"
8216,Abdominal Distention,C0000731,Abdomen distended,alias,0.0,"[""T033""]"
8217,Abdominal Hernia,C0178282,Hernia of abdominal cavity,alias,0.0,"[""T190""]"
8218,Abdominal Mass,C0000734,Abdominal mass,alias,0.0,"[""T033""]"
8219,Abdominal Migraine,C0270858,Abdominal Migraine,alias,0.0,"[""T047""]"
8220,Abdominal Pain,C0000737,Abdominal Pain,alias,0.0,"[""T184""]"
8223,Abdominal Adhesions,C0549357,Abdominal adhesions,alias,0.0,"[""T020""]"
8226,Abdominal Aortic Aneurysm,C0162871,"Aortic Aneurysm, Abdominal",alias,0.0,"[""T190""]"
8228,Abdominal Bloating,C1291077,Abdominal bloating,alias,0.0,"[""T184""]"
8229,Abdominal Cancer,C0153662,Malignant neoplasm of abdomen,alias,0.0,"[""T191""]"
8238,Abdominal Abscess,C0243001,Abdominal Abscess,alias,0.0,"[""T047""]"
8240,metatarsalgia,C0025587,Metatarsalgia,alias,0.0,"[""T184""]"
8243,lymphoscintigraphy,C0412375,Radioisotope scan of lymphatic system,alias,0.0,"[""T060""]"
8244,infant respiratory distress syndrome,C0035220,"Respiratory Distress Syndrome, Newborn",alias,0.0,"[""T047""]"
8246,hymenorrhaphy,C1533667,Repair of hymen,alias,0.0,"[""T061""]"
8250,progressive multifocal leukoencephalopathy,C0023524,"Leukoencephalopathy, Progressive Multifocal",alias,0.0,"[""T047""]"
8254,lumbar puncture,C0553794,Diagnostic lumbar puncture,alias,0.0,"[""T060""]"
8257,expressive language disorder,C0236826,Developmental expressive language disorder,alias,0.0,"[""T048""]"
8258,dysnomia,C0003113,Anomia,alias,0.0,"[""T048""]"
8259,confabulation,C0233800,Confabulation,alias,0.0,"[""T048""]"
8261,anomia,C0003113,Anomia,alias,0.0,"[""T048""]"
8264,elder abuse,C0013772,Elder Abuse,alias,0.0,"[""T048""]"
8266,caregiver support,C0150162,Caregiver support (regime/therapy),alias,0.0,"[""T058""]"
8270,adrenal hemorrhage,C0151693,Adrenal hemorrhage,alias,0.0,"[""T046""]"
8271,gluten free diet,C0344351,Gluten-Free Diet,alias,0.0,"[""T061""]"
8274,arterial catheterization,C0007431,Arterial catheterization,alias,0.0,"[""T061""]"
8280,pseudocyst,C0333161,Pseudocyst,alias,0.0,"[""T020""]"
8281,peritoneal abscess,C0267756,Abscess of peritoneum,alias,0.0,"[""T047""]"
8282,interferon therapy,C0279030,Interferon Therapy,alias,0.0,"[""T061""]"
8283,icterus,C0022346,Icterus,alias,0.0,"[""T184""]"
8284,gastric antral vascular ectasia,C0267211,Gastric Antral Vascular Ectasia,alias,0.0,"[""T020""]"
8288,alcoholic encephalopathy,C2931917,Alcohol induced encephalopathy,alias,0.0,"[""T047""]"
8289,pancreatic trauma,C0273163,Injury of pancreas,alias,0.0,"[""T037""]"
8291,pancreatic fistula,C0030290,Pancreatic Fistula,alias,0.0,"[""T047""]"
8294,spine surgery,C0920347,Procedure on spinal cord (procedure),alias,0.0,"[""T061""]"
8307,metatarsus adductus,C0265647,Congenital metatarsus varus,alias,0.0,"[""T019""]"
8309,joint instability,C0022410,Joint Instability,alias,0.0,"[""T033""]"
8314,allergic arthritis,C0157987,Allergic arthritis,alias,0.0,"[""T047""]"
8318,aortitis,C0003509,Aortitis,alias,0.0,"[""T047""]"
8328,incontinentia pigmenti,C0021171,Bloch Sulzberger syndrome,alias,0.0,"[""T047""]"
8333,body piercing,C0848128,Body Piercing,alias,0.0,"[""T055""]"
8334,actinotherapy,C0031765,Phototherapy,alias,0.0,"[""T061""]"
8336,presyncope,C0700200,Presyncope,alias,0.0,"[""T184""]"
8340,vitamin a deficiency,C0042842,Vitamin A Deficiency,alias,0.0,"[""T047""]"
8341,thyroid storm,C0040127,Thyroid Crisis,alias,0.0,"[""T047""]"
8345,hair removal,C0018504,General hair removal - epilation,alias,0.0,"[""T061""]"
8346,facial veins,C0226532,Facial vein structure,alias,0.0,"[""T023""]"
8350,pancreatic pseudocyst,C0030299,Pancreatic Pseudocyst,alias,0.0,"[""T047""]"
8353,pancreas divisum,C0266270,Pancreas Divisum,alias,0.0,"[""T019""]"
8356,malignant neoplasm of stomach,C0024623,Malignant neoplasm of stomach,alias,0.0,"[""T191""]"
8357,ischemic bowel,C0741611,bowel ischemic,alias,0.0,"[""T047""]"
8358,ileus,C1258215,Ileus,alias,0.0,"[""T047""]"
8378,primary polydipsia,C0395005,Psychogenic polydipsia,alias,0.0,"[""T048""]"
8379,loin pain hematuria syndrome,C0268712,Loin pain-hematuria syndrome,alias,0.0,"[""T047""]"
8380,lithium poisoning,C0568180,Lithium poisoning,alias,0.0,"[""T037""]"
8383,gouty nephropathy,C0391820,Gouty nephropathy,alias,0.0,"[""T047""]"
8384,ethylene glycol poisoning,C0413194,Ethylene glycol poisoning (disorder),alias,0.0,"[""T037""]"
8386,crystalluria,C0151579,Crystalluria,alias,0.0,"[""T033""]"
8391,pellagra,C0030783,Pellagra,alias,0.0,"[""T047""]"
8402,cervical dystonia,C0152116,Spasmodic torticollis,alias,0.0,"[""T184""]"
8404,cadasil,C0751587,CADASIL Syndrome,alias,0.0,"[""T047""]"
8411,electroretinogram,C0013867,Electroretinography,alias,0.0,"[""T060""]"
8415,sclerosteosis,C1422190,SOST gene,alias,0.0,"[""T028""]"
8422,tetany,C0039621,Tetany,alias,0.0,"[""T033""]"
8424,locked in syndrome,C0023944,Locked-In Syndrome,alias,0.0,"[""T047""]"
8425,chronic traumatic encephalopathy,C4082769,Chronic Traumatic Encephalopathy,alias,0.0,"[""T047""]"
8426,central nervous system lupus,C0752332,"Lupus Vasculitis, Central Nervous System",alias,0.0,"[""T047""]"
8435,pars planitis,C0030593,Pars Planitis,alias,0.0,"[""T047""]"
8442,accommodation,C0000936,Visual Accommodation,alias,0.0,"[""T042""]"
8444,pott's disease,C0041330,"Tuberculosis, Spinal",alias,0.0,"[""T047""]"
8448,vater syndrome,C0220708,VATER Association,alias,0.0,"[""T047""]"
8452,lumbar spondylosis,C0149983,Lumbar spondylosis,alias,0.0,"[""T047""]"
8457,cervical spondylosis,C1384641,Cervical spondylosis,alias,0.0,"[""T047""]"
8458,osteopathic manipulation,C0949744,Osteopathic manipulation (procedure),alias,0.0,"[""T061""]"
8459,toothache,C0040460,Toothache,alias,0.0,"[""T184""]"
8461,nursing home care,C0260062,nursing home care,alias,0.0,"[""T058""]"
8462,home visits,C0020043,Home visit (procedure),alias,0.0,"[""T058""]"
8465,postpartum psychosis,C0520678,Postpartum psychosis,alias,0.0,"[""T048""]"
8467,geriatric psychiatry,C0017467,Geriatric Psychiatry specialty,alias,0.0,"[""T091""]"
8471,alcohol addiction,C0001973,"Alcoholic Intoxication, Chronic",alias,0.0,"[""T048""]"
8473,treatment resistant depression,C2063866,"Depressive Disorder, Treatment-Resistant",alias,0.0,"[""T048""]"
8482,solution focused brief therapy,C1276047,Solution-Focused Brief Therapy,alias,0.0,"[""T061""]"
8483,sex therapy,C0150764,sex therapy,alias,0.0,"[""T061""]"
8485,schizotypal personality disorder,C0036363,Schizotypal Personality Disorder,alias,0.0,"[""T048""]"
8486,schizoid personality disorder,C0036339,Schizoid Personality Disorder,alias,0.0,"[""T048""]"
8491,reality therapy,C0034764,Reality Therapy,alias,0.0,"[""T061""]"
8494,psychosomatic disorders,C0033931,Psychophysiologic Disorders,alias,0.0,"[""T048""]"
8495,psychodynamic therapy,C0599237,psychodynamic therapy,alias,0.0,"[""T061""]"
8496,psychoanalytic therapy,C0033887,Psychoanalytic Therapy,alias,0.0,"[""T061""]"
8497,psychoanalysis,C0392892,Psychoanalysis,alias,0.0,"[""T061""]"
8503,play therapy,C0032216,Play Therapy,alias,0.0,"[""T061""]"
8507,paranoid personality disorder,C0030477,Paranoid Personality Disorder,alias,0.0,"[""T048""]"
8512,narcissistic personality disorder,C0027402,Narcissistic Personality Disorder,alias,0.0,"[""T048""]"
8519,marital counseling,C0024820,Marital Therapy,alias,0.0,"[""T061""]"
8522,kleptomania,C0022734,Kleptomania,alias,0.0,"[""T048""]"
8524,iq testing,C0021705,Intelligence Tests,alias,0.0,"[""T060""]"
8525,involuntary treatment,C0683517,Involuntary Treatment,alias,0.0,"[""T061""]"
8526,intervention therapy,C0808232,Therapeutic Intervention,alias,0.0,"[""T061""]"
8533,histrionic personality disorder,C0019681,Histrionic Personality Disorder,alias,0.0,"[""T048""]"
8534,group psychotherapy,C0033971,Group Psychotherapy,alias,0.0,"[""T061""]"
8536,gestalt therapy,C0017501,Gestalt Therapy,alias,0.0,"[""T061""]"
8537,fugue state,C0860635,fugue state,alias,0.0,"[""T184""]"
8539,family therapy,C0152055,Family counseling,alias,0.0,"[""T061""]"
8540,family counseling,C0152055,Family counseling,alias,0.0,"[""T061""]"
8545,electroconvulsive therapy,C0013806,Electroconvulsive Therapy,alias,0.0,"[""T061""]"
8547,domestic abuse,C0413318,Domestic abuse,alias,0.0,"[""T048""]"
8550,dependent personality disorder,C0011548,Dependent Personality Disorder,alias,0.0,"[""T048""]"
8553,cyclothymic disorder,C0010598,Cyclothymic Disorder,alias,0.0,"[""T048""]"
8556,conversion disorder,C0012746,Dissociative disorder,alias,0.0,"[""T048""]"
8558,codependency,C0086025,Codependency,alias,0.0,"[""T048""]"
8560,career counseling,C0042934,Vocational Guidance,alias,0.0,"[""T065""]"
8561,bright light therapy,C0031765,Phototherapy,alias,0.0,"[""T061""]"
8562,avoidant personality disorder,C0004444,Avoidant Personality Disorder,alias,0.0,"[""T048""]"
8564,art therapy,C0003827,Art Therapy,alias,0.0,"[""T061""]"
8566,antisocial personality disorder,C0003431,Antisocial Personality Disorder,alias,0.0,"[""T048""]"
8567,anterograde amnesia,C0233795,"Amnesia, Anterograde",alias,0.0,"[""T048""]"
8568,anger management,C0557992,Anger Management Therapy,alias,0.0,"[""T061""]"
8569,agitation,C0085631,Agitation,alias,0.0,"[""T184""]"
8570,adult psychiatry,C1318601,Adult mental illness - specialty,alias,0.0,"[""T091""]"
8571,pulmonary hypoplasia,C0265783,Congenital hypoplasia of lung,alias,0.0,"[""T019""]"
8572,pleural fibrosis,C0264545,Thickening of pleura,alias,0.0,"[""T047""]"
8580,bone morphogenetic protein receptor type 2,C1332431,BMPR2 gene,alias,0.0,"[""T028""]"
8582,abnormal chest xray,C0436503,Standard chest X-ray abnormal,alias,0.0,"[""T033""]"
8583,uterus didelphys,C0266393,Congenital duplication of uterus,alias,0.0,"[""T019""]"
8594,adenosine deaminase 2 deficiency,C4289994,adenosine deaminase 2 deficiency,alias,0.0,"[""T047""]"
8599,actigraphy,C1171301,Actigraphy,alias,0.0,"[""T060""]"
8609,portosystemic shunt,C0032720,Surgical Portosystemic Shunt,alias,0.0,"[""T061""]"
8613,ligation of internal jugular vein,C0191155,Ligation of internal jugular vein,alias,0.0,"[""T061""]"
8617,dialysis catheter,C0179747,Dialysis catheter,alias,0.0,"[""T074""]"
8623,pneumomediastinum,C0025062,Mediastinal Emphysema,alias,0.0,"[""T047""]"
8624,bullous emphysema,C1261120,Chronic bullous emphysema,alias,0.0,"[""T047""]"
8625,mammogram,C0024671,Mammography,alias,0.0,"[""T060""]"
8627,fibroadenoma,C0206650,Fibroadenoma,alias,0.0,"[""T191""]"
8629,breast calcification,C0587094,Calcification of breast,alias,0.0,"[""T033""]"
8632,angioleiomyoma,C0206653,Angiomyoma,alias,0.0,"[""T191""]"
8635,scar pain,C0877113,Painful scar,alias,0.0,"[""T184""]"
8641,enterolysis,C0198667,Lysis of adhesions of intestines,alias,0.0,"[""T061""]"
8644,trimethylaminuria,C0342739,Trimethylaminuria,alias,0.0,"[""T047""]"
8645,succinic semialdehyde dehydrogenase deficiency,C0268631,succinic semialdehyde dehydrogenase deficiency,alias,0.0,"[""T047""]"
8646,recurrent miscarriage,C0000809,"Abortion, Habitual",alias,0.0,"[""T047""]"
8647,pyruvate dehydrogenase complex deficiency,C0034345,Pyruvate Dehydrogenase Complex Deficiency Disease,alias,0.0,"[""T047""]"
8650,phenylketonuria,C0031485,Phenylketonurias,alias,0.0,"[""T047""]"
8656,neuronal ceroid lipofuscinoses,C0027877,Neuronal Ceroid-Lipofuscinoses,alias,0.0,"[""T047""]"
8658,melas syndrome,C0162671,MELAS Syndrome,alias,0.0,"[""T047""]"
8659,joubert syndrome,C0431399,Familial aplasia of the vermis,alias,0.0,"[""T047""]"
8660,hyperammonemia,C0220994,Hyperammonemia (disorder),alias,0.0,"[""T047""]"
8661,homocystinuria,C0019880,Homocystinuria,alias,0.0,"[""T047""]"
8662,hereditary fructose intolerance,C0016751,Hereditary fructose intolerance syndrome,alias,0.0,"[""T047""]"
8665,ectodermal dysplasias,C0013575,Ectodermal Dysplasia,alias,0.0,"[""T047""]"
8668,acrodermatitis enteropathica,C0221036,Acrodermatitis enteropathica,alias,0.0,"[""T047""]"
8669,endodermal sinus tumor,C0014145,Yolk Sac Tumor,alias,0.0,"[""T191""]"
8670,electrocochleography,C0013805,Electrocochleography,alias,0.0,"[""T060""]"
8679,gastric lymphoma,C0349532,Gastric lymphoma,alias,0.0,"[""T191""]"
8684,second degree burn,C0332687,Second degree burn injury,alias,0.0,"[""T037""]"
8708,radioisotope renography,C0034592,Radioisotope Renography,alias,0.0,"[""T060""]"
8709,prostatic obstruction,C0268889,Prostatic Obstruction,alias,0.0,"[""T047""]"
8710,penile prosthesis,C0030850,Penile Prosthesis,alias,0.0,"[""T074""]"
8713,orchitis,C0029191,Orchitis,alias,0.0,"[""T047""]"
8722,radical nephrectomy,C0401181,Radical nephrectomy,alias,0.0,"[""T061""]"
8729,laparoscopic partial nephrectomy,C1144661,Laparoscopic partial nephrectomy,alias,0.0,"[""T061""]"
8731,laparoscopic nephrectomy,C2111393,laparoscopic nephrectomy,alias,0.0,"[""T061""]"
8746,work related illnesses,C0871617,work related illnesses,alias,0.0,"[""T047""]"
8748,snake bite,C0037379,Snake Bites,alias,0.0,"[""T037""]"
8749,sibling rivalry,C0233560,Sibling jealousy,alias,0.0,"[""T048""]"
8751,medical marijuana,C0813973,Medical Marijuana,alias,0.0,"[""T121""]"
8752,infant massage,C0695595,Infant massage,alias,0.0,"[""T061""]"
8753,house calls,C0020043,Home visit (procedure),alias,0.0,"[""T058""]"
8754,home infusion therapy,C0242945,Home Infusion Therapy,alias,0.0,"[""T061""]"
8755,home health,C1317851,Home health care specialty,alias,0.0,"[""T091""]"
8757,ear piercing,C0198023,Piercing of external ear,alias,0.0,"[""T061""]"
8771,orthotics,C0813253,Orthotic Medical Specialty,alias,0.0,"[""T091""]"
8780,foot infection,C0555973,Infection of foot,alias,0.0,"[""T047""]"
8784,myelomalacia,C0270774,Myelomalacia,alias,0.0,"[""T047""]"
8785,cramp fasciculation syndrome,C0751381,Foley-Denny-Brown Syndrome,alias,0.0,"[""T047""]"
8786,varus deformity,C0432593,Varus angulation,alias,0.0,"[""T190""]"
8788,short leg,C0426901,Short leg,alias,0.0,"[""T033""]"
8789,short arm,C0426857,Short arm,alias,0.0,"[""T033""]"
8798,distraction osteogenesis,C0524975,"Osteogenesis, Distraction",alias,0.0,"[""T061""]"
8800,contracture,C0009917,Contracture,alias,0.0,"[""T190""]"
8801,constitutional short stature,C0013336,Dwarfism,alias,0.0,"[""T047""]"
8809,pubic symphysis separation,C0238442,Pubic Symphysis Diastasis,alias,0.0,"[""T046""]"
8815,valgus deformity,C0042282,Valgus deformity,alias,0.0,"[""T033""]"
8817,transarterial chemoembolization,C3539919,Transarterial Chemoembolization,alias,0.0,"[""T061""]"
8819,malignant ascites,C0220656,Malignant ascites,alias,0.0,"[""T191""]"
8820,cachexia,C0006625,Cachexia,alias,0.0,"[""T184""]"
8828,retiform hemangioendothelioma,C1304512,Retiform hemangioendothelioma,alias,0.0,"[""T191""]"
8834,nerve sheath myxoma,C0206730,Neurothekeoma,alias,0.0,"[""T191""]"
8836,myofibroma,C0042133,Uterine Fibroids,alias,0.0,"[""T191""]"
8837,myoepithelioma,C0027070,Myoepithelioma,alias,0.0,"[""T191""]"
8845,composite hemangioendothelioma,C1304513,Composite hemangioendothelioma,alias,0.0,"[""T191""]"
8846,cellular blue nevus,C0334448,Cellular Blue Nevus,alias,0.0,"[""T191""]"
8856,angiomyxoma,C5551004,Angiomyxoma,alias,0.0,"[""T191""]"
8857,lock jaw,C0343495,Lockjaw,alias,0.0,"[""T033""]"
8860,tooth abscess,C0518988,Dental abscess,alias,0.0,"[""T047""]"
8862,scalp laceration,C0240937,Scalp laceration,alias,0.0,"[""T037""]"
8865,dry socket,C0013240,Alveolar periostitis,alias,0.0,"[""T047""]"
8866,dentures,C0011394,Dentures,alias,0.0,"[""T074""]"
8867,dental disorder,C1704330,Dental Diseases,alias,0.0,"[""T047""]"
8868,dental crowns,C0010384,"Prostheses, Dental, Fixed, Crown, Total, Temporary",alias,0.0,"[""T074""]"
8870,hand foot syndrome,C0852711,Sickle Cell Dactylitis,alias,0.0,"[""T047""]"
8893,cold extremities,C0277925,Cold extremity,alias,0.0,"[""T033""]"
8903,penectomy,C0194708,Amputation of penis,alias,0.0,"[""T061""]"
8908,sly syndrome,C0085132,Mucopolysaccharidosis VII,alias,0.0,"[""T047""]"
8909,san filippo syndrome,C0026706,Mucopolysaccharidosis III,alias,0.0,"[""T047""]"
8910,mucolipidoses,C0026697,Mucolipidoses,alias,0.0,"[""T047""]"
8913,hermansky pudlak syndrome,C0079504,Hermanski-Pudlak Syndrome,alias,0.0,"[""T047""]"
8914,violent behavior,C0424323,Physical aggression,alias,0.0,"[""T033""]"
8915,social skills training,C0150777,Social skills training,alias,0.0,"[""T065""]"
8916,coffin siris syndrome,C0265338,Coffin-Siris syndrome,alias,0.0,"[""T047""]"
8918,tongue plaque,C0241441,Plaque on tongue,alias,0.0,"[""T033""]"
8941,neuroendocrine carcinoma,C0206695,"Carcinoma, Neuroendocrine",alias,0.0,"[""T191""]"
8949,hypoplastic anemia,C0178416,Hypoplastic anemia,alias,0.0,"[""T047""]"
8950,hereditary hemochromatosis,C0392514,Hereditary hemochromatosis,alias,0.0,"[""T047""]"
8954,congenital amegakaryocytic thrombocytopenia,C1327915,Congenital amegakaryocytic thrombocytopenia,alias,0.0,"[""T019""]"
8957,lymphoproliferative disorder,C0024314,Lymphoproliferative Disorders,alias,0.0,"[""T191""]"
8960,plasmacytoma,C0032131,Plasmacytoma,alias,0.0,"[""T191""]"
8961,giant platelet syndrome,C0005129,Bernard-Soulier Syndrome,alias,0.0,"[""T047""]"
8990,distal femoral osteotomy,C0407483,Osteotomy of distal femur,alias,0.0,"[""T061""]"
9007,plaster cast,C0032159,Plaster Casts,alias,0.0,"[""T074""]"
9014,heat therapy,C0150611,Therapeutic heat application,alias,0.0,"[""T061""]"
9015,hand therapies,C0729315,Hand therapy,alias,0.0,"[""T061""]"
9016,cold therapies,C0010412,Cold Therapy,alias,0.0,"[""T061""]"
9017,cold laser therapy,C0279027,"Laser Therapy, Low-Level",alias,0.0,"[""T061""]"
9021,subacromial bursitis,C0546953,Subacromial bursitis,alias,0.0,"[""T047""]"
9024,shoulder surgery,C0186321,Operative procedure on shoulder,alias,0.0,"[""T061""]"
9026,shoulder reconstruction,C0850226,Shoulder reconstruction,alias,0.0,"[""T061""]"
9063,pulmonary sarcoidosis,C0036205,"Sarcoidosis, Pulmonary",alias,0.0,"[""T047""]"
9067,lung transplant rejection,C0729958,Lung transplant rejection,alias,0.0,"[""T046""]"
9071,double lung transplant,C0396599,Double lung transplant,alias,0.0,"[""T061""]"
9094,immune tolerance,C0020963,Immune Tolerance,alias,0.0,"[""T046""]"
9109,supravalvar aortic stenosis,C0003499,Supravalvular aortic stenosis,alias,0.0,"[""T047""]"
9112,situs inversus,C0037221,Situs Inversus,alias,0.0,"[""T019""]"
9117,pulmonic valve stenosis,C0034089,Pulmonary Valve Stenosis,alias,0.0,"[""T047""]"
9121,pulmonary artery aneurysm,C0155676,Pulmonary artery aneurysm,alias,0.0,"[""T046""]"
9124,pericardial disease,C0265122,Disorder of pericardium,alias,0.0,"[""T047""]"
9128,mitral atresia,C0344760,Congenital atresia of mitral valve,alias,0.0,"[""T019""]"
9134,junctional arrhythmia,C0948835,junctional arrhythmia,alias,0.0,"[""T047""]"
9135,ivemark syndrome,C0175707,Asplenia Syndrome,alias,0.0,"[""T019"", ""T047""]"
9140,fontan procedure,C0190010,Fontan Procedure,alias,0.0,"[""T061""]"
9158,vascular imaging,C0546783,Vascular imaging,alias,0.0,"[""T060""]"
9171,atheroembolism,C0149649,Cholesterol Embolism,alias,0.0,"[""T047""]"
9175,arterial bypass graft,C0189695,Anastomosis of artery with bypass graft (procedure),alias,0.0,"[""T061""]"
9181,cardiogenic syncope,C0751535,"Syncope, Cardiogenic",alias,0.0,"[""T184""]"
9182,venogram,C0031545,Venography - procedure,alias,0.0,"[""T060""]"
9208,atrial myxoma,C0151241,Atrial myxoma,alias,0.0,"[""T191""]"
9213,endothelial dysfunction,C0856169,Endothelial dysfunction,alias,0.0,"[""T047""]"
9214,arteriosclerosis,C0003850,Arteriosclerosis,alias,0.0,"[""T047""]"
9217,vaginal pain,C0236082,Vaginal pain,alias,0.0,"[""T184""]"
9228,female sexual arousal disorder,C0015786,Female sexual arousal disorder,alias,0.0,"[""T048""]"
9256,labor support,C0884660,labor support,alias,0.0,"[""T061""]"
9269,minilaparotomy,C0026168,Minilaparotomy,alias,0.0,"[""T058""]"
9277,neonatal sepsis,C0456103,Sepsis of the newborn,alias,0.0,"[""T047""]"
9278,neonatal abstinence syndrome,C0027609,Neonatal Abstinence Syndrome,alias,0.0,"[""T047""]"
9279,low birth weight,C0024032,Low Birth Weights,alias,0.0,"[""T033""]"
9280,jejunal atresia,C0266175,Jejunal Atresia,alias,0.0,"[""T019""]"
9281,intraventricular hemorrhage,C0240059,Ventricular hemorrhage,alias,0.0,"[""T046""]"
9282,ileal atresia,C0266176,Congenital atresia of ileum,alias,0.0,"[""T019""]"
9283,birth asphyxia,C0004045,Asphyxia Neonatorum,alias,0.0,"[""T047""]"
9288,stillbirth,C0595939,Stillbirth,alias,0.0,"[""T033""]"
9292,repeat cesarean section,C0206101,Repeat Cesarean Section,alias,0.0,"[""T061""]"
9302,macrosomia,C0158915,Exceptionally large baby (disorder),alias,0.0,"[""T033""]"
9306,induced abortion,C0392535,Induced abortion (procedure),alias,0.0,"[""T061""]"
9311,external cephalic version,C0410877,"Version, External Cephalic",alias,0.0,"[""T061""]"
9316,contraceptive counseling,C5551525,Contraceptive counseling,alias,0.0,"[""T058""]"
9322,breastfeeding,C0006147,Breast Feeding,alias,0.0,"[""T040""]"
9325,antenatal exercises,C0419126,Antenatal exercises,alias,0.0,"[""T061""]"
9326,abnormal pregnancy,C0278056,Abnormal pregnancy,alias,0.0,"[""T046""]"
9334,ureter surgery,C0194209,Ureter operation,alias,0.0,"[""T061""]"
9336,penis surgery,C0194682,Surgical Procedures on the Penis,alias,0.0,"[""T061""]"
9338,vesicovaginal fistula,C0042582,Vesicovaginal Fistula,alias,0.0,"[""T190""]"
9342,vaginal surgery,C0195117,Operation on vagina,alias,0.0,"[""T061""]"
9345,vaginal fistula,C0042253,Vaginal Fistula,alias,0.0,"[""T190""]"
9346,vaginal cyst,C0241619,Cyst of vagina,alias,0.0,"[""T033""]"
9349,urethropexy,C0194645,Urethropexy,alias,0.0,"[""T061""]"
9351,urethrocele,C0238502,Prolapse of urethra,alias,0.0,"[""T047""]"
9355,urethral caruncle,C0152247,Urethral caruncle,alias,0.0,"[""T020""]"
9356,ureteroplasty,C1533665,Ureteroplasty,alias,0.0,"[""T061""]"
9361,total abdominal hysterectomy with bilateral salpingo-oophorectomy,C0542407,Total abdominal hysterectomy with bilateral salpingo-oophorectomy,alias,0.0,"[""T061""]"
9364,sling procedure,C0441637,Slinging procedure,alias,0.0,"[""T061""]"
9365,salpingectomy,C0041271,Salpingectomy,alias,0.0,"[""T061""]"
9376,repair of enterocele,C0403967,Repair of enterocele,alias,0.0,"[""T061""]"
9383,prolapse of urethra,C0238502,Prolapse of urethra,alias,0.0,"[""T047""]"
9391,perineorrhaphy,C0031064,Perineorrhaphy,alias,0.0,"[""T061""]"
9394,pelvic floor reconstruction,C0198782,Reconstruction of pelvic floor,alias,0.0,"[""T061""]"
9402,metroplasty,C0195379,Repair of uterus (procedure),alias,0.0,"[""T061""]"
9409,intrinsic sphincter deficiency,C0375381,Urethral intrinsic sphincter deficiency,alias,0.0,"[""T047""]"
9412,gynecological surgery,C0038902,Gynecologic Surgical Procedures,alias,0.0,"[""T061""]"
9414,functional incontinence,C0150042,Functional urinary incontinence,alias,0.0,"[""T033""]"
9419,colposuspension,C0563527,Colposuspension (procedure),alias,0.0,"[""T061""]"
9420,colporrhaphy,C0009416,Suture of vagina,alias,0.0,"[""T061""]"
9421,colpopexy,C0195202,Fixation of vagina,alias,0.0,"[""T061""]"
9422,colpectomy,C0195130,Vaginectomy,alias,0.0,"[""T061""]"
9425,bladder endometriosis,C0269118,Endometriosis of bladder,alias,0.0,"[""T047""]"
9428,anterior repair,C0195224,Anterior colporrhaphy,alias,0.0,"[""T061""]"
9429,anterior posterior repair,C0195232,Combined anteroposterior colporrhaphy,alias,0.0,"[""T061""]"
9431,abdominal sacrocolpopexy,C0403973,Abdominal sacrocolpopexy,alias,0.0,"[""T061""]"
9435,vasectomy,C0042387,Vasectomy,alias,0.0,"[""T061""]"
9438,urethroscopy,C0194595,Endoscopy of urethra,alias,0.0,"[""T060""]"
9439,urethral pain,C0151830,Pain in urethra,alias,0.0,"[""T184""]"
9440,transurethral prostatectomy,C0040771,Transurethral Resection of Prostate,alias,0.0,"[""T061""]"
9442,testicular swelling,C0241353,Testicular mass,alias,0.0,"[""T033""]"
9449,reversal of vasectomy,C0042421,Vasovasostomy,alias,0.0,"[""T061""]"
9451,prostatic hyperplasia,C1704272,Benign Prostatic Hyperplasia,alias,0.0,"[""T046""]"
9452,prostate needle biopsy,C0401640,Needle biopsy of prostate,alias,0.0,"[""T060""]"
9455,prostate biopsy,C0194804,Biopsy of prostate,alias,0.0,"[""T060""]"
9463,hemorrhagic cystitis,C0085692,Hemorrhagic cystitis,alias,0.0,"[""T047""]"
9465,frasier syndrome,C0950122,Frasier Syndrome,alias,0.0,"[""T047""]"
9490,functional constipation,C0401146,Constipation - functional,alias,0.0,"[""T047""]"
9493,sclerotherapy of hemorrhoids,C0193249,Destruction of hemorrhoids by sclerotherapy,alias,0.0,"[""T061""]"
9494,pancreatic surgery,C2033062,Pancreatic Surgical Procedure,alias,0.0,"[""T061""]"
9497,intestine transplant,C1261518,transplant of intestine (treatment),alias,0.0,"[""T061""]"
9500,biliary tract surgery,C0005427,Biliary Tract Surgical Procedures,alias,0.0,"[""T061""]"
9517,endoscopic ultrasound,C0376443,Endoscopic Ultrasound,alias,0.0,"[""T060""]"
9519,endoscopic retrograde cholangiopancreatography,C0008310,Endoscopic Retrograde Cholangiopancreatography,alias,0.0,"[""T060""]"
9524,transcranial magnetic stimulation,C0436548,Transcranial magnetic stimulation,alias,0.0,"[""T061""]"
9526,pure autonomic failure,C0393911,Pure Autonomic Failure,alias,0.0,"[""T047""]"
9527,electronystagmogram,C0013853,Electronystagmography,alias,0.0,"[""T060""]"
9544,paroxysmal dyskinesia,C0752210,"Dyskinesias, Paroxysmal",alias,0.0,"[""T047""]"
9549,neuroacanthocytosis,C0393576,Chorea Acanthocytosis Syndrome,alias,0.0,"[""T047""]"
9551,lesch nyhan syndrome,C0023374,Lesch-Nyhan Syndrome,alias,0.0,"[""T047""]"
9553,hemiballismus,C0221169,Hemiballismus,alias,0.0,"[""T047""]"
9556,fahr's disease,C0393590,Fahr's syndrome (disorder),alias,0.0,"[""T047""]"
9557,extrapyramidal disorders,C0015371,Extrapyramidal Disorders,alias,0.0,"[""T047""]"
9560,choreoathetosis,C0085583,Choreoathetosis,alias,0.0,"[""T047""]"
9561,bradykinesia,C0233565,Bradykinesia,alias,0.0,"[""T184""]"
9565,akathisia,C0392156,Akathisia,alias,0.0,"[""T184""]"
9567,meningoencephalitis,C0025309,Meningoencephalitis,alias,0.0,"[""T047""]"
9571,synesthesia,C0233778,Synesthesia,alias,0.0,"[""T048""]"
9577,dyscalculia,C0869474,Dyscalculia,alias,0.0,"[""T048""]"
9580,alogia,C0003537,Aphasia,alias,0.0,"[""T048""]"
9581,alexia,C0002018,Alexia,alias,0.0,"[""T048""]"
9584,empty sella syndrome,C0014008,Empty Sella Syndrome,alias,0.0,"[""T047""]"
9586,sphingolipidoses,C0037899,Sphingolipidoses,alias,0.0,"[""T047""]"
9587,neurodegenerative diseases,C0524851,Neurodegenerative Disorders,alias,0.0,"[""T047""]"
9592,stiff person syndrome,C0085292,Stiff-Person Syndrome,alias,0.0,"[""T047""]"
9594,neurosarcoidosis,C0393485,Neurosarcoidosis,alias,0.0,"[""T047""]"
9604,ulnar nerve compression,C0206242,Ulnar Nerve Compression Syndromes,alias,0.0,"[""T047""]"
9610,pseudobulbar palsy,C0033790,Pseudobulbar Palsy,alias,0.0,"[""T047""]"
9611,primary lateral sclerosis,C0154682,Lateral Sclerosis,alias,0.0,"[""T047""]"
9612,peroxisomal disorders,C0282528,Peroxisomal Disorders,alias,0.0,"[""T047""]"
9613,peroneal muscular atrophy,C0007959,Charcot-Marie-Tooth Disease,alias,0.0,"[""T047""]"
9614,paralysis,C0522224,Paralysed,alias,0.0,"[""T033""]"
9615,neuromyotonia,C0242287,Isaacs syndrome,alias,0.0,"[""T047""]"
9617,nemaline myopathy,C0206157,"Myopathies, Nemaline",alias,0.0,"[""T047""]"
9622,lower extremity neuropathy,C0745868,lower extremity neuropathy,alias,0.0,"[""T047""]"
9624,inclusion body myositis,C0238190,"Myositis, Inclusion Body",alias,0.0,"[""T047""]"
9633,diabetic amyotrophy,C0271685,Diabetic Amyotrophy,alias,0.0,"[""T047""]"
9636,centronuclear myopathy,C0175709,Centronuclear myopathy,alias,0.0,"[""T047""]"
9637,bulbar palsy,C4082299,Bulbar palsy,alias,0.0,"[""T047""]"
9638,autonomic neuropathy,C0259749,Autonomic neuropathy,alias,0.0,"[""T047""]"
9640,amyloid neuropathy,C0206247,Amyloid Neuropathies,alias,0.0,"[""T047""]"
9641,adrenomyeloneuropathy,C0162309,Adrenoleukodystrophy,alias,0.0,"[""T047""]"
9642,abnormal emg,C0476403,Electromyogram abnormal,alias,0.0,"[""T033""]"
9654,cerebellopontine angle tumors,C0474740,Cerebellopontine Angle Tumor,alias,0.0,"[""T191""]"
9681,neonatal hemochromatosis,C0268059,Neonatal hemochromatosis,alias,0.0,"[""T047""]"
9685,budd chiari syndrome,C0019154,Hepatic Vein Thrombosis,alias,0.0,"[""T047""]"
9686,turcot syndrome,C0265325,Turcot syndrome (disorder),alias,0.0,"[""T047""]"
9701,intestinal pseudo obstruction,C0021847,Intestinal Pseudo-Obstruction,alias,0.0,"[""T047""]"
9713,bowel perforations,C0021845,Intestinal Perforation,alias,0.0,"[""T047""]"
9722,neonatal hepatitis,C0027613,Neonatal hepatitis,alias,0.0,"[""T047""]"
9723,neonatal cholestasis,C1112213,Cholestasis in newborn,alias,0.0,"[""T047""]"
9725,liver tumor,C0023903,Liver neoplasms,alias,0.0,"[""T191""]"
9727,hyperamylasemia,C0221773,Hyperamylasemia,alias,0.0,"[""T047""]"
9728,hepatitis c antibody,C0166049,Hepatitis C Antibodies,alias,0.0,"[""T116"", ""T129""]"
9730,hepatitis a antibody,C0062524,hepatitis A virus antibodies,alias,0.0,"[""T116"", ""T129""]"
9731,hepatic adenoma,C0206669,Hepatocellular Adenoma,alias,0.0,"[""T191""]"
9733,end stage liver disease,C0745744,End Stage Liver Disease,alias,0.0,"[""T047""]"
9735,dilated bile duct,C0400751,Dilatation of bile duct (procedure),alias,0.0,"[""T061""]"
9738,acute hepatitis panel,C0812553,"Acute hepatitis panel This panel must include the following: Hepatitis A antibody (HAAb), IgM antibody (86709) Hepatitis B core antibody (HBcAb), IgM antibody (86705) Hepatitis B surface antigen (HBsAg) (87340) Hepatitis C antibody (86803)",alias,0.0,"[""T059""]"
9748,colon stricture,C0267466,Colonic Stenosis,alias,0.0,"[""T047""]"
9753,leukocytosis,C0023518,Leukocytosis,alias,0.0,"[""T047""]"
9756,hemophilia carrier,C0472795,Hemophilia carrier,alias,0.0,"[""T033""]"
9761,factor i deficiency,C4316812,Fibrinogen Deficiency,alias,0.0,"[""T047""]"
9762,evans syndrome,C0272126,Evans syndrome,alias,0.0,"[""T047""]"
9764,cold agglutinin disease,C0175816,Cold Hemagglutinin Disease,alias,0.0,"[""T047""]"
9765,blood clot,C0302148,Blood Clot,alias,0.0,"[""T046""]"
9766,white blood cell disorders,C0023510,Leukocyte Disorders,alias,0.0,"[""T047""]"
9767,reticular dysgenesis,C0272167,Reticular dysgenesis,alias,0.0,"[""T047""]"
9769,megaloblastic anemia,C0002888,"Anemia, Megaloblastic",alias,0.0,"[""T047""]"
9770,iron replacement,C0919650,iron replacement,alias,0.0,"[""T061""]"
9773,folic acid deficiency,C0016412,Folic Acid Deficiency,alias,0.0,"[""T047""]"
9776,autoimmune hemolytic anemia,C0002880,Autoimmune hemolytic anemia,alias,0.0,"[""T047""]"
9778,prothrombin gene mutation,C1260403,prothrombin gene mutation,alias,0.0,"[""T047""]"
9779,protein s deficiency,C0242666,Protein S Deficiency,alias,0.0,"[""T047""]"
9780,protein c deficiency,C0398625,Protein C Deficiency,alias,0.0,"[""T047""]"
9782,lupus anticoagulant,C0085240,Lupus Coagulation Inhibitor,alias,0.0,"[""T116"", ""T129""]"
9786,argon plasma coagulation,C1879736,Argon Plasma Coagulation,alias,0.0,"[""T061""]"
9787,anticoagulation,C0003281,Anticoagulation Therapy,alias,0.0,"[""T061""]"
9791,small lymphocytic lymphoma,C0855095,Small Lymphocytic Lymphoma,alias,0.0,"[""T191""]"
9801,intraocular lymphoma,C0281658,Intraocular Lymphoma,alias,0.0,"[""T191""]"
9805,hematologic malignancies,C0376545,Hematologic Neoplasms,alias,0.0,"[""T191""]"
9807,chronic neutrophilic leukemia,C0023481,Chronic Neutrophilic Leukemia,alias,0.0,"[""T191""]"
9808,chronic eosinophilic leukemia,C0346421,Chronic eosinophilic leukemia,alias,0.0,"[""T191""]"
9814,tenotomy,C2936600,Tenotomy (procedure),alias,0.0,"[""T061""]"
9824,liver laceration,C0347633,Laceration of liver,alias,0.0,"[""T037""]"
9826,kasai procedure,C0032722,"Portoenterostomy, Hepatic",alias,0.0,"[""T061""]"
9829,incisional biopsy,C0184922,Incisional biopsy - action,alias,0.0,"[""T060""]"
9830,gallbladder surgery,C0193438,Operation on gallbladder,alias,0.0,"[""T061""]"
9835,esophagus surgery,C0192259,Operation on esophagus (procedure),alias,0.0,"[""T061""]"
9838,central venous catheters,C1145640,"Central venous catheter, device",alias,0.0,"[""T074""]"
9843,staring,C0423086,Staring,alias,0.0,"[""T047""]"
9848,retinal drusen,C0035312,Retinal Drusen,alias,0.0,"[""T047""]"
9849,pupilloplasty,C0197611,Repair of iris,alias,0.0,"[""T061""]"
9854,leukocoria,C0152458,Leukocoria,alias,0.0,"[""T047""]"
9861,neuropsychiatry,C0870956,Neuropsychiatry,alias,0.0,"[""T091""]"
9865,transient global amnesia,C0338591,"Amnesia, Transient Global",alias,0.0,"[""T048""]"
9870,medication management,C3469597,Administration of medication,alias,0.0,"[""T061""]"
9874,dissociative identity disorder,C0026773,Dissociative Identity Disorder,alias,0.0,"[""T048""]"
9875,dissociative amnesia,C0236795,Dissociative Amnesia,alias,0.0,"[""T048""]"
9876,combative,C0241845,combative,alias,0.0,"[""T048""]"
9877,child and adolescent psychiatry,C1274032,Child and adolescent psychiatry,alias,0.0,"[""T091""]"
9887,social anxiety disorder,C0031572,"Phobia, Social",alias,0.0,"[""T048""]"
9891,sexual abuse,C0282350,Sexual abuse,alias,0.0,"[""T037""]"
9894,schizophrenia,C0036341,Schizophrenia,alias,0.0,"[""T048""]"
9895,schizoaffective disorder,C0036337,Schizoaffective Disorder,alias,0.0,"[""T048""]"
9896,pyromania,C0016142,Firesetting Behavior,alias,0.0,"[""T048""]"
9897,psychosis,C0349204,Nonorganic psychosis,alias,0.0,"[""T048""]"
9898,psychopharmacology,C0033929,Psychopharmacology,alias,0.0,"[""T091""]"
9899,psychological abuse,C0730557,Emotional abuse,alias,0.0,"[""T048""]"
9901,physical abuse,C1621955,Physical abuse,alias,0.0,"[""T037""]"
9903,personality disorder,C0031212,Personality Disorders,alias,0.0,"[""T048""]"
9914,intermittent explosive disorder,C0021776,Intermittent Explosive Disorder,alias,0.0,"[""T048""]"
9915,impulse control disorders,C0021122,"Disruptive, Impulse Control, and Conduct Disorders",alias,0.0,"[""T048""]"
9916,hypomania,C0241934,Hypomania,alias,0.0,"[""T033""]"
9917,hypochondriasis,C0020604,Hypochondriasis,alias,0.0,"[""T048""]"
9918,hyperactivity,C0424295,Hyperactive behavior,alias,0.0,"[""T048""]"
9921,hallucinations,C0018524,Hallucinations,alias,0.0,"[""T048""]"
9922,generalized anxiety disorder,C0270549,Generalized Anxiety Disorder,alias,0.0,"[""T048""]"
9923,emotional abuse,C0730557,Emotional abuse,alias,0.0,"[""T048""]"
9928,depersonalization disorder,C0683416,Depersonalization Disorder,alias,0.0,"[""T048""]"
9929,delusional disorder,C0011251,Delusional disorder,alias,0.0,"[""T048""]"
9938,child abuse,C0008060,child abuse behavior,alias,0.0,"[""T048""]"
9941,brief psychotic disorder,C0033958,"Psychosis, Brief Reactive",alias,0.0,"[""T048""]"
9942,borderline personality disorder,C0006012,Borderline Personality Disorder,alias,0.0,"[""T048""]"
9947,behavior modification,C0004933,Behavior Therapy,alias,0.0,"[""T061""]"
9951,atypical depression,C0154437,Atypical depressive disorder,alias,0.0,"[""T048""]"
9962,adolescent psychology,C0001584,"Psychology, Adolescent",alias,0.0,"[""T091""]"
9963,adjustment disorder,C0001546,Adjustment Disorders,alias,0.0,"[""T048""]"
9964,acute stress disorder,C0236816,"Stress Disorders, Traumatic, Acute",alias,0.0,"[""T048""]"
9983,postoperative rehabilitation,C0877071,Postoperative rehabilitation,alias,0.0,"[""T061""]"
9984,phonological disorder,C4048283,Phonological Disorder,alias,0.0,"[""T048""]"
9991,melodic intonation therapy,C0589195,Melodic intonation therapy,alias,0.0,"[""T061""]"
9993,lisp,C0233728,Lisping,alias,0.0,"[""T048""]"
9998,fluency,C0870569,fluency,alias,0.0,"[""T080""]"
10004,apraxia of speech,C0264611,Apraxia of Phonation,alias,0.0,"[""T047""]"
10011,ulnar nerve neuritis,C0338538,Ulnar Neuritis,alias,0.0,"[""T047""]"
10042,median neuropathy,C0751922,Median Neuropathy,alias,0.0,"[""T047""]"
10047,hand tendon transfer,C5575029,Repair of tendon of hand by transfer or transplantation,alias,0.0,"[""T061""]"
10072,thumb fracture,C0555337,Fracture of phalanx of thumb,alias,0.0,"[""T037""]"
10102,splinting,C0204861,Application of splint,alias,0.0,"[""T061""]"
10104,shoulder osteoarthritis,C0409939,Osteoarthritis of glenohumeral joint,alias,0.0,"[""T047""]"
10105,scapula alata,C0240953,Winged scapula,alias,0.0,"[""T190""]"
10107,radial head fracture,C0435577,Radial Head Fractures,alias,0.0,"[""T037""]"
10126,knee ligament tear,C0435122,Rupture of ligament of knee joint,alias,0.0,"[""T037""]"
10127,knee effusion,C0343166,Knee joint effusion,alias,0.0,"[""T033""]"
10132,epiphysiolysis,C0014571,"Epiphyses, Slipped",alias,0.0,"[""T047""]"
10143,acetabular fracture,C0347804,Fracture of acetabulum,alias,0.0,"[""T037""]"
10162,bone marrow harvest,C0194015,Aspiration of bone marrow from donor for transplant,alias,0.0,"[""T061""]"
10166,thoracic surgery,C0524832,Thoracic Surgical Procedures,alias,0.0,"[""T061""]"
10172,pleural thickening,C0264545,Thickening of pleura,alias,0.0,"[""T047""]"
10180,mallory weiss tear,C0024633,Mallory-Weiss Syndrome,alias,0.0,"[""T047""]"
10181,lung surgery,C0038903,Pulmonary Surgical Procedures,alias,0.0,"[""T061""]"
10195,therasphere,C1135147,TheraSphere,alias,0.0,"[""T121""]"
10202,magnetic resonance imaging,C0024485,Magnetic Resonance Imaging,alias,0.0,"[""T060""]"
10204,systemic mastocytosis,C0221013,"Mastocytosis, Systemic",alias,0.0,"[""T191""]"
10206,erdheim chester disease,C0878675,Erdheim-Chester Disease,alias,0.0,"[""T047""]"
10208,apheresis,C0005791,Apheresis (procedure),alias,0.0,"[""T061""]"
10209,tick bite,C0241407,Tick bite (disorder),alias,0.0,"[""T037""]"
10210,tachypnea,C0231835,Tachypnea,alias,0.0,"[""T033""]"
10211,sprain,C0038045,Sprain,alias,0.0,"[""T037""]"
10213,rib pain,C0574068,Rib pain,alias,0.0,"[""T184""]"
10218,neck injury,C0027531,Neck Injuries,alias,0.0,"[""T037""]"
10222,groggy,C0541992,groggy,alias,0.0,"[""T033""]"
10223,genital pain,C0239725,genital pain,alias,0.0,"[""T184""]"
10224,foreign body ingestion,C0520753,Swallowed Foreign Body in Digestive System,alias,0.0,"[""T033""]"
10225,foot ulcer,C0085119,Foot Ulcer,alias,0.0,"[""T047""]"
10227,dtap vaccine,C0535644,Diphtheria-Tetanus-acellular Pertussis Vaccines,alias,0.0,"[""T121"", ""T129""]"
10229,dental pain,C0040460,Toothache,alias,0.0,"[""T184""]"
10230,coccydynia,C0009193,Pain in coccyx,alias,0.0,"[""T184""]"
10238,asherman's syndrome,C0156372,Asherman Syndrome,alias,0.0,"[""T047""]"
10247,uveal melanoma,C0220633,Uveal melanoma,alias,0.0,"[""T191""]"
10251,porocarcinoma,C1266065,Eccrine porocarcinoma,alias,0.0,"[""T191""]"
10252,hypophysitis,C0342409,Hypophysitis,alias,0.0,"[""T047""]"
10258,blount's disease,C0175756,Tibia vara,alias,0.0,"[""T047""]"
10265,huntington's disease,C0020179,Huntington Disease,alias,0.0,"[""T047""]"
10271,mondor's disease,C0265070,Thrombophlebitis of breast,alias,0.0,"[""T047""]"
10275,gamekeeper's thumb,C0435121,Rupture of ulnar collateral ligament of thumb,alias,0.0,"[""T037""]"
10292,ebstein's anomaly,C0013481,Ebstein Anomaly,alias,0.0,"[""T019""]"
10301,leigh's disease,C0023264,Leigh Disease,alias,0.0,"[""T047""]"
10305,paget's disease of the breast,C0030185,"Paget's Disease, Mammary",alias,0.0,"[""T191""]"
10312,jumper's knee,C0434329,Strain of patellar tendon,alias,0.0,"[""T037""]"
10333,freiberg's disease,C0264099,Freiberg's disease,alias,0.0,"[""T047""]"
10346,hearing loss (noise induced),C0018781,Noise-induced hearing loss,alias,0.0,"[""T037""]"
10357,castleman's disease,C0017531,Angiolymphoid hyperplasia,alias,0.0,"[""T047""]"
10364,scheuermann's disease,C0036310,Scheuermann's Disease,alias,0.0,"[""T047""]"
10371,congestive heart failure (chf),C0018802,Congestive heart failure,alias,0.0,"[""T047""]"
10384,foreign body (nose),C0161008,Foreign body in nose,alias,0.0,"[""T033""]"
10387,foreign body (ear),C0161007,Foreign body in auditory canal,alias,0.0,"[""T037""]"
10388,meniere's disease,C0025281,Meniere Disease,alias,0.0,"[""T047""]"
10398,barrett's esophagus,C0004763,Barrett Esophagus,alias,0.0,"[""T047""]"
10403,whipple's disease,C0023788,Whipple Disease,alias,0.0,"[""T047""]"
10409,crohn's disease,C0010346,Crohn Disease,alias,0.0,"[""T047""]"
10410,hirschsprung's disease,C0019569,Hirschsprung Disease,alias,0.0,"[""T047""]"
10413,addison's disease,C0001403,Addison Disease,alias,0.0,"[""T047""]"
10415,adjuvant chemotherapy,C0085533,"Chemotherapy, Adjuvant",alias,0.0,"[""T061""]"
10426,askin's tumor,C0877849,Askin's tumor,alias,0.0,"[""T191""]"
10428,endometrial sarcoma,C2959547,Endometrial sarcoma,alias,0.0,"[""T191""]"
10429,dendritic cell sarcoma,C1260326,"Dendritic Cell Sarcoma, Interdigitating",alias,0.0,"[""T191""]"
10432,carcinosarcoma,C0007140,Carcinosarcoma,alias,0.0,"[""T191""]"
10434,hidradenocarcinoma,C0334344,Sweat gland adenocarcinoma,alias,0.0,"[""T191""]"
10439,epidermoid carcinoma,C0007137,Squamous cell carcinoma,alias,0.0,"[""T191""]"
10441,wilson's disease,C0019202,Hepatolenticular Degeneration,alias,0.0,"[""T047""]"
10449,paget's disease of vulva,C1275217,Paget's disease of vulva,alias,0.0,"[""T191""]"
10450,women's health,C0080339,Women's Health,alias,0.0,"[""T091""]"
10455,alzheimer's disease,C0002395,Alzheimer's Disease,alias,0.0,"[""T047""]"
10460,grave's disease,C0018213,Graves Disease,alias,0.0,"[""T047""]"
10463,"genital herpes, male",C0497579,genital herpes in men,alias,0.0,"[""T047""]"
10464,"genital herpes, female",C0497572,genital herpes in women,alias,0.0,"[""T047""]"
10470,rapid plasma reagin (rpr) test,C0201405,Rapid Plasma Reagin Measurement,alias,0.0,"[""T059""]"
10475,paget's disease of the bone,C0029401,Osteitis Deformans,alias,0.0,"[""T047""]"
10476,raynaud's disease,C0034734,Raynaud Disease,alias,0.0,"[""T047""]"
10477,sever's disease,C0264097,Calcaneal apophysitis,alias,0.0,"[""T047""]"
10478,still's disease,C0087031,Juvenile-Onset Still Disease,alias,0.0,"[""T047""]"
10485,traveler's diarrhea,C0277528,Traveler's diarrhea,alias,0.0,"[""T047""]"
