SparkleIndex,SparkleTerm
1,Y 90 Treatment
4,Zika Virus Testing
6,Xray Of The Foot
7,Y90 Treatment
11,Wrist Steroid Injection
13,Wrist Tendon Lengthening
16,Wrist Fracture Surgery
17,Wrist Fusion
19,Wrist Instability
24,Wrist Contracture
26,Wrist Flexor Recession
29,Work Related Musculoskeletal Disorders
30,Worrisome Moles
35,Wilms Tumor 1 Mutations
43,White Platelet Syndrome
46,Well Woman Visit
48,Wellness Check
49,Wendlers Glottoplasty
52,Weird Rash
53,Welcome To Medicare Exam
54,Well Adult Exam
55,Well Child Exam
57,Weakness Of Eye Closure
58,Wearable Defibrillator
60,Weight Loss Counseling
61,Weight Management After Transplant
65,Wasp Stings
66,Watchman Device Implantation
67,Weak Cry
73,Wada Testing
81,Voiding Techniques
82,Voiding Trial
87,Vocal Tremor
90,Voice Problems
92,Voice Screening
93,Voiding Dysfunction
95,Vocal Cord Issues
96,Vocal Cord Lesions
98,Vocal Cord Strain
102,Vitreoretinal Disorders
103,Vkorc1 Mutation
104,Vnus Closure
105,Vo2 Measurement
107,Visual Reinforcement Audiometry Vra
108,Visualase Thermal Laser Ablation
110,Vitamin B12 Excess
118,Virtual Care
122,Vision Testing And Screening In Young Children
124,Visual Changes
129,Viral Retinitis
130,Virilizing Syndrome
131,Video Urodynamics
137,Vestibular And Balance Disorders
138,Vestibular Evoked Myogenic Potential Vemp Testing
141,Vestibular Services
144,Vertical Rectus Abdominis Muscle Flap
145,Vertical Sleeve Gastrectomy
147,Vesicocutaneous Fistula
148,Vesicoureteral Reflux Vur
149,Vesicoureteral Reflux Vur Surgery
151,Vertebral Stapling
152,Vertebral Steal Syndrome
153,Vertebral Transposition
156,Vertical Expandable Prosthetic Titanium Rib
158,Vertebrae Surgery
159,Vertebral Artery Embolization
161,Vertebral Column Resection
175,Ventricular Septal Defect Repair
176,Venous Occlusive Crisis
177,Venous Stasis Disease
178,Venous Stenting
186,Venous Disorders
188,Venous Malformation Brain
191,Velo Cardio Facial Syndrome Vcfs
192,Velopharyngeal Deficiencies
194,Vascularized Bone Graft
195,Vasculitic Neuropathy
198,Vasomotor Symptoms
201,Vcug
202,Vascular Malformations Of The Brain
203,Vascular Malformations Of The Spine
204,Vascular Myelopathy
205,Vascular Neurocognitive Disorder
207,Vascular Stenting
208,Vascular Tumors Of The Retina And Choroid
211,Vascular Access Surgery
212,Vascular Anomalies
213,Vascular Birthmarks
214,Vascular Brain Tumors
215,Vascular Disorders Of Kidney
216,Vascular Insufficiency Of Intestine
222,Varicose Vein Treatment
227,Valve Stenosis
228,Valvular Endocarditis
234,Vaginal Mesh Implant Complications
237,Vaginal Stenosis
249,Vaginal Anomaly
252,Vaginal Birth After Caesarean Section
254,Vaginal Bleeding After Hysterectomy
256,Vaccine Reactions
257,Vacuum Assisted Closure Therapy
258,Vacuum Assisted Wound Closure
259,Vagal Nerve Disorders
260,Vagal Nerve Stimulator
263,Vaginal Agenesis
268,Uveitis Rheumatoid Arthritis
272,Uterine Fibroid Embolization Counseling
273,Uterine Infertility
274,Uterine Isthmocele
275,Uterine Lining Removal
280,Us Perc Cholecystostomy
281,Us Renal Biopsy
283,Uterine Anomaly With Pregnancy
289,Urologic Trauma
293,Us Aortic Screening
294,Us Liver Biopsy
295,Us Of The Kidneys
304,Urinary Disorders
306,Urinary Hesitation
308,Urinary Incontinence In Children
309,Urinary Problems
314,Urgent Start Peritoneal Dialysis
315,Urinary Bladder Reconstruction
317,Urinary Catheter Management
318,Urinary Catheter Removal
322,Urethral Polyps
324,Urethral Trauma
326,Urethromeatoplasty
327,Ureterocele Repair
333,Urethral Bulking Injection
336,Uremic Encephalopathy
337,Uremic Hyperparathyroidism
338,Ureteral Meatotomy
340,Ureteral Stricture Dilation
343,Upper Tract Urothelial Cancer
344,Uprastomal And Tracheal Granulomas
345,Urachal Cancer
348,Urachal Tumor
349,Urea Cycle Defects
350,Upper Body Lift
351,Upper Extremity Angioplasty And Stenting
352,Upper Extremity Neuropathy
353,Upper Extremity Non Union Fracture
354,Upper Extremity Reconstruction
356,Upper Lip Tie
358,Unicornuate Uterus
359,Unna Boot
360,Unsafe Sex Treatment
364,Upper Airway Surgery For Obstructive Sleep Apnea Syndrome
367,Unexpected Weight Loss
369,Unexplained Tearing
370,Unexplained Vision Loss
371,Unexplained Weight Loss
373,Uncontrolled Hypertension
375,Under-Served Communities Health
378,Undiagnosed Syndromes
382,Umbilical Granuloma Cauterization
384,Umbilical Mass
385,Unable To Grip
386,Unable To Weight Bear
387,Unclassified Sarcoma
388,Ulnar Pseudo Arthrosis Non Union
389,Ultrasound Guided Thyroid Biopsy
390,Ultrasound Of The Head
391,Ultrasound-Guided Breast Cyst Aspiration
393,Umbilical Cord Blood Transplant
395,Umbilical Cord Infection
396,Ulnar Fracture
397,Ulnar Nerve Decompression
399,Ulnar Nerve Subluxation
400,Ulnar Nerve Surgery
402,Ulnar Pseudarthrosis
405,Ulceration Of Intestine
408,Ulnar Club Hand
409,Ulnar Collateral Ligament Elbow Tear
410,Ulnar Collateral Ligament Repair
413,Type 1 Second Degree Heart Block
415,Type 2 Second Degree Heart Block
417,Typhoid Fever Vaccination
418,Twin To Twin Transfusion Syndrome
420,Twisted Ankle
422,Tympanic Membrane Perforation Tmp
424,TympanoplastyMastoidectomy
428,Turbinate Surgery
431,Twin Reversed Arterial Perfusion
433,Tumescent Liposuction
436,Tumor Necrosis Factor Receptor Associated Periodic Syndrome
437,Tumor Of Nose
438,Tuberculosis Tb Test
440,Tubo Ovarian Abscess
441,Tubular Discectomy
444,Tug Flap
445,Tsc2 Gene
448,Tubal Ligation Reversal
449,Tube Pericardiostomy
452,Trucus Arteriosus
453,True Knot
457,Tsc1 Gene
461,Trochlear Nerve Palsy And Paresis
464,Trigger Finger Surgery
473,Tricuspid Valve Repair
474,Trifascicular Block
476,Tricep Repair
479,Trichophytic Brow Lift
482,Treatment Refractory Breast Cancer
486,Trial Embryo Transfer
487,Triangular Fibrocartilage Complex Injury
488,Tricep Injury
489,Traumatic Enucleation
492,Travelers Diarrhea
494,Treatment For Post-Traumatic Deformity
496,Traumatic Amputation Of The Penis
498,Traumatic Brain Injury Counseling
499,Traumatic Brain Injury Rehabilitation
500,Traumatic Brain Injury Therapy
502,Transvenous Lead Extraction
505,Transverse Upper Gracilis Flap
506,Transverse Vaginal Septum
508,Transradial Catheterization
509,Transradial Coronary Angioplasty
510,Transrectal Drainage Of Pelvic Abscess
511,Transscleral Cyclophotocoagulation
512,Transthoracic Discectomy
514,Transurethral Resection Of Bladder
515,Transoral Robotic Surgery Tors
516,Transoral Thyroidectomy
517,Transpetrosal Approaches
518,Transplant Related Infection
520,Transposition Of The Great Arteries Tga
521,Transpsoas Approach
522,Transluminal Balloon Angioplasty In Neurosurgery
523,Transmetatarsal Amputation Tma Surgery
525,Transnasal Repair Csf Leak
527,Transoral Robotic Surgery For Obstructive Sleep Apnea
528,Transient Limb Paralysis
529,Transient Monocular Vision Loss
530,Transient Tachypnea Of The Newborn
531,Transition Of Youth With Special Care Needs
534,Transitional Urology
535,Transgender Care
536,Transgender Hormone Replacement Therapy
539,Transient Erythroblastopenia Of Childhood
540,Transient Ischaemic Attack Tia
541,Transcarotid Artery Revascularization
542,Transcatheter Aortic Valve Replacement Tavr
544,Transcatheter Tricuspid Valve Repair
545,Transconjunctival Blepharoplasty
548,Tracheostomy Revision
553,Transanal Resection Surgery
554,Tracheocutaneous Fistula
559,Tracheostomy Management
563,Tracheal Stent Placement
564,Tracheal Stomal Stenosis
567,Tracheal Compression
568,Tracheal Dilatation
570,Tracheal Mass
571,Tracheal Reconstruction
580,Toxic Liver Injury
584,Total Parenteral Nutrition Tpn
585,Total Shoulder Replacement Revision Surgery
586,Total Shoulder Replacement Surgery
588,Toxic Cataract
590,Total Hip Replacement Age Less Than 50
591,Total Hip Revision
593,Total Knee Replacement Age Greater Than 50
594,Total Knee Replacement Age Less Than 50
595,Total Knee Revision
597,Total Anomalous Pulmonary Venous Return Tapvr
599,Total Endoscopic Coronary Artery Bypass Grafting
601,Total Hip Replacement Age Greater Than 50
604,Toric Intraocular Lens Implant
605,Toric Lenses
607,Torsion Of Appendix Of Testis
613,Top Surgery
615,Tongue Sores
621,Tongue Base Reduction Surgery
623,Tongue Clip
627,Toe Tendon Lengthening
628,Toe Tendon Transfer
629,Toenail Injury
630,Toilet Training Issues
634,Toe Fungus
636,Toe Instability
638,Tmem127 Gene
640,Tobacco Smoking Counseling
643,Tobacco-Related Diseases
650,Tissue Expansion Surgery
657,Tibialis Anterior Transfer
658,Tibialis Posterior Transfer
664,Tibial Pseudarthrosis
666,Tibial Tendonitis
668,Tibial Tubercle Osteotomy
673,Thyrotoxic Exophthalmos
678,Thyroid Function Blood Panel
680,Thyroid Hormone Therapy
684,Thymus Surgery
685,Thyroglossal Duct Disorders
686,Thyroglossal Duct Excision
688,Thyroid Cancer Genomics
690,Thumb Strain
695,Thrower Elbow
696,Throwing Injury
697,Thumb Aplasia
705,Thrombotic Disorders
707,Throat Mass
710,Thrombectomy Of Cranial Vessels
715,Three Column Osteotomy
716,Three Dimensional Conformal Radiation Therapy
717,Throat Abscess
718,Throat Abscess Drainage
720,Thoracoscopic Pectus Deformities Repair
721,Thoracoscopic Pleurodesis
722,Thoracoscopic Tumor Resection
726,Thoracodorsal Artery Perforator Flap
728,Thoracoscopic Debridement
729,Thoracoscopic Esophageal Atresia Repair
730,Thoracoscopic Excision Of Mediastinal Mass
731,Thoracoscopic Lobectomy
732,Thoracoscopic Lung Resection
734,Thoracic Spine Fusion
736,Thoracic Spine Mass
737,Thoracic Spine Tumor
738,Thoracoabdominal Aneurysm
739,Thoracoamniotic Shunting
740,Thoracic Laminectomy
741,Thoracic Malignancy
742,Thoracic Outlet Decompression
744,Thoracic Spinal Stenosis
745,Thoracic Spine Epidural Steroid Injection
746,Thoracic Aorta Pta
751,Thoracic Herniated Disc
752,Thigh Lift Surgery
756,Thoracic Aneurysm Dissection
757,Thoracic Aneurysm Repair
758,Thoracic Aorta Angiogram
765,Tetanus Diphtheria And Pertussis Vaccine
767,Tetracycline Prescribing
768,Tetralogy Of Fallot Repair
769,Tetralogy Of Fallot Tof
771,Testicular Torsion Repair
773,Testosterone Deficiency
774,Testosterone Replacement Therapy
776,Tetanus And Diphtheria Vaccine
782,Testicular Prosthesis Placement
787,Testicular Cancer Chemotherapy
788,Testicular Cancer Surgery
791,Teratogen Exposure
793,Teratoma Of Ovary
794,Teratoma With Malignant Transformation
799,Tens Therapy
802,Tendon Pulley Reconstruction
803,Tendon Repair Surgery
805,Tendonitis Of Multiple Tendons
807,Tennis Elbow Surgery
808,Temporomandibular Joint Surgery
810,Tenderness To Touch
811,Tendinitis Of The Elbow
815,Temporal Tumor
816,Temporalis Muscle Transfers
819,Temporomandibular Joint Replacement
822,Temper Tantrum Prevention
823,Temporal Bone Cancer
825,Temporal Brow Lift
827,Tear Osmolarity Test
838,Tachycardia Induced Cardiomyopathy
839,Taiga Encephalitis
849,Tachycardia Bradycardia Syndrome
850,Synovectomy Of Elbow
851,Synovectomy Of Knee
860,Syndesmosis Sprain
861,Syngeneic Transplant
862,Swollen Parotid
864,Swooshing Sound In Ears
866,SydenhamChorea
873,Swollen Feet Or Ankles
875,Surrogacy
877,Swallow Therapy
878,Swallow Xray
879,Swallowing Evaluation
881,Swan Neck Deformity
882,Surgical Sterilization
883,Surgical Treatment Of Crohns Disease
884,Surgical Treatment Of Myelopathy
885,Surgical Treatment Of Ulcerative Colitis
887,Surgically Correctable Birth Defects
888,Surgical Abortion First Trimester
889,Surgical Abortion Second Trimester
890,Surgical Abortion Third Trimester
891,Surgical Management Of Advanced Hepato Biliary Cancer
892,Surgical Management Of Advanced Pancreatic Cancer
894,Surgery For Arthritis
895,Surgery For De Quervain Tenosynovitis
896,Surgery For Hidradenitis Suppurativa
897,Surgery For Sciatica
898,Surgery For Spasticity
899,Surgical Ablation Of Atrial Fibrillation
901,Supraorbital Nerve Block
903,Supratentorial Primitive Neuroectodermal Tumor
906,Superior Mesenteric Artery Stenosis
907,Superior Mesenteric Artery Stenting
908,Supernumerary Marker Chromosome
910,Supprelin Implant
911,Suppurative Tonsillitis
914,Superficial Venous Reflux
915,Superior Canal Dehiscence
916,Superior Capsular Reconstruction
917,Superior Gluteal Artery Perforator Flap
918,Superior Mesenteric Artery Bypass
920,Sunct Headache
922,Superficial Inferior Epigastric Artery Flap
923,Superficial Injury Of Cornea
926,Sudden Pain
930,Suna Headache
932,Substernal Thyroid Mass
933,Subtalar Dislocation
937,Submucosal Tumors
938,Suboxone Treatment
939,Subpectoral Placement
941,Subpial Transection
945,Submandibular Gland Cancer
946,Submandibular Nodule
947,Submandibular Swelling
948,Submicroscopic Deletion
949,Submicroscopic Duplication
950,Subchondroplasty
952,Subclavian Stenosis
954,Subdural Hematoma Embolization
957,Stylohyoid Syndrome
959,Subacute Cutaneous Lupus
962,Subcaudate Tractotomy
965,Stroke Related Spasticity
966,Stromal Tumor Of Intestine
969,Stress Therapy
970,Stretching Of Prepuce
973,Stricture Of Artery
974,Strictures Of Upper Urinary Tract
977,Stress Echo Cardiogram
978,Stress Fracture Of The Radius
981,Stress Management Issues
982,Stomatitis Monilial
983,Stool Changes
986,Straining On Urination
991,Stomach Tumor Surgery
992,Stomal Hernia
994,Stoma Reversal
997,Stomach Cancer Genomics
1000,Sternal Wound Flap
1004,Stiffness After A Total Knee Replacement
1005,Stills Disease
1006,Stereotactic Cranial Radiation
1007,Stereotactic Eeg
1009,Stereotactic Spine Radiosurgery
1011,Sternal Clavicular Joint Dislocation
1013,Stenosis Of Nasolacrimal Duct
1014,Stenosis Vascular Graft
1015,Stenotic Valve Diseases
1018,Stereotactic Brain Biopsy
1019,Stem Cell Transplant For Hematological Malignancy
1020,Stem Cell Transplant For Lymphoma
1021,Stem Cell Transplant For Myelodysplastic Syndrome
1022,Stem Cell Transplant For Sickle Cell Disease
1023,Stem Cell Treatment For Joint Disease
1024,Stenosis Of Lacrimal Sac
1025,Steatotic Liver Disease
1026,Stellate Ganglion Blocks
1028,Stem Cell Injection
1030,Stem Cell Transplant For Aplastic Anemia
1035,Standard Transsphenoidal Approach
1039,Staphylococcus Infections
1043,Squamous Cell Carcinoma Of The Temporal Bone
1044,Squamous Cell Carcinoma Of The Throat
1045,Squamous Cell Carcinoma Of The Tongue
1046,Squamous Cell Carcinoma Of The Tonsils
1047,Squamous Cell Carcinoma Of The Trachea
1048,Squamous Intraepithelial Neoplasia
1050,Squamous Cell Carcinoma Of Skin Of Lip
1052,Squamous Cell Carcinoma Of The Ear
1054,Squamous Cell Carcinoma Of The Head And Neck
1055,Squamous Cell Carcinoma Of The Jaw
1056,Squamous Cell Carcinoma Of The Mouth
1057,Squamous Cell Carcinoma Of The Nose
1059,Sprained Muscle
1062,Squamous Cancer Of The Lung
1063,Squamous Carcinoma In Situ
1064,Squamous Cell Carcinoma Of Bladder
1066,Sports Related Concussion
1067,Sports Related Concussion Testing
1068,Sports Related Eye Injury
1069,Sports Related Foot Injury
1070,Sports Related Injury
1071,Spots On Mouth
1072,Spots On Tongue
1075,Sports Injury Rehabilitation
1076,Sports Medicine Of The Foot
1077,Sports Physical Exam
1079,Sports Related Ankle Injury
1080,Sports Related Cardiovascular Assessment
1083,Spontaneous Occlusion Of The Circle Of Willis
1086,Spondylosis Surgery
1089,Splenic Mass
1092,Splinter Removal
1093,Spondylectomy
1097,Splenic Anomalies
1098,Splenic Artery Graft
1099,Splenic Artery Repair
1112,Spine Reconstruction
1113,Spine Revision
1114,Spine Stapling
1115,Spine Tumor
1117,Spine Fusion
1118,Spine Injection
1120,Spine Instability
1122,Spine Mass
1123,Spine Mets
1124,Spine Microsurgery
1127,Spine Deformities
1129,Spine Deformity Correction Surgery
1130,Spine Embolization
1132,Spinal Dural Graft
1135,Spinal Schwannoma
1137,Spinal Tethering For Scoliosis
1140,Spinal Cord Injury Pain
1141,Spinal Cord Injury Rehabilitation
1145,Spinal Cyst Removal
1147,Spina Bifida Surgery
1148,Spinal Abscess
1149,Spinal Abscess Surgery
1150,Spinal Cord Anomalies
1155,Sphincter Sparing Surgery
1164,Spermatic Cord Block
1166,Spermatocele Aspiration
1172,Spasticity Of SpineBack
1173,Specific Antibody Deficiency
1174,Speech Aid Prosthesis
1177,Somatic Symptom Disorder
1183,Soy Allergy
1185,Soft Tissue Radionecrosis
1186,Soft Tissue Sarcoma Radical Tumor Resection
1192,Snoring Surgery
1193,Soave
1194,Social Delay
1196,Soft And Hard Contact Lens Exams
1199,Smith Antibody Test
1200,Smith Petersen Osteotomy
1204,Sneddon Wilkinson
1206,Small Round Cell Sarcoma
1208,Smarca4 Gene
1209,Smarcb1 Gene
1211,Smile Restoration
1214,Small Intestine Bacterial Overgrowth Sibo
1218,Small Molecule Inhibitors
1219,Small Bowel Fistula
1221,Small Bowel Stricture
1222,Small Bowel Ulcer
1224,Small Ear Canal
1225,Slowing Of Urinary Stream
1227,Sma Stenosis
1228,Smad4 Gene
1229,Small Bowel Biopsy
1237,Slow Weight Gain In Infants
1239,Sleep Related Hallucinations
1240,Sleep Related Hypoxemia
1243,Sleep-Related Hypoventilation
1244,Sleep Apnea Therapy
1247,Sleep Endoscopy
1249,Sleep Phase Disorder
1252,Slap Tear
1253,Sleep Abnormalities
1255,Sleep Apnea Study
1256,Sleep Apnea Surgery
1261,Skull Base Approach
1263,Skin Of Color Dermatology
1265,Skin Rejuvenation
1266,Skin Resurfacing And Rejuvenation
1267,Skin Sparing Mastectomy
1269,Skin Changes
1270,Skin Chemosurgery
1275,Skin Irritations
1279,Skin Cancer Genomics
1280,Skin Cancer Reconstruction
1282,Skin Cancer Surgery
1283,Sjogrens
1285,Skeletal Metastasis
1286,Skeletal Reconstruction
1287,Skene Gland Cyst
1299,Sinus And Nasal Mucoceles
1301,Sinus Fracture
1302,Sinus Lift Bone Graft
1305,Single Site Surgery
1307,Sino Nasal Carcinoma
1308,Sino Nasal Disorders
1312,Silver Nitrate Application
1314,Single Incision Cholecystectomy
1315,Single Incision Gallbladder Surgery
1316,Sick Visits
1320,Side Effects Of Cancer Treatment
1321,Sigmoid Vesical Fistula
1324,Sialendoscopy
1329,Shoulder Labral Tear Repair
1332,Shoulder Stabilization
1341,Shoulder Labral Tear
1343,Shortened Cervix
1344,Shortness Of Breath Sob
1346,Shoulder Contracture
1349,Shingles Vaccination
1350,Shockwave Treatment For Plantar Fasciitis
1352,Short Course Radiation
1356,Shevel Procedure
1358,Shin Splint Surgery
1360,Shingles Of The Eye
1362,Severs Disease
1365,Sexually Transmitted Disease Std
1368,Severe Bone Fractures
1371,Severe Cough
1372,Severe Dysplasia Of Rectum
1375,Sequestrum Of Lung
1380,Septate Hymen
1383,Septo Optic Dysplasia
1385,Septum Problem
1387,Separated Shoulder
1391,Septal Myectomy
1392,Septal Perforation
1393,Sensory Disorders Of Eyelid
1394,Sensory Impairment
1395,Sensory Neuronopathy
1396,Sensory Reinnervation
1398,Senile Ectropion
1399,Senile Entropion
1401,Sensitive Skin
1402,Sensitivity To Light
1403,Sensorimotor Disorders Of Eyelid
1404,Selective Estrogen Receptor Modulation
1410,Senile Corneal Changes
1411,Secondary Malignant Neoplasm Of Genital Organs
1412,Secondary Malignant Neoplasm Of Urinary Organs
1416,Selective Dorsal Rhizotomy
1419,Secondary Cancer Screening
1428,Second Opinion Service
1436,Sdha Gene
1437,Sdhaf2 Gene
1438,Sdhb Gene
1439,Sdhc Gene
1440,Sdhd Gene
1442,Scrotal Disorder
1446,Scsa Test
1449,Scratchy Voice
1450,Screening For Malignant Neoplasms Of Testis
1451,Screening For Sexually Transmitted Diseases Std
1454,Sclerotherapy For Spider Veins
1455,Sclerotherapy For Varicose Veins
1456,Scn1a-Related Seizures Disorders
1459,Scleral Contact Lenses
1464,Sclerosis Rhabdomyosarcoma
1471,School Anxiety
1473,School Related Problems
1474,Schroth Therapy
1475,Scar Hypertrophy
1476,Scar On Neck
1480,Schistosoma Japonicum Infections
1481,Scalp Transplant
1485,Scapula Fusion Surgery
1486,Scapular Dyskinesis
1487,Sarcoma Of The Lung
1492,Scalp Reconstruction
1497,Sarcoma Genomics
1498,Sarcoma Of The Chest Wall
1499,Sarcoma Of The Extremities
1500,Salivary Gland Transfer
1501,Salmon Patches
1504,Salt Balance Disorders
1505,Saphenous Vein Ligation
1506,Saddle Embolus
1508,Safe Sex Education
1510,Saline Infusion Sonohysterogram
1513,Sacral Neuromodulation For Bladder Control
1515,Sacroiliac Joint Block
1516,Sacroiliac Joint Fusion
1517,Sacroiliac Joint Surgery
1519,Ruptured Implant
1520,Ruptured Intervertebral Disc
1521,Ruptured Vessel Of Eye
1524,Sacral Fracture
1527,Running Injury
1530,Ruptured Brain Aneurysm
1531,Ruptured Eardrum
1533,Routine Gynecological Care
1535,Rps20 Gene
1536,Rubbing Ears
1538,Rotator Cuff Disorders
1546,Ross-Konno Procedure
1547,Rotary Chair Testing
1549,Rotational Deformity
1550,Robotic Umbilical Herniorrhaphy
1551,Robotic Urinary Diversion
1552,Robotic Urological Surgery
1553,Robotic Whipple
1554,Rocky Mountain Spotted Fever Rmsf
1555,Ros1 Fusion
1557,Robotic Spine Surgery
1558,Robotic Splenectomy
1559,Robotic Surgery For Small Bowel Obstruction
1560,Robotic Surgery For Urinary Obstruction Kidney Disorders
1561,Robotic Thoracic Surgery
1562,Robotic Toupet Fundoplication
1563,Robotic Lung Surgery
1564,Robotic Lymph Node Biopsy
1565,Robotic Mitral Valve Repair
1566,Robotic Myomectomy
1567,Robotic Partial Knee Replacement
1568,Robotic Proctectomy
1569,Robotic Gastrostomy
1570,Robotic Heller Myotomy For Achalasia
1571,Robotic Hip Surgery
1572,Robotic Knee Surgery
1573,Robotic Lingual Tonsillectomy
1574,Robotic Liver Resection
1575,Rnf43 Gene
1577,Robotic Appendectomy
1578,Robotic Assisted Cardiac Surgery
1579,Robotic Bladder Surgery
1580,Robotic Colorectal Surgery
1581,Right Ventricular Cardiomyopathy
1583,Rigo Cheneau Bracing
1584,Ringworm Of Body
1585,Ringworm Of Groin
1586,Ringworm Of Head
1594,Rib Cancer
1595,Rib Cartilage Rhinoplasty
1597,Richter Hernia
1601,Rhinoplasty Revision
1606,Rheumatoid Arthritis Of Spine
1609,Rheumatoid Vasculitiis
1613,Rheumatic Heart Failure
1614,Rheumatic Mitral Regurgitation
1615,Rheumatic Mitral Stenosis
1619,Rheolytic Thrombectomy
1620,Rheumatic Aortic Regurgitation
1621,Rheumatic Aortic Stenosis
1622,Rheumatic Diseases Of Pulmonary Valve
1623,Retropubic Suspension
1630,Retroperitoneal Liposarcoma
1633,Retroperitoneal Sarcoma Resection
1640,Retrograde Drilling Avascular Necrosis
1644,Retinal Laser Photocoagulation
1647,Retinal Vascular Diseases
1650,Resurfacing Of Acetabulum
1651,Resurfacing Of Hip
1652,Resynchronization Therapy
1653,Retained Tampon
1656,Responsive Neurostimulation
1660,Replacement Of Heart Valve
1663,Resection Of Cerebral Arteriovenous Malformation Avm
1664,Resensation Technique
1667,Repair Of Vaginoenteric Fistula
1668,Repair Of Vertebral Artery
1669,Repair Tracheoesophageal Fistula
1671,Replacement Of Contact Lens
1672,Replacement Of Defibrillator
1673,Repair Of Paracolostomy Hernia
1674,Repair Of Pelvic Prolapse
1675,Repair Of Popliteal Artery
1676,Repair Of Rectal Prolapse
1677,Repair Of Rectocele
1678,Repair Of Rectourethral Fistula
1679,Repair Of Rectovaginal Fistula
1680,Repair Of Laceration Of Conjunctiva
1681,Repair Of Laceration Of Gallbladder
1682,Repair Of Liver Laceration
1683,Repair Of Neck Blood Vessel
1684,Repair Of Pancreas
1685,Repair Of Colovaginal Fistula
1687,Repair Of Diaphragm
1688,Repair Of Entropion Or Ectropion
1689,Repair Of Graft Enteric Fistula
1690,Repair Of Intraabdominal Blood Vessel
1691,Repair Anorectal Fistula Plug
1692,Repair Claw Toe
1693,Repair Laceration
1694,Repair Of Axial Brachial Aneurysm
1695,Repair Of Blood Vessel Of Leg
1696,Repair Of Brain
1697,Repair Of Carotid Subclavian Aneurysm
1699,Renal Vein Compression
1700,Renal Vessel Anomalies
1701,Renovascular Disease
1703,Reoperative Cardiac Surgery
1709,Renal Replacement Therapy Education
1710,Renal Scan Dmsa
1711,Renal Disease Of Premature Infants
1716,Renal Manifestations Of Sickle Cell Disease
1718,Renal Cyst Ablation
1719,Renal Cysts
1720,Renal Denervation
1722,Renal Disease And Pregnancy
1724,Renal Artery Dysplasia
1725,Renal Artery Reconstruction
1727,Renal Cancer Genomics
1728,Renal Cell Carcinoma Immunotherapy
1730,Renal Angioplasty And Stenting
1731,Renal Anomalies
1732,Renal Arteriovenous Malformation Avm
1733,Renal Artery Angiogram
1735,Renal Artery Bypass Surgery
1736,Removal Of Infected Abdominal Graft
1737,Removal Of Infected Neck Graft
1738,Removal Of Knee Prosthesis
1739,Removal Of Transplanted Or Rejected Kidney
1740,Remove Sinus Packing
1741,Renal Agenesis And Dysgenesis
1742,Release Scar Contracture
1743,Remote Cardiac Device Monitoring
1744,Removal Anal Seton Marker
1745,Removal Of Buccal Fat Pads
1746,Removal Of Hip Prosthesis
1747,Removal Of Implant Of Cornea
1748,Removal Of Implants
1749,Relapsed Acute Lymphoblastic Leukemia All
1750,Relapsed Hodgkin Lymphoma
1751,Relapsed Non Hodgkin Lymphoma
1753,Relative Energy Deficiency In Sport
1754,Release Of Chordee
1755,Regional Enteritis Of Large Intestine
1756,Reinke Edema
1757,Reirradiation For Recurrent Cancer
1758,Reirradiation For Recurrent Head And Neck Cancers
1762,Refractory Angina
1763,Refugee Medicine
1768,Refraction For Eyeglasses
1771,Refractive Lens Exchange
1772,Reduced Intensity Conditioning Regimens
1773,Reducible Hernia
1774,Reduction Of Overcorrection Of Ptosis
1775,Reduction Of Volvulus
1777,Refashioning Of Colostomy
1781,Red Cell Alloimmunization
1783,Red Reflex Exam
1784,Recurrent Femoral Hernia
1787,Recurrent Lung Infections
1788,Recurrent Pregnancy Loss
1789,Recurrent Thrombosis
1790,Rectus Flap Reconstruction
1791,Rectus Sheath Hernia
1795,Recurrent Dislocation Of A Total Hip Replacement
1796,Recurrent Erosion Of Cornea
1799,Rectal Toxicity
1802,Rectus Femoris Transfer
1803,Rectal Carcinoma In Situ
1809,Reconstructive Surgery On Cornea
1810,Reconstructive Urologic Surgery
1812,Rectal Akinesia
1815,Rectal Cancer Genomics
1816,Reconstruction Of Penis
1817,Reconstruction Orbit
1818,Reconstructive Knee Surgery
1819,Reconstructive Microsurgery
1821,Reconstructive Surgery For Head And Neck Cancer
1823,Reciprocal Ivf
1824,Recircumcision Evaluation
1825,Reconstruction Of Ear
1826,Reconstruction Of Hip
1827,Reconstruction Of Nose
1833,Reanastomosis Of Urethra
1834,Reattachment Of Amputated Penis
1835,Rapid Strep Test
1838,Rasopathy
1839,Rasping Of The Nasal Dorsum
1841,Radiofrequency Rhizotomy
1842,Radioiodine Therapy
1845,Rami Fracture
1847,Rapid Plasma Reagin Rpr Test
1849,Radiofrequency Ablation For Barretts Esophagus
1850,Radiofrequency Ablation Of Metastatic Spine Tumors
1851,Radiofrequency Ablation Of Renal Cancer
1852,Radiofrequency Ablation Of The Soft Palate
1853,Radiofrequency Denervation
1854,Radical Subtotal Pancreatectomy
1859,Radiation Treatment For Head And Neck Cancer
1860,Radiation Treatment For Prostate Cancer
1862,Radical Inguinal Orchiectomy
1870,Radiation Therapy Simulation
1872,Radiation Treatment For Breast Cancer
1873,Radial Nerve Neuropathy
1874,Radial Pseudarthrosis
1875,Radial Ray Defects
1876,Radiation Associated Sarcomas
1879,Radiation Induced Breast Deformity
1880,Radiation Induced Cataract
1881,Rad51c Gene
1882,Rad51d Gene
1883,Radial Artery Access
1884,Radial Club Hand
1885,Radial Forearm Flap
1892,Quality Of Life Discussion And Management
1893,Questionable Mole
1896,Rad50 Gene
1900,QFever
1902,Quadrangular Space Syndrome
1904,Quadriceps Injury
1916,Punctal Plugs For Dry Eyes
1917,Punctal Stenosis
1921,Pulmonary Thromboendarterectomy
1922,Pulmonary Valve Disorders
1925,Pulmonary Vascular Obstructive Diseases
1928,Pulmonary Venous Hypertension
1929,Pulmonary Infections
1930,Pulmonary Manifestations Of Immunosuppression
1934,Pulmonary Sarcoid
1935,Pulmonary Therapy
1936,Pulmonary Thromboembolic Disease
1940,Pulmonary Function Tests Pft
1945,Pulmonary Bullae
1946,Pulmonary Capillary Hemangiomatosis
1947,Pulmonary Carcinoid
1948,Pulmonary Clearance For Surgery
1950,Pulmonary Complications Of Neurological Diseases
1954,Pulmonary Amyloid
1955,Pulmonary And Cardiac Rehabilitation
1957,Pulmonary Arteriovenous Malformation Avm
1958,Pulmonary Artery Coarctation And Atresia
1960,Pten
1961,Pten Hamartoma Tumor Syndrome
1963,Ptosis Of Breasts
1970,Psychogenic Non Epileptic Seizures
1972,Psychological Testing And Evaluation
1975,Ptch1 Gene
1977,Psoas Recession
1979,Psoriasis Laser Treatment
1987,Pseudopolyposis Of Colon
1989,Pseudarthrosis Of The Tibia
1998,Pruritic Urticarial Papules And Plaques Of Pregancy Pupp
2004,Proximal Femoral Resection
2005,Proximal Humerus Fractures
2006,Proximal Pancreatectomy
2007,Proximal Ulnar Fracture
2009,Prosthetic Replacement Of The Ocular Surface Ecosystem
2016,Prosthetic Heart Valves
2018,Prosthetic Joint Infection Of The Elbow
2019,Prosthetic Joint Infection Of The Hip
2020,Prosthetic Joint Infection Of The Knee
2021,Prosthetic Joint Infection Of The Shoulder
2022,Prostate Specific Antigen Blood Test
2024,Prostatic Cyst
2031,Prostate Lesions
2032,Prostate Mass
2035,Prostate Cancer Chemotherapy
2036,Prostate Cancer Cryotherapy
2037,Prostate Cancer Genetic Testing
2038,Prostate Cancer Genomics
2039,Prostate Cancer Hormone Therapy
2041,Prone Breast Radiation Therapy
2044,Prostate Abscess
2045,Prostate Bleeding
2048,Prolapse Colostomy
2050,Prolotherapy Injection
2052,Prominent Ears
2055,Profound Deafness
2056,Profunda Artery Perforator Flap
2057,Progressive Familial Intrahepatic Cholestasis Pfic
2061,Problems With Smell And Taste
2065,Proctoplasty For Stenosis
2067,Primary Peritoneal Cancer Ppc
2075,Primary Exercise Headache
2076,Primary Humoral Immunodeficiencies
2086,Pretransplant Clearance
2087,Preventative Cardiology
2089,Preventative Women Healthcare
2093,Prescription Lenses
2096,Pressure Ulcer Of Ear
2098,Preterm Premature Rupture Of Membranes
2099,Preprosthetic Surgery
2100,Pre-Renal Transplant Care
2102,Presacral Tumor
2106,Prenatal Hydronephrosis
2108,Prenatal Ultrasound Scan
2109,Preoperative Digital Planning
2111,Prepectoral Breast Reconstruction
2114,Premenstrual Syndrome Pms
2115,Premium Intraocular Lens Implant
2118,Premarital Exam
2127,Pregnancy Counseling
2128,Pregnancy With Ibd
2129,Preimplantation Genetic Testing
2131,Precancerous Vocal Cord Dysplasia
2132,Precocious Adrenarche
2135,Preconception Counseling
2139,Pre Amputation Consultation
2140,Pre Cancers Of The Skin
2141,Pre Excitation Syndrome
2142,Pre Exposure Prophylaxis Prep
2144,Postprandial Diarrhea
2147,Post-Operative Infection
2148,Postoperative Radiation Therapy
2151,Postpartum Mastitis
2153,Posterolateral Corner Injury
2155,Postmastectomy Lymphedema Syndrome
2156,Postmenopausal Adnexal Mass
2158,Postnatal Hydronephrosis
2159,Posterior Retroperitoneoscopic Adrenalectomy
2160,Posterior Subcapsular Polar Cataract
2162,Posterior Tibial Tendon Tear
2164,Posterior Vertebral Column Resection
2165,Posterior Cruciate Ligament Pcl Tear
2166,Posterior Hip Replacement
2167,Posterior Lumbar Laminectomy
2168,Posterior Lumbar Laminectomy With Fusion Without Instrumentation
2169,Posterior Lumbar Laminectomy With Instrumentation And Fusion
2171,Post Void Residual
2172,Post-Chemotherapy Retroperitoneal Lymph Node Dissection
2174,Posterior Capsular Opacity
2175,Posterior Cervical Laminectomy And Fusion
2176,Posterior Cruciate Ligament Pcl Repair
2181,Post Traumatic Seizures
2183,Post Void Dribbling
2184,Post Polio Rehabilitation
2185,Post Pregnancy Body Restoration
2186,Post Prostatectomy Incontinence
2187,Post Radiation Pain
2188,Post Thoracotomy Chest Pain
2189,Post Transplant Lymphoproliferative Disorder
2190,Post Infectious Encephalitis
2191,Post Laminectomy Kyphosis
2193,Post Mastectomy Pain Syndrome
2194,Post Mastectomy Radiation Therapy
2195,Post Nasal Drip
2196,Post Partum Check Up
2198,Post Concussion Vision Syndrome
2199,Post Hemorrhagic Anemia
2200,Post Hospitalization Hospice And Palliative Care
2202,Post Infectious Cough
2203,Positive Ccp
2204,Positive Hemoccult Fecal Occult Blood Test
2205,Positive Rf
2206,Post Acute Care
2207,Post Cataract Laser Surgery
2208,Post Child Birth Body Reshaping
2210,Portopulmonary Hypertension
2213,Positive Anca
2214,Positive Antinuclear Antibody Ana Test
2215,Port Wine Stain Treatment
2217,Portal Hypertensive Gastropathy
2218,Portal Pyemia
2220,Portal Vein Recanalization
2225,Port Implantation
2228,Poor Social Skills
2230,Pop Q Exam
2232,Popliteal Artery Aneurysm Exclusion
2236,Polyposis Syndrome
2244,Polyp Of Cheek
2246,Polydactyly Hand Surgery
2247,Polyglandular Autoimmune Syndrome
2255,Polydactyly Foot
2256,Polydactyly Foot Surgery
2257,Polydactyly Hand
2258,Pollen Food Allergy Syndrome
2259,Pollicization
2264,Pold1 Gene
2265,Pole Gene
2270,Pnp Deficiency
2282,Plexitis
2285,Plication Of Emphysematous Bleb
2286,Plication Of The Diaphragm
2287,Pms2 Gene
2290,Pleurx Catheter Insertion
2301,Platelet Rich Plasma Prp Injection Of The Knee
2302,Platelet Rich Plasma Prp Injection Of The Shoulder
2306,Pleomorphic Sarcoma
2307,Platelet Quantitative Disorder
2308,Platelet Rich Plasma Injection Prp Of The Elbow
2309,Platelet Rich Plasma Prp Injection
2310,Platelet Rich Plasma Prp Injection Of The Hip
2312,Plastic Urethral Sphincter
2314,Platelet Qualitative Disorder
2316,Plantar Fasciitis Surgery
2317,Plantar Hyperhidrosis
2318,Plantar Nerve Lesions
2320,Plaquenil Checks
2325,Plant Dermatitis
2330,Placement Support
2337,Pituitary Surgery
2342,Piriformis Injection
2347,Pilonidal Disease
2349,Pineal Gland Dysfunction
2350,Pineal Gland Parenchymal Tumor
2353,Pigmented Lesions
2356,Pillar Procedure
2357,Phthisical Cornea
2361,Pickers Nodule
2363,Photodynamic Laser Therapy
2367,Phototherapeutic Keratectomy
2372,Phlyctenular Keratoconjunctivitis
2375,Photodamage
2376,Peyronies Disease Pd
2378,Ph Impedance Test
2381,Pharyngeal Flap Surgery
2382,Pharyngeal Mass
2384,Peters Anomaly Surgery
2386,Petrous Apex Tumor
2388,Personal History Of Malignant Neoplasm Of Brain
2389,Personal History Of Stillbirth
2392,Pervasive Developmental Disorders
2394,Persistent Depressive Disorder
2396,Persistent Pain After Orthopedic Surgery
2399,Personal History Of Colonic Polyps
2400,Peroneal Nerve Release
2402,Peroneal Tendon Injuries
2403,Peroneal Tendon Surgery
2404,Persistent Asthma
2407,Periventricular Mass
2408,Permanent Sterilization
2415,Periurethral Abscess
2417,Periventricular Lesions
2420,Periprosthetic Femur Fracture
2421,Periprosthetic Humerus Fracture
2422,Peritoneal Catheter
2424,Peripheral Nerve Surgery
2430,Peripheral Stent Placement
2431,Peripheral Autonomic Neuropathy
2436,Peripheral Nerve Stimulation Pns
2437,Periorbital Dermoid Cyst
2440,Peripheral Artery Angioplasty
2441,Peripheral Artery Bypass
2443,Periodic Fever Syndromes
2444,Periodic Limb Movement Disorder Plmd
2449,Perinatal Mental Health Disorders
2450,Perinatal Mood Disorders
2452,Perineal Hernia Repair
2453,Perineal Urethrostomy
2459,Peridiverticular Abscess
2460,Perforation Of Gallbladder
2462,Peri Operative Medicine
2463,Periacetabular Osteotomy
2467,Percutaneous Trigeminal Rhizotomy
2469,Percutaneous Valvuloplasty
2470,Percutaneous Ventricular Septal Defect Closure
2471,Perforated Ear Drum
2472,Perforation Of Bile Duct
2473,Percutaneous Atrial Septal Defect Asd Closure
2476,Percutaneous Muscle Biopsy
2477,Percutaneous Pinning
2478,Penile Ultrasound
2479,Penis Construction
2481,Penis Straightening For Chordee
2483,Peptic Ulcer Surgery
2485,Penile Plaque
2486,Penile Torsion
2487,Penile Torsion Repair
2490,Penile Hypoplasia
2493,Penile Lesions
2496,Penicillin Challenge
2497,Penile Anomaly
2503,Pelvis Tumor
2512,Pelvic Reconstruction
2514,Pelvis Deformity
2515,Pelvic Floor Dysfunction
2521,Pelvic Malignancy During Pregnancy
2523,Pedicle Tram
2524,Peg Percutaneous Endoscopic Gastrostomy
2527,Pelvic Floor Botox
2528,Pediatric Pre-Diabetes
2529,Pediatric Robotic Urologic Surgery
2530,Pediatric Sarcoma
2531,Pediatric Sickle Cell Disease
2532,Pediatric Stem Cell Collection For Transplant
2533,Pediatric Vascular Surgery
2534,Pediatric Cancer Predisposition
2535,Pediatric Endoscopic Urologic Surgery
2536,Pediatric Epilepsy
2537,Pediatric Gait Disorders
2538,Pediatric Hyperinsulinemia
2539,Pediatric Lipidology
2540,Pectoralis Major Tendon Tear Repair
2543,Pediatric Autoimmune Neuropsychiatric Disorders Associated With Streptococcal Infections
2547,Peanut Allergy Desensitization
2550,Pectoral Augmentation
2551,Pectoral Muscle Injury
2552,Pectoralis Major Tendon Injury
2554,Patient And Family End Of Life Care Support
2555,Patient And Family Palliative Care Support
2556,Patient Specific Instrumentation
2557,Pauci Immune Glomerulonephritis
2558,Pdgfra Gene
2561,Patent Ductus Arteriosus Ligation
2565,Patent Urachus Repair
2567,Patella Realignment
2568,Patellar Instability
2570,Patellofemoral Arthritis
2571,Patellofemoral Arthroplasty
2572,Patellofemoral Injury
2576,Partial Splenectomy
2577,Partial Thromboplastin Time Blood Test
2585,Partial Anomalous Pulmonary Venous Return Papvr
2590,Parkinsons Disease Pd
2591,Parkinsons Disease Pd Surgery
2597,Parenteral Nutrition Induced Hepato Biliary Disease
2598,Parenting Group Therapy
2599,Parenting Skills Counseling
2601,Paresthesia Of Upper Limb
2602,Parietal Lobe Epilepsy
2605,Parathyroid Mass
2609,Paravalvular Leak Repair
2612,Paratenonitis
2621,Parasitic Meningitis
2623,Paranasal Surgery
2627,Parapharyngeal Mass
2631,Paralysis Of Bladder
2632,Paralyzed Diaphragm
2634,Papillary Cancer Of Thyroid
2644,Pans
2646,Papa Syndrome
2647,Pancreaticobiliary Disease
2648,Pancreaticoduodenal Artery Aneurysm
2652,Panel Genetic Testing
2654,Pancreatic Cystic Neoplasm
2655,Pancreatic Debridement
2656,Pancreatic Duct Stricture
2659,Pancreas Transplant Evaluation
2660,Pancreas Transplant Malfunction
2662,Pancreatic Auto Islet Transplant
2663,Pancreatic Cancer Genetic Testing
2664,Pancreatic Cancer Genomics
2668,Pancreas Head Cancer
2669,Pancreas Tail Cancer
2671,Palliative Care Management Of Nausea And Vomiting
2672,Palliative Care Management Of Pain
2673,Palliative Care Management Of Weight Loss
2674,Palliative Management Of Chronic Kidney Disease Ckd
2675,Palmar Hyperhidrosis
2677,Palliative Care Management Of Chronic Pain
2678,Palliative Care Management Of Delirium
2679,Palliative Care Management Of Depression
2680,Palliative Care Management Of Dyspnea
2681,Palliative Care Management Of Fatigue
2682,Palliative Care Management Of Intestinal Obstruction
2683,Palliative Care Management Of Myoclonus
2684,Palliative Care For Advance Illness Symptoms
2685,Palliative Care For Cancer Symptoms
2686,Palliative Care For Symptom Management
2687,Palliative Care For Treatment Side Effects
2688,Palliative Care Management Of Anxiety
2689,Painful Hardware Removal
2692,Palb2
2694,Palliative Care Hospice Counseling
2695,Palliative Care and Hospice Counseling
2696,Pain After A Total Knee Replacement
2697,Pain Amplification Syndromes
2701,Painful Hardware
2703,Pagets Disease Of The Bone
2704,Pagets Disease Of The Breast
2705,Pagets Disease Of Vulva
2709,Pacemaker And Icd Interrogation
2710,Pacemaker Infection
2716,Overstitch Endoscopic Suturing
2718,Overuse Injury Of The Ankle
2720,Oviduct Cancer
2721,Ovulation Disorders
2724,Ovarian Tissue Freezing And Storage
2726,Ovarian Transposition
2728,Overflow Incontinence Of Urine
2732,Ovarian Debulking Surgery
2738,Ovarian Non Germ Cell Tumors
2741,Otoacoustic Emissions Oae Testing
2742,Otomastoiditis
2752,Ostomy Removal
2755,Osteonecrosis Of The Foot
2756,Osteonecrosis Of The Hand
2757,Osteonecrosis Of The Hip
2758,Osteonecrosis Of The Jaw
2759,Osteonecrosis Of The Knee
2762,Osteomyelitis Of The Rib
2763,Osteomyelitis Of The Scapula
2764,Osteomyelitis Of The Shoulder
2765,Osteomyelitis Of The Spine
2766,Osteomyelitis Of The Sternum
2767,Osteomyelitis Of The Upper Extremity
2769,Osteomyelitis Of The Clavicle
2770,Osteomyelitis Of The Craniofacial Skeleton
2771,Osteomyelitis Of The Foot
2772,Osteomyelitis Of The Hand
2773,Osteomyelitis Of The Hip
2774,Osteomyelitis Of The Lower Extremity
2775,Osteomyelitis Of The Pelvis
2778,Osteoid Osteoma Ablation
2783,Osteochondral Lesions Of The Talus
2784,Osteochondral Lesions Of The Upper Extremities
2786,Osteochondritis Dissecans Ocd Of The Knee
2787,Osteochondritis Dissecans Of The Ankle
2789,Osteochondritis Of The Knee
2792,Osteochondral Allograft
2793,Osteochondral Autograft
2794,Osteochondral Defect
2795,Osteochondral Lesions
2796,Osteochondral Lesions Of The Foot And Ankle
2797,Osteochondral Lesions Of The Hand And Wrist
2798,Osteochondral Lesions Of The Lower Extremities
2807,Orthobiologics
2808,Orthopedic Infections
2809,Orthopedic Rehabilitation
2810,Orthopedic Stem Cell Injection
2811,Orthopedic Stem Cell Injection In The Knee
2812,Orthopedic Stem Cell Injection In The Shoulder
2813,Orthopedic Stem Cell Regeneration
2814,Orbital Tumors
2820,Orbital Cyst
2822,Orbital Inflammatory Syndromes
2823,Orbital Lacrimal Surgery
2824,Orbital Mass
2825,Orbital Nerve Decompression
2826,Oral Inflammation
2827,Oral Lesions
2830,Orbit Cancer
2833,Oral Aspiration
2835,Oral Challenge
2836,Oral Complications Of Cancer
2838,Oral Contraceptive Counseling
2840,Optic Nerve Surgery
2843,Optic Neve Hypoplasia
2844,Optic Pathway Glioma
2853,Optic Chiasm Injury
2854,Optic Migraines
2855,Optic Nerve And Pathway Injury
2857,Ophthalmic Trauma
2859,Opioid Addiction Treatment In Pregnancy
2860,Opioid Dependence Medical Management
2861,Opioid Issues
2862,Opioid Sparing Anesthesia
2863,Open Reduction Internal Fixation Orif Proximal Humerus
2864,Open Thoracoabdominal Aortic Aneurysm Repair
2865,Open Wound Of Eye
2866,Operations On Cul De Sac
2868,Open Biopsy Of Lung
2870,Open Dislocation Of Ankle
2872,Open Reduction And Internal Fixation Orif Elbow
2873,Open Reduction And Internal Fixation Orif Hip
2874,Open Reduction Internal Fixation Orif Clavicle
2876,Open Abdominal Aortic Aneurysm Repair
2877,Open Aortic Surgery
2878,Open Biopsy Of Brain
2879,Open Biopsy Of Bronchus
2880,Open Biopsy Of Lesions Of Mediastinum
2881,Open Biopsy Of Liver
2882,Omphalocele Repair
2884,Oncologic Reconstruction
2885,Oncoplastic Breast Surgery
2886,Online Obgyn
2899,Office Gynecology
2901,Ocular Surface Diseases
2902,Ocular Surface Reconstruction
2905,Oculomotor Nerve Palsy And Paresis
2907,Ocular Inflammatory Diseases
2908,Ocular Microbiology
2911,Ocular Oncology
2914,Ocular Allergies
2915,Ocular Dermatitis
2916,Ocular Eczema
2919,Ocular Infectious Diseases
2921,Occipital Nerve Stimulation
2923,Occipito Cervical Fusion
2924,Occupational Lung Injury
2926,Obstructive Anomalies Of The Heart
2929,Obstructive Sleep Apnea Hypopnea
2931,Occipital Mass
2932,Obesity Related Asthma
2933,Obesity Related Glomerulonephropathy
2936,Obliteration Of Vaginal Vault
2937,Obsessive Compulsive Disorder Ocd
2938,Nutrition And Supplement Issues
2942,Obesity And Weight Loss Therapy
2948,Nut Carcinoma
2949,Nutrition And Health
2952,Novel Coronavirus Related Breathing Conditions
2953,Novottf Therapy
2954,Nthl1 Gene
2956,Nuchal Translucency Ultrasound
2957,Nonunion Fracture Of The Wrist
2959,Noonan With Lentigines
2964,Nonunion Fracture Of The Elbow
2965,Nonunion Fracture Of The Foot
2966,Nonunion Fracture Of The Forearm
2967,Nonunion Fracture Of The Hip
2968,Nonunion Fracture Of The Knee
2969,Nonunion Fracture Of The Pelvis
2970,Nonunion Fracture Of The Shoulder
2971,Nonunion Fracture Of The Spine
2973,Non Traumatic Hematoma Of Soft Tissue
2974,Non Traumatic Rupture Of Bladder
2975,Non-Displaced Fracture Of Radius
2976,Non-Displaced Fracture Of Ulna
2979,Non Surgical Arthritis Treatment
2980,Non Surgical Face Lift
2981,Non Surgical Fracture Care
2982,Non Surgical Management Of Osteoarthritis
2983,Non Surgical Treatment For Disc Herniation
2984,Non Surgical Treatment For Urinary Incontinence
2985,Non Surgical Treatment Of Back Pain
2986,Non Invasive Cardiac Imaging
2987,Non Invasive Scoliosis Treatment
2988,Non Melanoma Skin Cancer
2989,Non Ossifying Fibroma
2990,Non Ruptured Cerebral Aneurysm
2991,Non Senile Cataract
2993,Non Alcoholic Fatty Liver Disease
2994,Non Alcoholic Steatohepatitis
2995,Non Allergic Rhinitis
2996,Non Displaced Fracture
2997,Non Germinomatous Germ Cell Tumor
3000,Nitrous Oxide During Labor
3001,No Stitch Cataract Surgery
3003,Nodular Degeneration Of Cornea
3006,Non Alcoholic Cirrhosis
3007,Nipple Diseases
3009,Nipple Lesions
3010,Nipple Reinnervation
3012,Nipple Sparing Mastectomy
3021,Newborn Feeding Problems
3022,Newborn Hearing Screening
3023,Nexplanon Implant
3025,Neutrophil Disorders
3029,New Onset Numbness
3032,Neurotrophic Keratoconjunctivitis
3033,Neurotrophic Keratopathy
3034,Neurovascular Disease
3035,Neurovascular Stenting
3036,Neuropace
3042,Neuromonics Tinnitus Treatment
3045,Neuromyelitis Optica Nmo
3046,Neuronal Glial Tumors
3048,Neurologic Disorders Of The Larynx
3053,Neurometabolic Disorder
3058,Neurointerventional Biplane Angiography System
3059,Neurologic Complications Of Meningitis
3067,Neuroendocrine Tumor Of The Colon
3068,Neuroendocrine Tumor Of The Gallbladder
3069,Neuroendocrine Tumor Of The Pancreas
3070,Neuroendocrine Tumor Of The Skin
3071,Neuroendocrine Tumor Of The Stomach
3073,Neurocognitive Testing
3076,Neuroendocrine Tumor Of Nasal Cavity
3077,Neuroendocrine Tumor Of The Appendix
3078,Neuroendocrine Tumor Of The Bowel
3079,Neurocognitive Disorder Due To Alzheimers Disease
3080,Neurocognitive Disorder Due To Another Medical Condition
3081,Neurocognitive Disorder Due To Hiv Infection
3082,Neurocognitive Disorder Due To Huntingtons Disease
3083,Neurocognitive Disorder Due To Multiple Etiologies
3084,Neurocognitive Disorder Due To Traumatic Brain Injury
3085,Neuravive
3087,Neuro Complications Of Pellagra
3088,Neuroablation
3099,Nerve Surgery Of The Foot
3103,Nerve Compression Of The Cervical Spine
3104,Nerve Compression Of The Lumbar Spine
3105,Nerve Compression Of The Thoracic Spine
3120,Neoplasm Of Salivary Gland
3121,Neovagina
3127,Neonatal Obstruction Of Nasolacrimal Duct
3129,Neoplasm Of Brain Stem
3130,Neoplasm Of Ear
3131,Neoplasm Of Epididymis
3135,Neonatal Ichthyosis And Sclerosing Cholangitis Syndrome
3137,Neonatal Laparoscopic Surgery
3138,Nemo Syndrome
3141,Neobladder Construction
3144,Neonatal Bowel Obstruction
3145,Necrotizing Respiratory Granulomatosis
3146,Necrotizing Soft Tissue Infections
3147,Needle Aspiration Seroma
3148,Needle Biopsy Of Brain
3149,Needle Biopsy Of Cerebral Meninges
3150,Needle Stick Exposure
3157,Neck Papilloma
3159,Neck Reconstruction
3160,Neck Rehabilitation
3164,Neck Lift
3166,Neck Mass Excision
3167,Neck Muscle Injury
3169,Navigation Spine Surgery
3170,Nbn Gene
3173,Neck Biopsy
3175,Nasoseptal Reconstruction
3179,Nausea Of Pregnancy
3182,Nasal Trauma
3183,Nasal Valve Collapse
3189,Nasal Implant Surgery
3194,Nasal Anomalies
3197,Nasal Crusting
3198,Nasal Deformities
3202,Nail Bed Surgery
3219,MyoepitheliomaMixed Tumor Of Soft Tissue
3223,Myometrial Cancer
3224,Myeloproliferative Diseases
3225,Myocardial Bridge
3226,Myocardial Infarction Mi
3228,Myoclonic Astatic Epilepsy Of Early Childhood
3229,Myoclonic Epilepsy With Ragged Red Fibers
3235,Myelopathy Surgery
3243,Mutyh Associated Polyposis
3244,Mutyh Gene
3250,Musculocutaneous Neuropathy
3251,Musculoskeletal Biopsy
3253,Musculoskeletal Injection
3255,Musculoskeletal Pain Syndromes
3256,Musculoskeletal Tumor
3260,Muscle Transplant
3270,Muscle Invasive Bladder Cancer
3271,Muscle Sparing Tram
3272,Multiple Ligament Reconstruction
3275,Multiple Sclerosis Ms Rehabilitation
3277,Multisystemic Disseminated Toxoplasmosis
3285,Multiple Gestations
3286,Multiple Ligament Knee Injury
3287,Multi Organ Transplant
3288,Multidisciplinary Care For Complex Fetal Conditions
3289,Multifocal Acquired Demyelinating Sensorimotor Neuropathy
3290,Multifocal Lens Implant
3291,Multifocal Lenses
3293,Multiple Congenital Anomalies And Birth Defects
3294,Multiple Enchondromatosis
3298,Muffled Hearing
3299,Muga
3301,Mullerian Anomalies
3302,Msh3 Gene
3303,Msh6 Gene
3304,Mthfr Mutation
3306,Mucinous Cystic Neoplasms
3307,Mucklewells Syndrome
3310,Movement Diseases And Disorders
3313,Mre11a Gene
3314,Mri Guided Focused Ultrasound
3315,Mri Guided Radiation Therapy
3316,Msh2 Gene
3325,Motion Sparing Spine Surgery
3326,Motor Delay
3333,Morphea Arthritis
3335,Motility Disorders
3339,Mood Affective Disorder
3341,Moon Facies
3343,Monofocal Intraocular Lens Implant
3345,Monomac Syndrome
3348,Molst Discussion And Documentation
3349,Mondors Disease
3352,Monoarticular Arthritis
3354,Mold Allergy
3355,Mole Check
3356,Mole Examination
3357,Molescytology
3359,Mixed Incontinence
3360,Mixed Type Liposarcoma
3371,Missing Eardrum
3373,Mitf Gene
3376,Mitral Transcatheter Edge To Edge Repair
3378,Minimally Invasive Ventricular Septal Defect Closure
3379,Minimally Invasive Video Assisted Thyroidectomy
3381,Minor Opacity Of Cornea
3386,Minimally Invasive Spine Fusion
3387,Minimally Invasive Spine Surgery
3389,Minimally Invasive Surgery Of The Ankle
3390,Minimally Invasive Thoracic Surgery
3391,Minimally Invasive Treatment For Vesicoureteral Reflux Vur
3392,Minimally Invasive Knee Replacement
3393,Minimally Invasive Lumbar Discectomy
3394,Minimally Invasive Lung Cancer Surgery
3395,Minimally Invasive Lymph Node Dissection
3396,Minimally Invasive Mitral Valve Repair
3397,Minimally Invasive Parathyroid Surgery
3398,Minimally Invasive Partial Lumbar Discectomy
3399,Minimally Invasive Pulmonary Lobectomy
3400,Minimally Invasive Esophagectomy
3401,Minimally Invasive Fetal Surgery
3402,Minimally Invasive Gastric Tumor Surgery
3403,Minimally Invasive Glaucoma Surgery Migs
3404,Minimally Invasive Gynecologic Surgery
3405,Minimally Invasive Hip Replacement
3406,Minimally Invasive Hysteroscopy
3407,Minimally Invasive Kidney Surgery
3408,Minimally Invasive Aortic Root Surgery
3409,Minimally Invasive Aortic Valve Replacement
3410,Minimally Invasive Ascending Aortic Surgery
3411,Minimally Invasive Atrial Septal Defect Asd Closure
3412,Minimally Invasive Cardiac Surgery
3413,Minimally Invasive Colorectal Surgery
3414,Minimally Invasive Coronary Bypass Surgery
3415,Minimally Invasive Elbow Surgery
3419,Mini Abdominoplasty
3420,Minimal Change Kidney Disease
3421,Minimal Stimulation Ivf
3422,Minimally Invasive Achilles Tendon Surgery
3423,Midfacial Hypoplasia
3425,Migraine Surgery
3426,Migraine Treatment
3431,Microvascular Surgery
3432,Microwave Ablation Of Tumors
3433,Mid Face Lift
3434,Midaortic Syndrome
3435,Middle Ear Exploration
3437,Middle Meningeal Artery Embolization
3438,Microsurgery Of The Thoracic Spine
3439,Microsurgical Laminoplasty
3440,Microsurgical Replantation Of The Ear
3443,Microvascular Flap Reconstruction
3444,Microvascular Head And Neck Reconstruction
3449,Microsurgery Of The Cervical Spine
3450,Microsurgery Of The Lumbar Spine
3452,Microneedling
3453,Microneurosurgery
3459,Microdermabrasion
3462,Microlaryngeal Laser Surgery
3467,Micro Neurovascular Free Muscle Transplant
3475,Metastatic Tumors To The Lungs
3476,Metastatic Axillary Cancer
3477,Metastatic Blood Cancers
3484,Metabolic Syndrome In Hiv
3489,Metabolic Disease Of The Spine
3490,Metabolic Disorders Inherited
3491,Metabolic Dysfunction Associated Steatotic Liver Disease
3492,Metabolic Dysfunction-Associated Steatohepatitis
3493,Metabolic Liver Disease
3495,Mesothelioma Surgery
3496,Met Gene
3497,Metabolic Abnormalities
3501,Mesenteric Open Bypass
3502,Mesenteric Vascular Disease
3504,Mesh Removal
3506,Mesenteric Artery Angioplasty
3507,Mesenteric Artery Bypass
3508,Mesenteric Artery Disease
3509,Mesenteric Artery Stenting
3510,Mesenteric Artery To Renal Artery Bypass
3512,Mesenteric Mass
3514,Mental Health Disorders
3517,Merosin Deficient Congenital Muscular Dystrophy
3522,Menstrual Disorders In Athletes
3526,Meniscal Surgery
3528,Meniscus Injury
3533,Meningioma Of The Spine
3539,Men1 Mutation
3548,Men1 Gene
3549,Men1 Genetic Testing
3555,Melanoma On Face
3556,Melanoma On Finger
3557,Melanoma On Foot
3558,Melanoma On Hand
3559,Melanoma On Leg
3560,Melanoma On Toe
3561,Melanoma On Trunk
3562,Melanoma Pancreatic Cancer Syndrome
3565,Melanoma Genomics
3566,Melanoma Of Eye
3567,Melanoma Of The Eyelid
3568,Melanoma Of The Lip
3569,Melanoma Of The Rectum
3575,Mehta Casting
3579,Medication Refills
3580,Medication Renewal
3581,Mediports
3583,Medullary Cancer Of Thyroid
3590,Medical Complications In Pregnancy
3591,Medical Management Of Chronic Kidney Disease Ckd
3592,Medicare Wellness Exam
3594,Medial Patellofemoral Ligament Reconstruction
3595,Median Nerve Entrapment At Elbow
3597,Mediastinal Abscess
3603,Medial Branch Blocks
3604,Medial Canthopexy
3605,Medial Collateral Ligament Injury Of The Elbow
3606,Medial Collateral Ligament Injury Of The Knee
3607,Medial Collateral Ligament Mcl Tear
3608,Medial Collateral Ligament Repair
3610,Mechanical Complication Of Gastrostomy
3611,Mechanical Complication To Corneal Graft
3612,Mechanical Ectropion
3613,Mechanical Entropion
3614,Mechanical Ptosis
3615,Mechanical Removal Of Corneal Epithelium
3617,Maxillomandibular Advancement
3624,Maternal Thyroid Disorders
3625,Maternal Valvular Disease
3626,Mature B Cell Leukemia
3627,Maturity Onset Diabetes Of The Young
3628,Max Gene
3629,Maxillary Reconstruction
3631,Maxillofacial Trauma
3632,Maternal Neurologic Disorders
3634,Maternal Renal Disease
3635,Maternal Respiratory Disease
3636,Maternal Seizures
3637,Maternal Substance Abuse
3638,Maternal Thrombophilia
3639,Maternal Cardiac Disease
3640,Maternal Collagen Vascular Disorder
3641,Maternal Fibroids
3642,Maternal Hematologic Disorders
3644,Maternal Iga Nephropathy
3646,Maternal Lupus
3652,Maternal Anticoagulation
3653,Maternal Bariatric Surgery
3654,Mass On Trunk
3656,Masseter To Facial Nerve Transfer
3665,Marcus Gunn Phenomenon
3668,Marriage And Divorce Counseling
3672,Mammosite
3677,Malunion Fracture Of The Lower Extremity
3678,Malunion Fracture Of The Pelvis
3679,Malunion Fracture Of The Shoulder
3680,Malunion Fracture Of The Spine
3681,Malunion Fracture Of The Upper Extremity
3682,Malunion Fracture Of The Wrist
3683,Malunion Of The Elbow
3685,Malrotation Of Bowel
3686,Malunion Fracture Of The Elbow
3687,Malunion Fracture Of The Foot
3688,Malunion Fracture Of The Forearm
3689,Malunion Fracture Of The Hand
3690,Malunion Fracture Of The Hip
3691,Malunion Fracture Of The Knee
3694,Malignant Tumor Of Extrahepatic Bile Duct
3699,Malignant Nerve Sheath Tumor
3703,Malignant Primitive Neuroectodermal Tumor Pnet
3706,Malignant Neoplasm Of The Spinal Cord
3707,Malignant Neoplasm Of Tonsils
3708,Malignant Neoplasm Of Ureter
3709,Malignant Neoplasm Of Ureteric Orifice
3711,Malignant Neoplasm Of Lip
3712,Malignant Neoplasm Of Main Bronchus
3713,Malignant Neoplasm Of Mesovarium
3714,Malignant Neoplasm Of Pancreatic Duct
3715,Malignant Neoplasm Of Skin Appendages
3716,Malignant Neoplasm Of Soft Tissue
3717,Malignant Neoplasm Of Cerebellum
3718,Malignant Neoplasm Of Cornea
3719,Malignant Gallbladder Polyp
3723,Malignant Lymphomas Of Bone
3725,Malignant Neoplasm Of Brain Stem
3726,Malignant Carcinoid Tumor Of Colon
3727,Malignant Carcinoid Tumor Of Kidney
3728,Malignant Carcinoid Tumor Of Rectum
3729,Malignant Carcinoid Tumor Of The Esophagus
3730,Malignant Carcinoid Tumor Of The Stomach
3733,Malignant Fibrous Histiocytoma Mfh
3735,Male Stress Incontinence
3736,Male Urinary Incontinence
3737,Male Urinary Problems
3738,Malformations Of Ear
3739,Malignancies Of The Genitourinary System
3742,Male Breast Reduction
3743,Male Genital Organ Stricture
3744,Male Genitourinary Reconstruction
3747,Maintenance Of Wakefulness Test
3750,Malaise And Fatigue
3755,Magnetic Expansion Control
3756,Magnetic Navigation Catheterization
3758,Magnetoencephalography Meg
3765,Macular Degeneration Screening
3768,Lysis Of Penile Adhesions
3769,Lysosomal Diseases
3773,Lymphogranuloma Venereum Lgv
3777,Lymphoma Genomics
3778,Lymphoma Of Bone
3781,Lymphoplasmacyte Rich Meningioma
3786,Lymphedema Therapy
3792,Lymph Node Surgery Penis
3793,Lymph Node Transfer
3800,Lupus Eye Conditions
3803,Lupus Rash
3808,Lung Involvement In Systemic Sclerosis
3809,Lung Lesions
3813,Lunate Fracture
3816,Lung Cancer Genomics
3820,Lumbar Spine Stress Fracture
3821,Lumbar Spine Tumor
3822,Lumbar Sympathetic Blocks
3823,Lumboperitoneal Shunt Placement
3824,Lumbosacral Plexus Lesions
3827,Lumbar Herniated Disc
3828,Lumbar Scoliosis
3830,Lumbar Spine Epidural Steroid Injection
3831,Lumbar Spine Fracture
3834,Lumbar Spine Mass
3835,Lower Extremity Non Union Fracture
3836,Lower Extremity Reconstruction
3837,Lower Limb Prosthetics
3841,Lumbar Drain
3844,Low Vision Therapy
3847,Lower Extremity Angioplasty And Stenting
3848,Lower Extremity Bypass
3849,Low Dose Rate Brachytherapy
3850,Low Fodmap Diet
3854,Low Grade Oligodendroglioma
3856,Loosening Of A Total Hip Replacement
3857,Loosening Of A Total Knee Replacement
3861,Low Back Surgery
3864,Long Term Side Effects Of Cancer Treatment
3866,Loop Recorder
3867,Loose Body Elbow
3868,Loose Body In The Hip
3869,Loose Body In The Knee
3870,Localized Prostate Cancer
3872,Locking Elbow
3876,Long Acting Reversible Contraceptive
3878,Liver Trauma
3879,Living Donor Kidney Transplant
3880,Living Donor Liver Transplant
3882,Lobectomy Of Brain
3883,Lobular Carcinoma In Situ Lcis
3885,Local Muscle Transfers
3886,Liver Disease In Pregnancy
3899,Liver Cancer Genomics
3901,Liposuction Of The Thighs
3902,Liquid Nitrogen Therapy
3904,Lisfranc Tear
3907,Lithium Nephropathy
3908,Little League Elbow
3909,Little League Shoulder
3910,Liposuction Of The Cheeks
3911,Liposuction Of The Chin
3912,Liposuction Of The Face
3913,Liposuction Of The Hips
3914,Liposuction Of The Knees
3915,Liposuction Of The Legs
3916,Liposuction Of The Love Handles
3917,Liposuction Of The Neck
3923,Liposuction Of The Abdomen
3924,Liposuction Of The Arms
3925,Liposuction Of The Buttocks
3927,Lip Surgery
3931,Lipid Blood Panel
3932,Lipid Disorders In Hiv
3935,Lingering Cough
3936,Lingual Tonsillectomy
3937,Lip Asymmetry
3938,Lip Augmentation
3940,Lip Droop
3941,Lip Mass
3943,Limb Length Difference
3944,Limb Lengthening
3946,Limb Sparing Surgery
3948,Linear Iga Bullous Disease
3949,Life Limiting Illness
3950,Lifestyle Modification
3953,Ligation Of Bronchus
3954,Light Adjustable Lens
3955,Light Chain Al Amyloidosis
3956,Limb Asymmetry
3959,Lichen Sclerosus Of The Penis
3960,Lichen Sclerosus Of The Vulva
3962,Lid Retraction Or Lag
3964,Lgbtq Fertility Care
3965,Lgbtq Health
3966,Lgbtq Youth Care
3967,Lgsil Pap
3974,Leukemia Genomics
3982,Lesionectomy
3983,Lesions Of Median Nerve
3984,Lesions Of Popliteal Nerve
3985,Lesions Of Posterior Tibial Nerve
3986,Lesions Of Sciatic Nerve
3987,Leiomyosarcoma Of Uterus
3993,Leptomeningeal Disease
4001,Leiomyoma Of Deep Soft Tissue
4004,Leg Discoloration
4008,Leg Mass
4012,Lefort Fracture
4020,Latissimus Flap
4021,Lattice Degeneration Of The Retina
4024,Lead Nephropathy
4027,Late Effect Of Spinal Cord Injury
4030,Lateral Access Spine Surgery
4031,Lateral Canthopexy
4032,Lateral Collateral Ligament Repair
4033,Lateral Collateral Ligament Tear
4035,Laser Skin Rejuvenation
4036,Laser Snoring Treatment
4037,Laser Spider Vein Treatment
4038,Laser Treatment Of Skin
4040,Lasik
4042,Latarjet
4043,Laser Assisted Uvulopalatoplasty
4044,Laser Atherectomy
4045,Laser Dermatology
4046,Laser Fungus Removal
4049,Laser Lead Extraction
4050,Laser Resection Of Airway Tumors
4058,Laser Assisted Cataract Surgery
4059,Laryngeal Lesions
4067,Lariat Procedure
4068,Laryngeal Botox
4071,Laryngeal Dysphagia
4073,Laryngeal Dystonia
4075,Laparoscopic Whipple Procedure
4077,Laparoscopy Pelvic Lymphadenectomy
4078,Laparoscopy Procedure Bladder
4079,Laparoscopy Ureteroneocystostomy
4080,Large Cell Cancer Of The Lung
4081,Large Cell Neuroendocrine Tumors
4084,Laparoscopic Surgery For Kidney Cancer
4085,Laparoscopic Total Proctocolectomy With Ileal Pouch
4086,Laparoscopic Toupet Fundoplication
4087,Laparoscopic Treatment Of Small Bowel Obstruction
4088,Laparoscopic Umbilical Herniorrhaphy
4089,Laparoscopic Urology
4090,Laparoscopic Ventral Hernia Repair
4091,Laparoscopic Recurrent Hernia Repair
4092,Laparoscopic Revision Of Gastric Restrictive Procedure
4093,Laparoscopic Salpingo Oophorectomy
4094,Laparoscopic Sleeve Gastrectomy
4095,Laparoscopic Soave
4096,Laparoscopic Splenectomy
4097,Laparoscopic Stomach Intestinal Pylorus Sparing Surgery
4098,Laparoscopic Surgery For Endometriosis
4099,Laparoscopic Oophorectomy
4100,Laparoscopic Ovarian Cystectomy
4101,Laparoscopic Pancreatectomy
4102,Laparoscopic Paraesophageal Hernia Repair
4103,Laparoscopic Parastomal Hernia Repair
4104,Laparoscopic Pyloromyotomy
4106,Laparoscopic Rectal Prolapse Repair
4107,Laparoscopic Imperforate Anus Repair
4108,Laparoscopic Incisional Hernia Repair
4109,Laparoscopic Inguinal Hernia Repair
4110,Laparoscopic Kidney Donation
4111,Laparoscopic Ladd Procedure
4112,Laparoscopic Liver Resection
4113,Laparoscopic Lymph Node Biopsy
4114,Laparoscopic Lysis Of Peritoneal Adhesions
4117,Laparoscopic Gastric Restrictive Procedure
4118,Laparoscopic Gastrostomy
4119,Laparoscopic Heller Myotomy For Achalasia
4120,Laparoscopic Hernia Repair
4121,Laparoscopic Hiatal Hernia Repair
4125,Laparoscopic Colorectal Surgery
4126,Laparoscopic Colostomy Reversal
4127,Laparoscopic Colostomy Surgery
4128,Laparoscopic Diaphragmatic Hernia Repair
4129,Laparoscopic Duodenal Atresia Repair
4130,Laparoscopic Excision Of Choledochal Cyst
4133,Lap Band Complication
4135,Laparoscopic Anterior Resection
4137,Laparoscopic Band Adjustments
4138,Laparoscopic Biopsy Of Liver
4139,Laparoscopic Bowel Resection
4140,Lactation Support
4149,Lacrimal Calculus
4151,Lacrimal Duct Stenosis
4152,Lacrimal Fistula
4153,Lacrimal Sac Cellulitis
4154,Lacrimal System Trauma
4157,Labial Hypertrophy
4158,Labial Hypoplasia
4162,Laceration Of Eye
4163,Laceration Of Vagina
4164,Knee Tendonitis
4165,Knock Knee Deformity
4169,Lab Abnormalities
4171,Labia Cancer
4172,Knee Pain For Patients Aged 60 And Older
4173,Knee Pain For Patients Aged Younger Than 60
4174,Knee Realignment
4176,Knee Stabilization
4179,Knee Tendon Repair
4182,Knee Joint Preservation
4183,Knee Ligament Advancement
4184,Knee Microfracture Surgery
4187,Knee Clunk Syndrome
4188,Knee Contracture
4192,Knee Growth Plate Fracture
4193,Knee Growth Plate Injury
4200,Knee Cartilage Repair
4205,Kidney Transplant Evaluation
4206,Kidney Transplant Malfunction
4208,Kinetic Chain Approach
4211,Kidney Cancer Genetic Testing
4212,Kidney Cancer Surgery
4222,Ketamine Infusion
4233,Keloid Scar Removal
4244,Kasabach Merritt Phenomenon Kmp
4250,Juvenile Osteoporosis Prevention
4252,Juvenile Scoliosis
4253,JPouch Surgery
4254,Jumpers Knee
4255,Junctional Kyphosis
4256,Juvederm
4257,Juvenile Ankylosing Spondylitis
4259,Juvenile Breast Hypertrophy
4260,Juvenile Corneal Dystrophy
4263,Joint Surgery Of Hand
4264,Joint Surgery Of The Wrist
4266,Joint Warmth
4267,Jones Fracture
4271,Joint Pain In Ankle And Foot
4272,Joint Preservation Surgery
4274,Joint Replacement And Reconstructive Surgery
4278,Joint Cracking
4280,Joint Damage
4283,Joint Disorder Of Multiple Joints
4284,Jaw Misalignment
4286,Jaw Reconstruction
4289,Jejunal Interposition
4290,Jensens
4291,J Pouch Surgery
4293,Jaw Deformities
4295,Jaw Fracture Surgery
4296,Jaw Infection
4298,Jaw Lesions
4299,Iv Sedation
4300,Jaccoud Syndrome
4304,Jaw Bone Graft
4306,Islets Of Langerhans Transplant
4307,Isolated Central Nervous System Vasculitis
4312,Iv Lidocaine Infusion
4314,Ischemic Renal Atrophy
4319,Islet Cell Tumor Resection
4322,Irregular Periods In Teenage Girls
4331,Iris Lymphoma
4332,Iris Surgery
4336,Invasive Fungal Sinusitis
4338,Inverted Papilloma Of The Sinus
4340,Intrauterine Growth Restriction Fetus
4343,Intravenous Lead Extraction
4344,Intraventricular Tumor
4348,Intrathecal Drug Delivery
4349,Intrathecal Drug Delivery Systems Trials
4350,Intrathecal Pump
4351,Intrauterine Device Iud Placement
4352,Intrauterine Device Iud Removal
4354,Intraocular Tumors
4356,Intraperitoneal Hyperthermic Chemoperfusion
4357,Intraspinal Abscess
4358,Intraspinal Infusion
4359,Intrathecal Baclofen Pump
4360,Intradiscal Electrothermal Therapy
4361,Intradiscal Injection
4362,Intraductal Papillary Mucinous Neoplasm
4365,Intraocular Lens Explantation
4369,Intracranial Mass
4370,Intractable Abdominal Pain
4376,Intracranial Angioplasty
4377,Intracranial Arterial Bypass
4378,Intracranial Arterial Occlusion
4379,Intracranial Artery Stenosis
4385,Intra Abdominal Cancer
4387,Intraabdominal Cyst
4388,Intraarterial Chemotherapy Of Tumors
4389,Intracardiac Catheter Ablation
4390,Intracoronary Radiation Therapy
4391,Interventional Pain Management
4392,Intestinal Artery Disease
4394,Intestinal Cancer Surgery
4396,Intestinal Failure If
4399,Intersex Youth Care
4400,Interspinous Device Placement
4401,Interstim
4409,Internal Mass
4410,International Infertility Program
4411,Interposition Nerve Grafts
4412,Intersex Fertility Care
4413,Intersex Health
4414,Intersex Mental Health
4415,Intensity Modulated Radiation Therapy
4418,Intercostal Neuralgia
4422,Internal Carotid Artery Embolization
4423,Instrumented Anterior Cervical Discectomy Fusion Acdf
4427,Insulin Therapy
4431,Insect Bites And Stings
4432,Insertion Of Gastric Balloon
4433,Insertional Achilles Tendinitis
4434,Insertional Tendonitis
4435,Inspire Therapy
4436,Instability After A Total Knee Replacement
4437,Instability Of Internal Prosthesis
4440,Inherited Cardiac Arrhythmia
4441,Inherited Lung Cancer Risk
4442,Injectable Medication For Addiction
4443,Injection Medialization Laryngoplasty
4444,Inner Ear Trauma
4445,Insect Allergy
4446,Infratemporal Fossa Lesions
4447,Infratemporal Fossa Tumors
4448,Infundibular Pulmonic Stenosis
4449,Infusaport Placement
4452,Ingrown Nail Removal
4454,Infiltrative Disorders Of The Heart
4455,Inflammation Of The Eyelid
4464,Infectious Neuritis
4465,Infectious Retinitis
4466,Inferior Gluteal Artery Perforator Flap
4467,Inferior Vena Cava Tumor
4469,Infertility After Cancer Treatment
4471,Infected Graft Surgery
4472,Infected Hydrocele
4473,Infection Of Cystostomy
4474,Infections Bacterial And Viral
4475,Infections In Immunocompromised Children
4476,Infectious Diseases In Pregnancy
4479,Indiana Pouch
4484,Infantile Idiopathic Scoliosis
4488,Incompatible Kidney Transplant
4489,Incomplete Emptying Of Bladder
4490,Incomplete Uterovaginal Prolapse
4491,Increased Frequency Of Micturition
4493,Inappropriate Diet And Eating Habits
4496,Incidentaloma
4498,Incision And Drainage Of Deep Pelvirectal Abscess
4499,Incision And Drainage Of Perianal Abscess
4500,Incision Of Anal Septum
4501,In Office Cardiac Stress Test
4502,In Office Endometrial Ablation
4503,In Office Sterilization
4504,In Office Vocal Cord Injection
4506,In Utero Stem Cell Transplant
4508,Inappropriate Antidiuretic Hormone Secretion
4510,Impetigo Herpetiformis
4511,Implant Based Breast Reconstruction
4512,Implantable Cardiac Monitor Procedure
4513,Implantable Cardioverter Defibrillator Placement
4515,In Office Cardiac Echocardiogram
4516,Impaired Coordination
4517,Impella Insertion
4518,Impella Management
4519,Impending Pathologic Fracture
4521,Imperforate Anus Repair
4523,Immigration Examination
4525,Immune Deficiency Counseling
4526,Immune Dysregulation
4527,Immunochemotherapy
4529,Immunoglobulin Replacement Therapy
4530,Impact Testing
4532,Iliac Artery Stenosis
4533,Iliac Fracture
4534,Ilioiliac Artery Bypass Graft
4535,Ilioinguinal Nerve Blocks
4536,Iliotibial Band Friction Syndrome
4537,Image Guided Biopsy Of The Spine
4540,Ileo Colonic Fistula
4541,Ileocolic Resection
4545,Iliac Artery Angioplasty And Stenting
4546,Iliac Artery Endofibrosis
4547,Iliac Artery Reconstruction
4548,Ige Mediated Food Allergies
4549,Igg 4 Related Diseases
4551,I 131 Ablation For Hyperthyroidism
4553,Ileal Pouch Anal Anastomosis Surgery
4555,Idiopathic Brachial Plexopathy
4558,Idiopathic Orbital Inflammatory Disease
4559,Idiopathic Pulmonary Fibrosis Ipf
4562,Iga Vasculitis
4566,Hysteroscopic Myomectomy
4568,I131 Ablation For Hyperthyroidism
4570,Idh 1 Mutation
4572,Hypothenar Hammer Syndrome
4576,Hypotony Of Eye
4577,Hypotrichosis Of Eyelid
4583,Hypopigmented Nipple Lesions
4585,Hypoplasia Of Penis
4593,Hypomelanotic Skin Disorders
4602,Hypoglossal Nerve Stimulation
4603,Hypoglossal Nerve Transfers
4611,Hypo Thalamic Pituitary Disorder
4612,Hypertensive Disorders Of Pregnancy
4618,Hypertrichosis Of The Eyelid
4620,Hyperplasia Of Renal Vein
4623,Hypersensitivity Pneumonitis Testing
4634,Hyperpigmentation Of Eyelids
4635,Hyperplasia Of Renal Artery
4637,Hyperhidrosis Surgery
4638,Hyperimmunoglobulinemia D With Periodic Fever Syndrome
4641,Hyperlipidemia Syndrome
4647,Hypercontractile Esophagus
4650,Hyperglycemic Hyperosmolar Syndrome
4652,Hyper Igd Syndrome
4671,Hurt Ankle
4672,Hurthle Cell Cancer
4673,Hyaluronic Acid Injection
4674,Hydatiform Mole
4676,Human Immunodeficiency Virus Hiv
4677,Human Leukocyte Antigen B27 Test
4678,Human Papilloma Virus Hpv
4679,Human Papilloma Virus Hpv Vaccination
4680,Human Papillomavirus Hpv Related Penile Cancer
4682,Humoral Immune Defect
4683,Hormone Receptor Positive Breast Cancer
4687,Hospice And Palliative Care For Advance Illness
4688,Hospice And Palliative Care For Cancer Patients
4690,Hoxb13 Gene
4692,Home Dialysis
4693,Home Hydration
4694,Home Inotropes
4695,Home Ventilation
4699,Hiv Eye Conditions
4700,Hiv In Pregnancy
4701,Hiv Nephropathy
4702,Hiv Neuropathy
4703,Hiv Testing
4709,History Of Breast Cancer
4710,History Of Fibrocystic Disease
4711,History Of Pituitary Mass
4712,History Of Preterm Birth
4713,History Of Severe Preeclampsia
4714,Hiv Endocrinopathies
4715,HipReplacement
4718,Histamine Response
4721,Histiocytosis Of Bone
4722,Hip Pain Under Age 60
4723,Hip Preservation
4725,Hip Rotator Cuff Repair
4726,Hip Rotator Cuff Tear
4729,Hip Joint Injection
4730,Hip Labral Tear
4731,Hip Labral Tear Repair
4734,Hip Pain Over Age 60
4739,Hip Impingement
4741,Hip Joint Debridement
4742,High Grade Oligodendroglioma
4743,High Intensity Focus Ultrasound For Prostate Cancer
4745,High Resolution Manometry
4748,Hip Abductor Tear
4750,Hidradenitis Suppurativa Groin
4751,Hidradenitis Suppurativa Scalp
4752,Hidradenitis Suppurativa Vulva
4753,High Altitude Pulmonary Edema
4754,High Altitude Simulation Test
4759,Hidden Scar Breast Cancer Surgery
4761,Hidradenitis Suppurativa Anal
4762,Hidradenitis Suppurativa Armpit
4763,Hidradenitis Suppurativa Breast
4764,Heterotaxy Disorders
4765,Heterotopic Liver Transplant
4767,Heterotopic Ossification Excision
4768,Hgsil Pap
4772,Herpes Simplex With Ophthalmic Complication
4774,Herpes Zoster Dermatitis Of Eyelid
4776,Herpes Zoster Eye Infections
4777,Herpes Zoster Keratoconjunctivitis
4784,Herpes Simplex Dermatitis Of The Eyelid
4785,Herpes Simplex Eye Infections
4787,Hereditary Skeletal Disorders
4793,Herniation Syndrome
4795,Hereditary Papillary Renal Cell Cancer
4796,Hereditary Paraganglioma Pheochromocytoma
4797,Hereditary Polyposis
4799,Hereditary Retinal Diseases
4802,Hereditary Sensory And Autonomic Neuropathy
4804,Hereditary Kidney Cancer
4805,Hereditary Leiomyomatosis And Renal Cell Carcinoma
4808,Hereditary Colon Cancer
4810,Hereditary Diffuse Gastric Cancer Syndrome
4811,Her2 Positive Breast Cancer
4812,Her2neu Receptor
4815,Hereditary Brachial Neuritis
4816,Hereditary Breast And Ovarian Cancer
4817,Hereditary Cancer Gene Panel
4818,Hereditary Cancer Risk
4819,Hepatobiliary Malignancies
4833,Hepatic Hydrothorax
4839,Hep C Related Renal Disease
4844,Hemorrhoid Surgery
4846,Hemorrhoidopexy Stapling
4848,Hemorrhoids With Complications
4852,Hemorrhage In Optic Nerve Sheaths
4853,Hemorrhage Of Eyelid
4854,Hemorrhage Of Gastrointestinal Tract Unspecified
4858,Hemoglobin A1c Blood Test
4861,Hemolytic Disease Of The Fetus
4865,Hemineglect
4870,Hemoccult Test
4886,Hematuria Cystoscopy Evaluation Post Transplant
4891,Heliotrope Rash
4898,HeartBlock
4904,Heart Disease In Women
4905,Heart Failure Hf
4906,Heart Health
4909,Heart Racing
4910,Hearing Loss Central
4911,Hearing Loss Conductive
4912,Hearing Loss Genetic
4913,Hearing Loss Mixed
4914,Hearing Loss Neural
4916,Hearing Loss Profound
4922,Hearing Evaluation
4924,Hearing Loss Asymmetrical
4925,Head Reconstruction
4928,Headache Associated With Sexual Activity
4929,Headache Counseling
4930,Headache Therapy
4933,Head And Neck Sarcoma
4934,Head And Neck Tumors
4937,Head Cooling Therapy
4938,Head Cyst
4940,Head Papilloma
4941,Hardware Removal
4945,Head And Neck Cancer Genomics
4946,Head And Neck Cancer Surgery
4947,Head And Neck Hemangiomas
4948,Head And Neck Melanoma
4950,Hand Tendon Repair
4951,Hand Tendonitis
4952,Handwriting Tremor
4954,Hanta Virus
4955,Haploidentical Transplant
4956,Hand Fracture Surgery
4957,Hand Infection
4962,Hand Steroid Injection
4964,Hammer Toe Repair
4967,Hamstring Repair
4975,Halo Laser Treatment
4977,Hamartoma Of Lung
4979,Gynecomastia Surgery
4983,Haglund Deformity
4985,Hair Restoration
4988,Gynecologic Cancer Care
4989,Gynecologic Cancer Genomics
4990,Gynecologic Disorders Of Athletes
4991,Gynecologic Infections In Pregnancy
4993,GynecologicCancer
4997,Guillain Barre Syndrome Gbs
4998,Guinea Worm Disease Gwd
4999,Gum Cyst
5001,Gum Lesions
5002,Gymnast Wrist
5003,Growth Hormone Abnormalities
5005,Growth On Eye
5006,Growth On Head
5007,Growth On Neck
5010,GTube Check And Exchange
5011,Groin Anomaly
5012,Groin Lymphadenopathy
5015,Growing Rods
5021,Granulomatosis With Polyangiitis
5023,Green Light Laser Therapy
5024,Grem1 Gene
5026,Gout Of The Elbow
5027,Gout Of The Hand
5028,Gout Of The Wrist
5030,Graft Versus Leukemia Effect
5033,Granulation Cell Sarcoma
5035,Gonadotropin Treatment
5042,Gout Of The Arm
5044,Gluteus Medius Tear
5047,Goals Of Care Discussion
5049,Gold Eyelid Weight
5052,Glucocorticoid Deficiency
5053,Glucocorticoid Remediable Hypertension
5055,Gluteal Artery Perforator Flap
5056,Gluteal Injury
5057,Gluten Allergy
5065,Glottic Cancer
5066,Glottic Stenosis
5076,Glansplasty
5078,Glaucoma Of Childhood
5079,Glaucoma Procedures
5082,Glenohumeral Internal Rotation Deficit Gird
5086,Giant Cell Tumor Of Soft Tissue
5087,Giant Cell Tumor Of Tendon Sheath Of Hand
5088,Giant Cell Tumor Of The Bone
5090,Gingival Graft
5091,Geriatric Pain Management
5097,Gestational Surrogate Care
5098,Gestational Thrombocytopenia
5099,Genitourinary Cancer Genomics
5100,Genitourinary Cancer Surgery
5103,Genitourinary Tract Injuries
5104,Genodermatoses
5107,Genicular Nerve Blocks
5112,Genital Trauma
5115,Genetic Testing Colon Cancer
5116,Genetic Testing For Fallopian Tube Cancer
5117,Genetic Testing For Primary Peritoneal Cancer
5118,Genetic Testing For Uterine Cancer
5119,Genetic Testing Ovarian Cancer
5120,Genial Bone Advancement Trephine
5121,Generalized Lymphatic Anomaly
5123,Genetic Cancer Risk Assessment
5124,Genetic Cardiomyopathy
5127,Genetic Dystonia
5128,Gender Transition Therapy
5129,Gender-Affirming Facial Surgery
5130,Gender-Affirming Voice Therapy
5132,General Eye Care
5133,General Well Visit
5136,Gender Affirmation Surgery
5137,Gender Affirming Hysterectomy
5139,Gender Transition Counseling
5144,Gastroschisis Repair
5146,Gastrostomy Closure Surgery
5147,Gastrointestinal Gi Cancer
5148,Gastrointestinal Gi Cancer Genomics
5149,Gastrointestinal Gi Cancer Screening
5150,Gastrointestinal Gi Stromal Tumors
5151,Gastrointestinal Submucosal Tumors
5153,Gastroesophageal Junction Cancer
5155,Gastroesophageal Reflux Disease In Infancy
5156,Gastroesophageal Reflux Surgery
5157,Gastrointestinal Amyloid
5160,Gastrocnemius Injury
5162,Gastrocutaneous Fistula
5163,Gastroduodenal Fistula
5165,Gastric Inlet Patch
5167,Gastric Restrictive Surgery
5171,Gastrin Secreting Tumor Of Pancreas
5173,Ganglioneurocytoma
5176,Gastric Anomaly
5179,Gamt Deficiency
5180,Ganglioglioneurocytoma
5181,Ganglioma
5183,Ganglion Cyst Removal
5184,Ganglion Of Impar Blocks
5185,Gallbladder Mass
5187,Galnt12 Gene
5188,Gambling Disorder
5189,Gamekeepers Thumb
5190,Gamma Knife Perfexion
5195,Gall Stone Removal
5197,Gallbladder Cancer Genomics
5200,Fusion Arthrodesis
5203,Gait Therapies
5205,Functional Quadriplegia
5206,Functional Rhinoplasty
5209,Fungal Skin Testing
5212,Fructose Malabsorption
5213,Fsh Reserve
5216,Functional Capacity Evaluation
5217,Functional Pain Disorders
5219,Frostbite Of Ear
5220,Frostbite Of Face
5221,Frostbite Of Nose
5222,Frostbite Of Penis
5223,Frown Lines
5224,Fructose 1 6 Bisphosphatase Deficiency
5225,Frequent Infections
5226,Frequent Urinary Tract Infections
5229,Frontal Sinusotomy
5230,Frontalis Muscle Transfer
5231,Frontotemporal Neurocognitive Disorder
5232,Free Tram
5233,Freibergs Disease
5235,Frenulotomy Of Penis
5238,Fracture Infections
5241,Frax Score
5243,Free Tissue Transfer Flap
5245,Foreign Body Penis
5247,Foreign Body Trunk
5250,Foreign Body Cornea
5251,Foreign Body Digestive System
5253,Foreign Body Esophagus
5254,Foreign Body Foot
5255,Foreign Body Genitourinary Tract
5256,Forehead Nodule
5257,Forehead Reduction
5258,Foreign Bodies In The Ear Nose And Airway
5259,Foreign Body Airway
5260,Foreign Body Anus-Rectum
5261,Foreign Body Bladder-Urethra
5262,Foreign Body Colon-Intestine
5263,Foreign Body Conjunctiva
5265,Foot Tendon Injury
5266,Foot Tendon Tear
5268,Forearm Fracture Surgery
5272,Foot Mass
5276,Foot Strain
5278,Foot Drag
5281,Foot Fracture Surgery
5282,Foot Fusion Surgery
5283,Foot Ganglion Cyst Removal
5284,Food Allergy Testing
5285,Food Challenge Testing
5288,Food Protein Induced Enterocolitis
5289,Foot And Ankle Compartment Syndrome
5290,Foot And Ankle Tendon Lengthening
5291,Focused Ultrasound For Tremor
5292,Follicular Cancer Of Thyroid
5294,Follicular Lesions Of Undetermined Significance
5298,Focal Resection Surgery Brain
5301,Focal Therapy For Prostate Cancer
5303,Floor Of Mouth Cancer
5304,Floppy Eyelid Syndrome
5305,Flow Diversion For Cerebral Aneurysms
5306,Flu Shot Vaccination
5310,Flatback Syndrome Post Harrington Rods
5313,Flcn Gene
5316,Fitness For Duty Evaluations
5320,Flap Surgery
5321,Flat Foot Surgery
5322,Flatback Syndrome
5323,First Seizure Clinic
5324,First Trimester Screening
5325,Fissurectomy
5328,Fitness And Exercise
5329,Finger Strain
5330,Finger Tendon Lengthening
5332,Fingertip Repair
5344,Fine Needle Aspiration Of Thyroid
5345,Finger Aplasia
5346,Finger Arthritis
5349,Fibrous Histiocytoma Of Bone
5353,Fibulectomy
5358,Fibrosarcoma Of The Head Neck
5359,Fibrosarcoma Of The Head and Neck
5362,Fibrocystic Liver
5372,Fibro Osseous Lesions
5373,Fetal Non Stress Testing
5374,Fetal Pleural Effusions
5378,Fetoscopic Endoluminal Tracheal Occlusion
5379,Fetoscopic Placental Laser Coagulation
5380,Fetal Doppler Studies
5381,Fetal Echocardiograms
5384,Fetal Intervention
5385,Fetal Isoimmunization
5390,Fetal Cardiology
5391,Fetal Cardiomyopathy
5392,Fetal Congenital Diaphragmatic Hernia Cdh Repair
5393,Fetal Congenital Heart Disease
5395,Femoral Artery Angioplasty
5399,Femoral Osteotomy
5401,Feno Test
5402,Female Hirsutism
5406,Female Urinary Incontinence
5407,Feminizing Syndrome
5408,Femoral Aneurysm
5409,Femoral Ante Version
5410,Feeding Tube Placement
5411,Feeding Tube Removal
5413,Felon Infection
5415,Female Alopecia
5416,Female Genital Problems
5417,Female Genitourinary Reconstruction
5418,Fatty Acid Oxidation Defects
5425,Feeding Tube Management
5431,Fasciotomy Of Hand
5434,Family History Of Chromosomal Anomalies
5435,Family History Of Colon Cancer
5436,Family History Of Colon Polyps
5437,Family History Of Genetic Disease Carrier
5438,Family History Of Glaucoma
5439,Family History Of Heart Disease
5440,Family History Of Intellectual Disabilities
5441,Family History Of Sudden Cardiac Death
5443,Familial Renal Amyloidosis
5444,Familial Renal Cell Carcinoma
5445,Familial Spinal Muscle Atrophy
5446,Family History Of Autism
5447,Family History Of Birth Defects
5449,Family History Of Cancer
5450,Familial Dyslipidemia
5455,Familial Medullary Thyroid Cancer
5456,Familial Ovarian Cancer
5457,Fallopian Tube Disorders
5459,Familial Aneurysmal Disease
5460,Familial Aplastic Anemia
5461,Familial Arrhythmias
5464,Familial Dilated Cardiomyopathy
5468,Failed Fundoplication
5469,Failed Vision Screening
5474,Facial Tingling
5475,Facial Trauma
5476,Facial Tumor
5478,Factor Eight Disorder
5479,Factor Nine Deficiency
5484,Facial Reanimation Surgery
5486,Facial Rehabilitation
5487,Facial Scars
5488,Facial Skin Resurfacing Procedures
5490,Facial Nerve Graft
5493,Facial Nerve Palsy And Paresis
5495,Facial Nerve Stimulation
5497,Facial Paralysis Reconstruction
5500,Facial Feminization Surgery
5502,Facial Implant
5504,Facial Lesions
5505,Facial Masculinization Surgery
5507,Facet Injection
5509,Facet Surgery
5510,Facial Abscess
5511,Facial Aging
5513,Facial Asymmetry Surgery
5516,Eyelid Trauma
5520,Face Infection
5523,Eyelid Bump
5525,Eyelid Closure Weakness
5529,Eyelid Malposition
5530,Eye Health
5535,Eye Socket Fractures
5539,Extraskeletal Mesenchymal Chondrosarcoma
5542,Extreme Lateral Interbody Fusion
5544,Eye Complications Of Wegener
5550,Extramacular Disciform Lesions
5551,Extranodal Nk T Cell Lymphoma
5554,Extended Banding Chromosome Studies
5555,Extended Field Radiation Therapy
5556,Extended Wear Hearing Devices
5557,Extensor Tendon Laceration
5558,Extensor Tendon Repair
5560,External Fistula Of The Trachea Repair
5562,Exoderm Non Surgical Face Lift
5567,Exploratory Thoracotomy
5568,Exposure To Secondhand Smoke
5575,Exertional Compartment Release
5576,Exertional Leg Pain
5578,Excision Of Malignant Lesions
5579,Excision Of Tumor
5582,Executive Physical Examinations
5583,Exercise Cardiology
5584,Exercise In Pregnancy
5585,Exercise Induced Arrhythmia
5586,Excision Of Benign Lesions
5587,Excision Of Bone Cyst
5588,Excision Of Branchial Cleft Anomalies
5589,Excision Of Bronchus
5590,Excision Of Cervical Lymph Node
5591,Excision Of Choledochal Cyst
5592,Excision Of Cystic Hygroma Axillary Or Cervical
5593,Excision Of External Hemorrhoidal Tags And Papillae
5594,Excision Of Lesion
5595,Excess Skin
5597,Excess Skin Removal
5598,Excessive Drooling
5601,Excision Granuloma Tissue
5602,Excision Mole
5605,Eucapnic Voluntary Hyperventilation Test
5606,Eustachian Tube Dysfunction Etd
5609,Ex Utero Intrapartum Treatment Procedure Exit
5610,Examination Of Eyes
5611,Esophagogastric Junction Outflow Obstruction
5612,Esophagogastroduodenoscopy Egd
5613,Esophagogastroduodenoscopy Egd With Botox Injection
5614,Esophagogastroduodenoscopy Egd With Dilation
5619,Esophageal Thickening
5621,Esophageal Variceal Band Ligation
5622,Esophageal Variceal Sclerotherapy
5624,EsophagealVaricealSclerotherapy
5635,Esophageal Duplication Cyst
5636,Esophageal Hypersensitivity
5637,Esophageal Inlet Patch
5641,Esophageal Myotomy
5650,Esophageal Diverticulectomy
5661,Epithelioid Rhabdomyosarcoma
5663,Er Negative Breast Cancer
5664,Er Positive Breast Cancer
5666,Erectile Disorder
5667,Epilepsy Surgery Evaluation
5679,Epiglottoplasty
5681,Epilepsy Diet Therapy
5682,Epilepsy Monitoring Unit Evaluation Emu
5683,Epilepsy Surgery
5693,Eosinophilic Granulomatosis With Polyangiitis
5694,Eosinophilic Lung Disease
5695,Epcam Gene
5697,Epicardial Lead Placement
5699,Epidermal Nevi
5703,Eos Xray Machine
5705,Eosinophilic Enteritis
5708,Enterococcus Infections
5716,Enhanced External Counterpulsation Therapy Eecp
5717,Enhanced S Cone Syndrome
5718,Enlarged Optic Nerve
5724,Endovascular Laser Atherectomy
5725,Endovascular Repair Of Aaa
5726,Endovascular Stent Graft Repair
5728,Endovascular Superior Mesenteric Artery Surgery
5729,Endovenous Ablation Of Varicose Veins
5730,Endovenous Laser Ablation Of Varicose Veins
5731,Endovenous Laser Therapy For Varicose Veins
5732,Endourology
5734,Endovascular Aortic Aneurysm Repair
5735,Endovascular Atherectomy
5736,Endovascular Celiac Artery Surgery
5737,Endovascular Coiling Of Aneurysm
5738,Endovascular Femoral Artery Surgery
5739,Endovascular Iliac Artery Surgery
5740,Endoscopic Mucosal Resection Of Large Colon Polyps
5741,Endoscopic Neurosurgery
5743,Endoscopic Spine Surgery
5745,Endoscopic Surgery For Urinary Stones
5747,Endoscopic Tympanoplasty
5748,Endoscopic Brow Lift
5750,Endoscopic Dacryocystorhinostomy
5751,Endoscopic Division Of Adhesions Of Peritoneum
5752,Endoscopic Ear Surgery
5753,Endoscopic Endonasal Approach
5754,Endoscopic Management Of Urinary Diversions
5758,Endorectal Advancement Flap Eraf
5759,Endorectal Ultrasound
5760,Endoscopic Adrenalectomy
5761,Endoscopic Biopsy Of Lung
5762,Endoscopic Biopsy Of Trachea
5763,Endoscopic Breast Augmentation
5768,Endometrial Cancer Genomics
5772,Endobronchial Valve Insertion
5775,Endocrine Complications Of Cancer Therapy
5776,Endocrine Complications Of Transplant
5779,Endograft Infection
5780,End Of Life Decision Making
5783,Endarterectomy Of Abdominal Artery
5784,Endarterectomy Of Lower Limb Artery
5785,Endarterectomy Of Upper Limb Artery
5788,Empty Nose Syndrome
5792,Encephalocele Repair
5794,Encysted Hydrocele
5795,Embryonal Cell Tumors Of The Brain
5796,Embryonal Nuclear Cataract
5798,Embryonal Tumors
5799,Emergency Ophthalmology
5804,Elevated Transferrin Saturation
5805,Eloesser Flap Thoracostomy Window
5808,Embryo Adoption
5811,Electrosurgery For Skin Lesions
5812,Elevated Acth
5815,Elevated Growth Hormone
5816,Elevated Hemidiaphragm
5817,Elevated Ldl Cholesterol
5820,Electrolyte Disorders
5823,Electromyography Of Urethral Sphincter
5824,Electronic Cigarettes And Vaping Associated Lung Injury
5826,Electrophysiology Testing
5828,Elbow Tumor
5829,Electrical Burns
5830,Electrical Sacral Stimulation
5831,Electrocardiogram Ekg
5833,Electrodiagnostic Medicine
5836,Elbow Joint Replacement
5837,Elbow Mass
5839,Elbow Reconstruction
5843,Elbow Tendon Lengthening
5844,Elbow Bone Spur
5845,Elbow Contracture
5848,Elbow Fracture Surgery
5849,Elbow Injection
5851,Elbow Joint Excision
5854,Egg Retrieval
5855,Ehlers Danlos
5858,Ejaculatory Dysfunction
5862,Edema Of Eyelid
5863,Edema Of Male Genital Organs
5864,Edema Of Penis
5865,Edwards Sapien Transcatheter Aortic Heart Valve
5866,E Coli Infections
5867,Egfr Mutation
5868,Egfr Translocation
5869,Ectopic Hyperparathyroidism
5882,EColi Infections
5884,Ectopic Calcification Xyphoid
5885,Earlobe Reduction
5886,Earlobe Repair
5887,Early Detection Of Cancer
5888,Early Osteoporosis
5893,Ear Mass
5894,Ear Melanoma
5895,Ear Nose And Throat Surgery
5898,Ear Plastic Surgery
5899,Ear Pressure
5903,Ear Dermatitis
5906,Ear Exam
5907,Ear Fullness
5909,Ear Keloids
5910,Ear And Temporal Bone Cancer
5911,Ear Anomalies
5913,Ear Canal Cancer
5914,Ear Canal Lesions
5916,Ear Cartilage Rhinoplasty
5917,Ear Cleaning
5918,Dysplasia Of Prostate
5930,Dysphagia Oropharyngeal Phase
5933,Dysplasia Of Breast
5935,Dysgerminoma Of Ovary
5938,Dyskeratosis Follicularis
5943,Dural Based Tumor
5944,Dural Sinus Thrombosis
5946,Dynamic Muscle Transfer Face
5951,Duodenal Switch
5953,Duodenal Ulcer Surgery
5956,Dup15q Syndrome
5957,Duplex Collecting System
5959,Ductal Carcinoma In Situ Dcis
5960,Duhamel Procedure
5970,Dry Sinus
5971,Dsdna Test
5975,Drug Induced Cataract
5977,Drug Induced Pulmonary Disease
5978,Drug Rash With Eosinophilia And Systemic Symptoms Syndrome
5982,Dry Itchy Patches
5983,Dorsal Slit
5985,Double Chin
5986,Double Outlet Right Ventricle Dorv
5990,Drug Desensitization
5991,Dna Repair Deficiency Disorders
5992,Dobutamine Stress Test
5993,Donor Egg Ivf
5994,Donor Embryo
5997,Donor Sperm Insemination
5998,Dopamine Responsive Dystonia
6000,Distractible
6001,Disturbance Of Attention
6002,Divergence Insufficiency
6005,Divorce Counseling
6006,Divorce Therapy
6011,Distal Clavicular Osteolysis
6014,Distal Radial Fracture
6015,Distal Tibial Osteotomy
6016,Disorders Of The Vitreous
6017,Disorders Of Water Balance
6018,Disproportion Of Reconstructed Breast
6023,Dissection Of Vertebral Artery
6024,Disorder Of Balance
6025,Disorder Of Earlobe
6026,Disorder Of Upper Respiratory System
6027,Disorders Of Bilirubin Excretion
6028,Disorders Of Binocular Movement
6029,Disorders Of Iris And Ciliary Body
6030,Disorders Of Sexual Development
6031,Disorders Of Sexual Differentiation
6033,Disc Arthroplasty
6034,Disc Replacement
6035,Disc Surgery
6039,Diode Laser Cyclophotocoagulation
6043,Direct Anterior Total Hip Replacement
6044,Direct Lateral Interbody Fusion
6045,Direct To Implant Reconstruction
6046,Directional Atherectomy
6048,Digital Nerve Repair
6051,Dilatation Of Ureter
6053,Dilation And Curettage
6054,Dilation Of Ureteral Meatus
6055,Diminished Ovarian Reserve
6059,Diffuse Intrinsic Pontine Glioma Dipg
6060,Digastric Muscle Transfer
6063,Digital Ischemia
6064,Diet And Exercise
6065,Diet And Nutrition
6066,Dietary Management In Epilepsy
6067,Dietary Management Of Chronic Kidney Disease Ckd
6070,Difficulty Writing
6071,Diffuse Alveolar Hemorrhage
6072,Diaphragm Pacemaker Procedure
6073,Diaphragm Pacing
6074,Diaphragmatic Disorders
6076,Diaphragmatic Tumor
6080,Dicer1 Gene
6081,Dialysis Related Amyloidosis
6084,Diaphragm Cancer
6089,Dialysis Access
6090,Dialysis Prevention
6093,Diabetic Eye Exam
6097,Diabetic Limb Salvage
6101,Diabetes Management
6105,Diabetes Type 1 And Type 2
6108,Developmental Disorder Of Speech And Language
6109,Developmental Dysplasia Of The Hip Ddh
6110,Developmental Hand Deformities
6115,Diabetes Counseling
6117,Detrusor Contraction
6119,Development Coordination Disorder
6120,Developmental And Congenital Hand Deformities
6121,Developmental Assessment
6124,Descemet Membrane Endothelial Keratoplasty
6125,Descemets Stripping Endothelial Keratoplasty
6128,Desmoplastic Small Round Cell Tumors
6130,Destruction Of Benign Skin Lesions
6131,Destruction Of Premalignant Skin Lesions
6143,Depression And Anxiety Assessments
6148,Dermatofibrosarcoma Protruberans
6149,Dental Bone Grafting
6151,Dental Implant Surgery
6153,Dentoalveolar Surgery
6156,Department Of Transportation Exams
6157,Delirium Tremens Dts
6158,Delorme Procedure
6160,Dementia Related To Concussion
6164,Dense Breast
6165,Degenerative Spine Conditions
6166,Degenerative Spine Pain
6171,Delayed Umbilical Cord Separation
6172,Delayed Union
6174,Deformity Of Reconstructed Breast
6175,Degenerative Brain Disorder
6177,Degenerative Joint Disease Of The Elbow
6178,Degenerative Joint Disease Of The Foot
6179,Degenerative Joint Disease Of The Hip
6180,Degenerative Joint Disease Of The Knee
6181,Degenerative Joint Disease Of The Shoulder
6184,Defibrillator Malfunction
6186,Deformity Correction Of Foot Ankle
6187,Deformity Correction Of Foot and Ankle
6188,Deformity Malunion Correction
6189,Deformity Of Forefoot
6193,Deep Brain Stimulation Asleep
6194,Deep Brain Stimulation Awake
6195,Deep Brain Stimulation For Dystonia
6196,Deep Inferior Epigastric Perforator Flap
6197,Deep Inspiration Breath Hold Dibh
6198,Decompression Median Nerve At Elbow
6199,Decompression Of Tarsal Tunnel
6200,Deconditioned Knee
6205,Decreased Movement
6207,De Quervain Tendinitis
6212,Deceased Donor Kidney Transplant
6214,Da Vinci Ventral Hernia Repair
6218,Damaged Knee Cartilage Removal
6222,Da Vinci Head Neck Surgery
6223,Da Vinci Head and Neck Surgery
6224,Da Vinci Hernia Repair
6225,Da Vinci Hiatal Hernia Repair
6226,Da Vinci Hysterectomy
6227,Da Vinci Incisional Hernia Repair
6228,Da Vinci Inguinal Hernia Repair
6229,Da Vinci Prostatectomy
6230,Cystoureterostomy
6232,Cystourethrostomy
6233,CystRemoval
6237,Cytoreduction Surgery
6238,Cystodynia
6244,Cystoscopy Stent Removal
6246,Cystic Fibrosis Gene Carrier
6247,Cystic Fibrosis Related Diabetes
6249,Cystine Kidney Stones
6255,Cyst Of Sinuses
6257,Cystadenoma Of Ovary
6258,Cystadenoma Of Pancreas
6263,Cutis Marmorata Telangiectatica Congenita
6264,Cyanocobalamin Vitamin B-12 Level
6266,Cyanotic Heart Disease
6268,Cyclic Vomiting Syndrome
6276,Cta Of The Head
6277,Cubital Tunnel Surgery
6279,Curative To Palliative Care Transition
6280,Curettage Of Bone Lesions
6283,Cutaneous B Cell Lymphoma
6288,Csf Shunt Removal
6289,Ct Guided Spine Injections
6290,Ct Of The Chest
6291,Cta For Mesenteric Ischemia
6292,Cryopyrin Associated Periodic Syndrome Caps
6293,Cryotherapy For Corneal Lesions
6294,Cryotherapy For Skin Lesions
6295,Cryotherapy Of The Cervix
6299,Crows Feet
6300,Crush Injuries Of The Leg
6302,Crushing Injury Of External Genitalia
6305,Cryopreservation Of Embryos
6306,Cryopreservation Of Sperm
6309,Critically Ill Infants
6311,Cross Face Nerve Graft
6313,Croupy Cough
6320,Cricopharyngeal Bar
6321,Cricopharyngeal Constricture
6323,Craniofacial Surgery
6324,Craniofacial Syndromes
6325,Craniofacial Tumors
6330,Craniosynostosis Surgery
6331,Cranial Puncture
6332,Cranial Vault Malformations
6335,Craniocervical Junction Surgery
6336,Craniofacial Anomalies
6338,Craniofacial Neuralgias
6341,Crackling Sound In Ears
6347,Cranial Nerve Repair
6348,Cosmetic Dermatology
6349,Cosmetic Eyelid Surgery
6350,Cosmetic Facial Surgery
6351,Cosmetic Jaw Surgery
6355,Counseling Regarding Allergic Disorders
6356,Corpus Callosotomy
6357,Correction Of Bunion
6358,Correction Of Pectus Deformity
6359,Cortical Mapping
6360,Cortical Visual Impairment
6363,Cosmetic Botox
6367,Coronary Artery Calcification
6370,Coronary Artery Stent Placement
6371,Coronary Disease Risk Reduction
6373,Corneal Pigmentations
6376,Corneal Transplant Complications
6377,Corneal Transplant Rejection
6380,Coronal Brow Lift
6382,Corneal Infectious Diseases
6383,Corneal Membrane Change
6385,Corneal Neuropathic Pain
6386,Corneal Neurotization
6389,Corneal Deposit
6395,Corneal Ghost Vessels
6399,Corneal And Conjunctival Tumors
6400,Corneal Biopsy
6406,Core Muscle Injury
6407,Core Muscle Surgery
6410,Cornea Glue
6412,Cornea Scraping
6413,Convergent Procedure
6416,Coolsculpting
6424,Contrast Induced Nephropathy
6425,Contusion Abdominal Wall
6426,Contusion Of Breast
6427,Contusion Of Chest Wall
6430,Contact Lens Infections
6431,Contact Lens Related Problems
6435,Continuous Leakage Of Urine
6437,Continuous Renal Replacement Therapy Crrt
6439,Constant Nausea
6441,Constriction Ring Syndrome
6442,Contact And Allergic Dermatitis Of The Eyelid
6443,Contact Blepharoconjunctivitis
6445,Contact Lens Induced Corneal Edema
6449,Connective Tissue Disease Associated Interstitial Lung Disease
6451,Connective Tissue Lung Disease
6453,Conservative Management Of Chronic Kidney Disease Ckd
6456,Conjunctival Edema
6460,Conjunctival Pigmentation
6461,Conjunctival Scar
6464,Congenital Vitreous Anomalies
6465,Congenitally Corrected Transposition Of The Great Arteries
6468,Conjunctival Burn
6469,Conjunctival Concretion
6471,Congenital Stenosis Of The Mitral Valve
6472,Congenital Stenosis Of The Pulmonary Valve
6473,Congenital Subaortic Stenosis
6475,Congenital Tricuspid Stenosis
6476,Congenital Urachal Abnormalities Ua
6477,Congenital Ureterocele
6478,Congenital Uterine Anomalies
6480,Congenital Paralysis
6482,Congenital Pulmonary Airway Malformation
6484,Congenital Renal Disease
6486,Congenital Stenosis Of The Aortic Valve
6487,Congenital Malrotation Of Intestine
6488,Congenital Mitral Valve Disease
6489,Congenital Mitral Valve Regurgitation
6494,Congenital Nevi
6497,Congenital Insufficiency Of The Aortic Valve
6498,Congenital Lesions Of The Nervous System
6499,Congenital Limb Defects
6501,Congenital Malformation Of Genital Organs
6502,Congenital Malformation Of The Spine
6503,Congenital Hepatitis C
6504,Congenital Herpes
6505,Congenital High Airway Obstruction Syndrome
6507,Congenital Hydrocele
6511,Congenital Fetal Anomalies
6513,Congenital Graves Disease
6518,Congenital Hepatitis B
6519,Congenital Diaphragmatic Hernia Cdh Repair
6520,Congenital Discrepancy In Limb Length
6521,Congenital Dysplasia Of Hip
6522,Congenital Ear Deformity
6524,Congenital Esophageal Fistula
6526,Congenital Cystic Kidney
6527,Congenital Cystic Liver
6530,Congenital Deformity Of Ankle
6531,Congenital Deformity Of Foot
6532,Congenital Deformity Of Nervous System
6533,Congenital Dermal Melanocytosis
6534,Congenital Diaphragmatic Hernia Cdh
6535,Congenital Cerebral Hemorrhage
6536,Congenital Cerebral Hernia
6537,Congenital Cerebral Hypoplasia
6538,Congenital Chordee
6539,Congenital Chorioretinal Degeneration
6540,Congenital Cranial Nerve 7 Palsy
6541,Congenital Cyanotic Heart Disease
6543,Congenital Anophthalmos
6545,Congenital Ataxia
6546,Congenital Atresia Of The Pulmonary Valve
6547,Congenital Brain Malformations
6548,Congenital Bronchiectasis
6551,Congenital Cerebral Hemiatrophy
6552,Congenital Anomalies Of The Face
6553,Congenital Anomalies Of The Kidney And Urinary Tract
6554,Congenital Anomalies Of The Lungs
6555,Congenital Anomalies Of The Pancreas
6556,Congenital Anomalies Of The Renal Vessel
6557,Congenital Anomalies Of The Respiratory Tract
6558,Congenital Anomalies Of The Trachea
6559,Congenital Anomalies Of The Urinary Tract System
6562,Congenital Anomalies Of The Abdominal Wall
6563,Congenital Anomalies Of The Aortic Arch
6564,Congenital Anomalies Of The Central Nervous System
6565,Congenital Anomalies Of The Coronary Artery
6566,Congenital Anomalies Of The Diaphragm
6567,Congenital Anomalies Of The Esophagus
6568,Congenital Anomalies Of The Eyelid
6569,Concussive Seizure
6570,Conditioned Play Audiometry Cpa
6577,Compulsive And Addictive Behaviors
6578,Compulsive Overeater
6579,Computer Assisted Hip Surgery
6580,Computer Assisted Knee Replacement
6582,Computer Vision Syndrome
6584,Concussion Testing
6585,Complications Of Episiotomy
6586,Complications Of Internal Fixation Device
6587,Complications Of Lasik
6588,Components Separation
6591,Compromised Skin Grafts
6592,Compromised Tissue Flaps
6593,Complex Pelvic Surgery
6594,Complex Sleep Apnea
6595,Complex Spine Deformities
6596,Complex Spine Surgery
6597,Complex Thoracoabdominal Aortic Disease
6598,Complex Wound Management
6599,Complications From Abortion
6600,Complications Of Circumcision
6603,Complete Conjunctival Flap
6604,Complete Uterovaginal Prolapse
6605,Complex 1 Deficiency
6606,Complex Arrhythmia
6607,Complex Cataract Surgery
6608,Complex Hernia Repair
6609,Common Aortopulmonary Trunk
6610,Common Carotid Artery Embolization
6611,Common Carotid Artery Stenting
6613,Common Femoral Thromboendarterectomy
6614,Common Peroneal Nerve Lesions
6620,Combined Transplant Heart-Lung
6621,Combined Transplant Kidney-Liver
6622,Combined Transplant Kidney-Liver-Pancreas
6623,Combined Transplant Kidney-Pancreas
6624,Commercial Drivers License Physical Cdl Physicals
6626,Colorectal Disorders
6627,Colorectal Malignancy
6628,Colorectal Screening
6636,Colonic Manometry
6642,Collateral Vessel Closure
6647,Colon Cancer Chemotherapy
6648,Colon Cancer Genomics
6649,Colon Cancer Surgery
6650,Cold Sensitivity Hands
6655,Collagen Injection
6659,Cochlear Nerve Damage
6661,Cognitive Health
6666,Cold Knife Cone Biopsy Of Cervix
6667,Coblation For Tonsillectomy
6668,Coblation Of Inferior Turbinate Hypertrophy
6673,Cochlear Implant Hearing Aid Assessment
6674,Cochlear Implant Hearing Aid Surgery
6679,Co Therapy
6681,Coarse Facial Features
6684,Closed Reduction And Manipulation
6686,Closure Of Diaphragmatic Fistula
6687,Closure Of Enterostomy
6688,Closure Of The The Greater Saphenous Vein
6695,Clipping Of Brain Aneurysm
6697,Clivus Chondroma
6698,Cloaca Surgery
6701,Cleft Foot
6707,Clicking Elbow
6715,Clear Cell Myomelanocytic Tumour
6719,Circulatory Assist Devices
6721,Circumcision Revision
6722,Circumferential Body Lift
6723,Circumferential Liposuction Of Calves And Ankles
6724,Chronic Tendinosis Of The Foot
6725,Chronic Thromboembolic Pulmonary Hypertension
6727,Chronic Total Occlusion
6729,Chylous Mass
6731,Ciliary Body Degeneration
6734,Chronic Post Traumatic Headache
6735,Chronic Pulmonary Embolus
6739,Chronic Tendinosis Of The Ankle
6740,Chronic Malaise And Fatigue
6741,Chronic Migraines
6742,Chronic Muscle Injury
6748,Chronic Pain Therapy
6749,Chronic Lateral Ankle Pain
6751,Chronic Liver Inflammation
6753,Chronic Lung Diseases Of Infancy
6758,Chronic Fatigue Syndrome Cfs
6759,Chronic Granulomatous Disorder
6760,Chronic Infantile Neurologic Cutaneous And Articular Syndrome
6762,Chronic Inotropic Therapy
6763,Chronic Kidney Disease Ckd
6764,Chronic Kidney Disease Ckd After Renal Transplant
6770,Chronic Disease Management
6777,Chromosome Mosaicism
6780,Chronic Beryllium Disease
6789,Chromosomal Microarray Analysis
6791,Chondrolaryngoplasty
6802,Cholesterol Disorders
6804,Cholesterol Management
6809,Cholecystenterostomy
6815,Chimeric Antigen Receptor T Cell Therapy
6816,Chimney Endovascular Aortic Aneurysm Repair
6818,Chlamydia Female Only
6822,Chest Wall Lump
6825,Chest Wall Tumors
6826,Chiari Decompression
6828,Childhood Epilepsy
6833,Chest Pain On Breathing
6834,Chest Reconstruction Surgery
6836,Chest Wall Abscess
6839,Chemical Skin Peel
6840,Chemistry Blood Panel
6842,Chemodenervation Eccrine Glands
6844,Chemotherapy Induced Neuropathy
6845,Chemotherapy Iv Infusion
6847,Change Of Gastrotomy Tube
6848,Charcot Foot
6851,Cheek Bone Fractures
6852,Cheek Implant
6853,Cheek Problems
6854,Cervical Spine Revision
6855,Cervical Spine Steroid Injection
6857,Cervical Spine Tumor
6858,Cervical Teratoma
6865,Cervical Rib Resection
6870,Cervical Spine Mass
6874,Cervical Laminotomy
6875,Cervical Length Assessment
6876,Cervical Lymph Node Biopsy
6881,Cervical Disc Displacement
6883,Cervical Factor Infertility
6884,Cervical Funneling
6885,Cervical Herniated Disc
6887,Cervical Bone Spur
6889,Cervical Cap Fitting
6891,Cervical Compression Fracture
6894,Cervical Decompression
6895,Cervical Deformity
6896,Cerebrospinal Fluid Leak Repair
6897,Cerebrovascular Accident Cva
6898,Cerebrovascular Bypass Surgery
6902,Cervical And Endometrial Cancers
6907,Cerebrospinal Fluid Abnormalities
6909,Cerebrospinal Fluid Leak From Ear
6910,Cerebrospinal Fluid Leak From Nose
6911,Cerebrospinal Fluid Leak Headache
6914,Cerebral Heterotopia
6915,Cerebral Laceration
6916,Cerebral Lipidosis
6920,Cerebral Arteritis
6921,Cerebral Artery Bypass Surgery
6925,Cerebral Decompression
6926,Cerebral Degeneration In Childhood
6932,Cerebral Angiogram With Aneurysm Embolization
6933,Cerebral Angiogram With Coiling
6934,Cerebral Angiogram With Stenting
6935,Cerebral Angiogram With Tumor Embolization
6936,Cerebral Anomalies
6938,Central Venous Stenosis
6939,Centralization Wrist
6941,Cerebellar Anomalies
6944,Cerebellar Heterotopia
6948,Central Nervous System Abscess
6950,Central Nervous System Malignancy
6955,Cellulitis Of Left Lower Limb
6956,Cellulitis Of Right Lower Limb
6957,Cellulitis Of The Buttock
6958,Cellulitis Of The Leg
6959,Cellulitis Of The Neck
6961,Cellulitis Of Trunk
6962,Central Airway Obstruction
6963,Cellulitis Of Arm
6964,Cellulitis Of Back
6965,Cellulitis Of Chest
6966,Cellulitis Of Face
6967,Cellulitis Of Finger
6969,Cellulitis Of Genitals
6971,Celiac Artery Bypass
6973,Celiac Diarrhea
6975,Celiac Plexus Nerve Block
6982,Cdkn2a Gene
6984,Cecostomy Tube C-Tube Complications
6985,Cecostomy Tube C-Tube Maintenance
6986,Cecostomy Tube C-Tube Placement
6987,Cataract Screening
6989,Catheter Related Urinary Tract Infection
6992,Causalgia Of Lower Limb
6993,Causalgia Of Upper Limb
6995,Cartilage Transplant
6996,Cartiva Procedure
7001,Cataract Fragments In Eye Postoperative
7002,Cataract Removal
7006,Carpal Sequestrectomy
7007,Carpal Tunnel Syndrome Cts
7008,Carpal Tunnel Syndrome Surgery
7009,Cartilage Damage Of Hip
7010,Cartilage Hair Hypoplasia Chh
7016,Carotid Artery Angioplasty
7019,Carotid Doppler
7024,Cardiovascular Care
7025,Cardiovascular Critical Care
7027,Cardiovascular Disease Related To Chemotherapy
7028,Cardio Oncology
7033,Cardiomems
7035,Cardiopulmonary Bypass Surgery
7036,Cardiac Pet Scan
7039,Cardiac Risk Assessment
7044,Cardiac Devices
7047,Cardiac Genetics
7048,Cardiac Implantable Device Replacement
7050,Cardiac Mapping
7051,Cardiac Mri
7052,Cardiac Amyloid
7055,Cardiac Channelopathies
7057,Cardiac Device Implant
7058,Cardiac Device Infection
7059,Cardiac Device Malfunction
7062,Carcinoid Tumor Of Pancreas
7063,Carcinoma In Situ Of Breast
7064,Carcinoma In Situ Of Prostate
7066,CarcinomaOfTheJaw
7068,Capacity Assessment
7071,Carbidopa Levodopa Intestinal Gel Therapy
7072,Carbidopa Levodopa Oral Therapy
7076,Carcinoid Of Stomach
7078,Cancer Syndromes
7084,Cancer Related Depression
7085,Cancer Related Fatigue
7086,Cancer Related Sexual Concerns
7087,Cancer Related Stress Disorder
7089,Cancer Risk Reduction Surgery
7092,Cancer Genomics
7094,Cancer Of The Joints
7098,Cancer Related Anxiety Disorder
7099,Cancer Related Bereavement Disorder
7100,Calvarial Reconstruction
7101,Camp Physicals
7105,Cancer During Pregnancy
7107,Calcium Oxalate Stones
7109,Calculus Of Urinary Tract
7110,Calf Muscle Injury
7114,Caloric Reflex Testing
7115,Ca 125 Elevation
7116,Cadaveric Transplant
7117,Cafe Au Lait Eye Screening
7123,Bursitis Of The Foot
7124,Bursitis Of The Hand
7125,Bursitis Of The Hip
7126,Bursitis Of The Knee
7127,Bursitis Of The Wrist
7128,Bursitis Subcutaneous Tendo Achilles
7130,Butterfly Vertebrae
7131,Burn Reconstruction
7136,Bursitis Of The Ankle
7137,Bursitis Of The Arm
7138,Bursitis Of The Elbow
7139,Bullous Disease
7145,Buried Penis
7150,Buccal Space Mass
7151,Bucket Handle Meniscus Tear
7152,Buckle Fracture
7153,Bulging Disc
7156,Bronchus Deformity
7157,Brow Droop
7171,Breath Testing
7172,Breathholding Spells
7173,Breathing Related Sleep Disorders
7176,Broken Internal Joint Prosthesis
7177,Bronchial Fistula Repair
7182,Breast Reinnervation
7183,Breast Revision
7185,Breast Thickening
7186,Breastfeeding Problems
7190,Breast Fine Needle Aspiration
7192,Breast Implant Deformity Correction
7193,Breast Implant Leak
7197,Breast Cancer Surgery
7198,Breast Cancer Therapy
7199,Breast Conservation
7203,Breast Cancer During Pregnancy
7204,Breast Cancer Follow Up
7205,Breast Cancer Genetic Testing
7207,Breast Cancer Immunotherapy
7208,Breast Cancer In Young Women
7209,Breast Cancer Prevention And Risk Reduction
7210,Breast And Chest Wall Disorders
7211,Breast Asymmetry
7212,Breast Asymmetry Correction
7217,Breast Cancer Chemotherapy
7218,Brain Surgery Rehabilitation
7219,Brain Tumor Bleeding
7220,Brainstem Auditory Evoked Response Baer Test
7221,Branched Endovascular Aortic Aneurysm Repair
7224,Bravo Ph Test
7225,Brca
7227,Brain Function Mapping
7229,Brain Injury Rehabilitation
7239,Bracing
7241,Brain And Spine Tumors
7242,Brain Cancer Genomics
7244,Bph Surgery
7245,Brachial Artery Aneurysm
7246,Brachial Nerve Tumors
7247,Brachial Plexus And Peripheral Nerve Injury
7248,Brachial Plexus Birth Palsy
7249,Brachial Plexus Exploration And Repair
7251,Botox Injection Of The Urinary Sphincter
7252,Botox Toxin For Spasmodic Dysphonia
7253,Bottom Surgery
7257,Bow Leg Deformity
7258,Bowel Dysmotility
7259,Bone Surgery
7260,Bone Transport
7262,Botox For Hemifacial Spasm
7263,Botox For Migraines
7264,Botox For Spasticity
7265,Botox Injection
7266,Botox Injection Of The Bladder
7267,Bone Marrow Disorders
7271,Bone Morphogenetic Protein Bmp
7272,Bone Reset
7277,Bone Graft Using Stem Cells
7279,Bone Grafts Using Growth Factors
7283,Bone Anchored Hearing Aid Assessment
7284,Bone Anchored Hearing Aid Surgery
7285,Bone Anchored Hearing Aids Baha
7288,Bone Cancer Surgery
7290,Bone Cyst Aspiration And Injection
7291,Body Composition Test
7294,Body Image Issues
7295,Body Lift
7299,Blue Light Cystoscopy With Cysview
7300,Blue Light Laser
7304,Bmpr1a Gene
7305,Body Aches
7306,Body Awareness Disorder
7310,Blood Pressure Screening
7312,Bloodless Breast Surgery
7313,Bloodless Cardiac Surgery
7314,Blounts Disease
7317,Blood And Bone Marrow Transplant
7319,Blood Cancer Chemotherapy
7327,Blind In One Eye
7329,Blistering Disorder
7331,Blastocyst Stage Extended Culture
7332,Blastomere Biopsy
7335,Bleeding During Intercourse
7336,Bleeding During Pregnancy
7343,Bladder Trauma
7344,Bladder Uterine Fistula
7345,Bladder Uterine Fistula Repair
7350,Bladder Hemorrhage
7354,Bladder Sphincter Dyssynergia
7355,Bladder Sphincterotomy
7360,Bladder Cancer Genomics
7363,Bladder Diverticulectomy
7365,Birth Control Counseling
7367,Bite Abnormalities
7368,Bk Virus Nephropathy
7372,Biopsy Of Penis
7373,Biopsy Of Periurethral Tissue
7374,Biopsy Of Rectum
7375,Biopsy Of Scrotum Or Tunica Vaginalis
7376,Biopsy Of Skull
7377,Biopsy Of Urethra
7378,Biopterin Disorders
7380,Biopsy Of Eye
7381,Biopsy Of Eye Muscle
7382,Biopsy Of Eyelid
7383,Biopsy Of Lip
7385,Biopsy Of Mass
7386,Biopsy Of Nail
7387,Biological Targeted Therapy
7388,Biophysical Profile Testing
7389,Biopsy Chest Wall
7390,Biopsy Diaphragm
7391,Biopsy Lacrimal Gland
7392,Biopsy Of Brain
7393,Biopsy Of External Ear
7396,Bioidentical Hormone Replacement Therapy
7397,Biologic Therapy For Asthma
7398,Biologic Therapy For Gastrointestinal Diseases
7399,Biologic Therapy For Rheumatologic Diseases
7400,Biologic Therapy For Skin Diseases
7401,Biological Enhancement Of Spine Fusions
7404,Biliary Leak
7407,Biliary Trauma
7408,Binder Syndrome
7409,Bilateral Knee Pain
7410,Bilateral Osteoarthritis Of The Hip
7411,Bile Disorders
7412,Bile Duct Biopsy
7413,Bile Duct Mass
7416,Bicep Pain
7417,Bicep Tear
7418,Biceps Tendonitis
7421,Bifid Kidney
7422,Bifocal Lens
7423,Bilateral Foot Arthritis
7429,Bethlem Myopathy
7431,Bicep Injury
7432,Benign Neoplasm Of Skin
7433,Benign Neoplasm Of The Bladder
7434,Benign Neoplasm Of The Lip
7435,Benign Neoplasm Of The Penis
7436,Benign Neoplasm Of The Prostate
7438,Benign Paroxysmal Torticollis Of Infancy
7440,Benign Focal Amyotrophy
7442,Benign Neonatal Seizures
7443,Benign Neoplasm Bone
7445,Benign Neoplasm Of Colon
7446,Benign Neoplasm Of Conjunctiva
7447,Benign Neoplasm Of Cornea
7449,Behavioral Issues In Dementia
7450,Behavioral Observation Audiometry Boa
7454,Benign Carcinoid Tumor Of Rectum
7455,Benign Carcinoid Tumor Of Small Bowel
7456,Becker Melanosis
7462,Behavior Concern
7463,Behavior Disorders In Children
7465,Basal Antral Follicle Count Afc Test
7467,Basal Joint Arthritis
7468,Basal Joint Arthritis Surgery
7469,Base Of Fifth Metatarsal Fracture
7470,Base Of Skull Surgery
7472,Bariatric Revision
7474,Bariatric Surgery Counseling
7479,Bartonellosis Diseases
7481,Balloon Eustachian Tuboplasty
7482,Balloon Mitral Valvuloplasty
7483,Balloon Sinuplasty
7484,Bap1 Gene
7485,Bard1 Gene
7487,Bariatric Endoscopy
7489,Balance Rehabilitation
7490,Balance Testing
7493,Balloon Angioplasty Maturation
7494,Balloon Aortic Valvuloplasty
7495,Balloon Breast Brachytherapy
7496,Back Spasm
7498,Baclofen Therapy
7499,Bacteria In Urine
7501,Bacterial Encephalitis
7505,B12 Shots
7506,Babesiosis Infection
7508,Back Lift
7509,Back Muscle Injury
7510,Back Muscle Pain
7512,Axillary Cyst
7516,Axillary Neuropathy
7517,Axin2 Gene
7520,Avascular Necrosis Of The Lunate
7521,Avascular Necrosis Of The Wrist
7523,Avm Embolization
7524,Awake Brain Surgery
7525,Awake Brain Tumor Surgery
7526,Awake Craniotomy
7528,Avascular Necrosis Of The Ankle
7529,Avascular Necrosis Of The Arm
7530,Avascular Necrosis Of The Elbow
7531,Avascular Necrosis Of The Fingers
7532,Avascular Necrosis Of The Foot
7533,Avascular Necrosis Of The Hand
7534,Avascular Necrosis Of The Knee
7535,Autologous Breast Tissue Reconstruction
7536,Autologous Chondrocyte Implantation
7537,Autologous Stem Cell Transplant
7540,Avascular Necrosis Of Hip
7541,Avascular Necrosis Of Navicular
7542,Avascular Necrosis Of Scaphoid
7544,Autoimmune Inner Ear Disease
7545,Autoimmune Lymphoproliferative Syndrome Alps
7546,Autoimmune Neutropenia Ain
7547,Autoimmune Pericarditis
7548,Autoimmune Pleuritis
7549,Autoimmune Retinopathy
7550,Autoinflammatory Diseases
7553,Autism Testing
7554,Autoimmune Aa Amyloidosis
7558,Autoimmune Epilepsy Ae
7560,Auditory Brainstem Response Abr Test
7562,Auditory Processing Disorder Apd
7563,Auditory Steady State Response Assr Testing
7564,Augmentation Mastopexy
7565,Augmentative Alternative Communication
7568,Auricular Neuralgia
7570,Atypical Mole
7571,Atypical Mycobacteria Infection
7573,Atypical Squamous Cells Of Undetermined Significance On Pap Smear
7574,Atypical Teratoid Rhabdoid Tumor Atrt
7578,Atrophy Of Testis
7580,Attention Deficit Hyperactivity Disorder Adhd Testing
7581,Atypia Of Undetermined Significance
7583,Atypical Glandular Cells Of Undetermined Significance
7587,Atrioventricular Canal Defects
7591,Atrophic Gastritis Without Mention Of Hemorrhage
7594,Atrial Fibrillation Ablation
7595,Atrial Fibrillation Cryoablation
7596,Atrial Fibrillation Radiofrequency Ablation
7598,Atrial Myxoma Resection
7599,Atrial Septal Defect Asd
7600,Atrial Septal Defect Asd Repair
7601,Atherosclerosis Of Renal Artery
7602,Atherosclerosis Of The Aorta
7603,Atherosclerosis Of The Extremities
7605,Athletic Pubalgia
7606,Atm Mutation
7608,Atonic Urinary Bladder
7614,Atheroembolism Of Lower Extremities
7615,Atheroembolism Of Upper Extremities
7617,Asthma Flares
7620,Astigmatism Lenses
7621,Astrocytic Cancer
7622,Astrocytoma Tumors
7624,Asymmetrical Crying Facies
7627,Aspirin Challenge
7628,Aspirin Exacerbated Respiratory Disease
7629,Assisted Hatching
7630,Assistive Reproductive Technology
7633,Ascending Aorta Dilation
7634,Ascending Aortic Replacement
7637,Askins Tumor
7639,Aspergillosis Infection
7641,Articular Cartilage Microfracture
7643,Artificial Disc Replacement Surgery In The Cervical Spine
7644,Artificial Disc Replacement Surgery In The Lumbar Spine
7648,Arytenoid Dislocation
7649,Asbestos Lung
7650,Arthroscopy Of Elbow
7651,Arthroscopy Of Foot
7652,Arthroscopy Of Forearm
7656,Arthroscopy Of Temporomandibular Joint
7657,Arthroscopy Of Wrist
7658,Arthrodesis Of The Wrist
7659,Arthrofibrosis Of The Knee
7663,Arthroplasty Wrist
7665,Arthroscopy Of Ankle
7666,Arteriovenous Graft Occlusion
7667,Arteriovenous Malformation Avm
7670,Arthritis Associated With Inflammatory Bowel Disease
7672,Arthritis Of Multiple Joints
7673,Arthrodesis Of The Knee
7674,Arterial Malformation Brain
7675,Arterial Reconstruction Of The Lower Extremities
7676,Arterial Reconstruction Of The Upper Extremities
7678,Arteriovenous Bypass
7682,Arrhythmias In Adults With Congenital Heart Diseases
7686,Arterial Biopsy
7687,Arterial Blood Gas Abg Panel
7692,Arnold Chiari Malformation Type 1
7693,Arnold Chiari Malformation Type 2
7694,Arnold Chiari Malformation Type 3
7695,Arnold Chiari Malformation Type 4
7698,Arrhythmias During Pregnancy
7701,Arm Lift
7702,Arm Mass
7705,Arm Steroid Injection
7706,Arm Strain
7711,Arcuate Uterus
7712,Areola Sparing Mastectomy
7713,Arm Arthritis
7716,Appendiceal Carcinoid
7720,Appendicostomy Complications
7722,Aphakic Bullous Keratopathy
7724,Aphasia Evaluation
7729,Apparent Mineralocorticoid Excess
7733,Aortofemoral Shunt
7734,Aortoiliac Dissection
7735,Aortoiliac Obstruction
7739,Aortic Occlusive Disease
7741,Aortic Root Replacement
7743,Aortic Ulcer
7745,Aortic Valve Mass
7746,Aortic Valve Mass Resection
7750,Aortic Arch Repair
7751,Aortic Arteritis
7752,Aortic Bifurcation Syndrome
7755,Aortic Ectasia Thoracoabdominal
7757,Antibody Deficiency
7758,Antinuclear Antibody Ana Blood Test
7761,Antroduodenal Manometry
7766,Anterior Tibialis Tendon Tear
7767,Anterior Uveitis In Juvenile Idiopathic Arthritis
7768,Anterior Vertebral Body Tethering
7769,Anterolateral Thigh Flap
7772,Anti Mullerian Hormone Amh Testing
7773,Anterior Hip Replacement
7774,Anterior Lumbar Interbody Fusion
7776,Anterior Nasal Drip
7777,Anterior Segment Dysgenesis
7778,Anterior Segment Eye Malformations
7779,Anterior Segment Surgery
7780,Anterior Stromal Puncture
7783,Antepartum And Postpartum Care
7784,Anterior Basement Membrane Dystrophy
7786,Anterior Cruciate Ligament Repair
7787,Anterior Cruciate Ligament Repair Revision
7788,Anterior Dislocation Of Lens
7797,Anomalous Pulmonary Artery
7801,Anorectal Abnormalities
7802,Anorectal Cancer
7805,Annular Ligament Displacement
7807,Anomalies Of Pulmonary Circulation
7808,Anomalies Of The Aorta
7809,Anomalies Of The Coronary Artery
7810,Anomalies Of The Diaphragm
7811,Anomalous Atrioventricular Excitation
7812,Anomalous Coronary Artery Aca
7813,Ankle Tendon Tear
7816,Ankylosis Of Forearm Joint
7817,Ankylosis Of Hand Joint
7818,Ankylosis Of Lower Leg Joint
7819,Ankylosis Of Shoulder Joint
7820,Ankylosis Of Upper Arm Joint
7823,Ankle Joint Preservation
7824,Ankle Joint Replacement
7829,Ankle Tendon Injury
7837,Ankle Impingement
7841,Angular Blepharoconjunctivitis
7849,Angiodysplasia Of Intestine Without Mention Of Hemorrhage
7852,Angiography Of The Brain
7855,Aneurysm Of Descending Aorta
7856,Aneurysm Of Leg Artery
7857,Aneurysm Of Renal Artery
7858,Aneurysm Of Splenic Artery
7859,Aneurysm Of Subclavian Artery
7860,Aneurysm Of Upper Extremity Artery
7861,Aneurysm Of Visceral Artery
7862,Aneurysm Repair Surgery
7867,Anesthetic Agent Testing
7869,Aneurysm Of Artery Of Neck
7875,Anastomosis Of Bile Duct
7876,Anca Associated Vasculitis
7879,Androgen Insensitivity
7882,AnalSquamousCellCarcinoma
7885,Anaplastic Cancer Of Thyroid
7892,Anal Sphincter Dyssynergia
7898,Anal Fissure Fistulectomy
7900,Anal Fistula Repair
7901,Anal Incontinence Surgery
7905,Anaerobic Meningitis
7907,Anal Anomalies
7911,Anal Dilation
7912,Amputation Of The Foot Surgery
7913,Amputation Of The Leg Surgery
7914,Amputation Of The Penis Surgery
7915,Amputation Of The Thumb Surgery
7916,Amputation Of The Toe Surgery
7917,Amputation Of The Upper Limb Surgery
7918,Amputation Rehabilitation
7919,Amyloid Nephropathy
7923,Amplification For Hearing Loss
7924,Amplified Musculoskeletal Pain Syndrome Amps
7925,Ampullary Mass
7926,Amputation Below The Knee Surgery
7927,Amputation Of The Finger Surgery
7928,Alzheimers Testing
7932,Ambulatory Eeg
7933,Ambulatory Services
7934,Amebiasis Infection
7936,American Sign Language Asl
7938,Alveolar Bone Reconstruction
7939,Alveolar Cleft Defect
7942,Always Tired
7944,Alzheimers Disease Counseling
7949,Altered Bowel Habits
7951,Alternate Complement Pathway Disorders Affecting The Kidney
7952,Alternating Hyperphoria
7955,Allergic Wheezing
7959,Allogeneic Bone Marrow Transplant
7960,Allogeneic Stem Cell Transplant
7963,Allergic Esophagitis
7965,Allergic Gastroenteritis
7969,Allergic Rhinitis To Pollen
7971,Alk Positive Anaplastic Large Cell Lymphoma
7972,Alk Translocation
7974,Allergic Aspergillosis
7978,Alcohol Dependence Medical Management
7980,Alcohol Detox
7981,Alcohol Septal Ablation
7987,Airway Disorders
7989,Airway Scarring
7990,Al Amyloidosis With Kidney Involvement
7992,Alaryngeal Communication
7994,Alcohol And Drug Abuse
7995,Agenesis Of The Corpus Callosum
8000,Aids Related Malignancies
8003,Adverse Effects To Anticoagulants
8004,Aerodigestive Care
8005,Aerodigestive Obstructive Tumor
8006,Aesthetic Surgery
8008,Agenesis Of Brain
8009,Agenesis Of Eye
8010,Advance Directives Discussion
8011,Advanced Cardiac Stress Test
8012,Advanced Heart Failure Adhf
8013,Advanced Lipid Blood Tests
8014,Advanced Maternal Age
8015,Advanced Prostate Cancer
8016,Advanced Reproductive Age
8017,Adventitial Cystic Disease
8019,Adrenoleukodystrophy Ald
8020,Adult Child Of Alcoholic Codependency
8021,Adult Congenital Heart Disease
8022,Adult Stem Cell Collection For Transplant
8024,Adult T Cell Lymphoma
8029,Adrenal Lesions
8032,Adrenal Nodules
8034,Adolescent And Young Adult Cancer Aya
8035,Adolescent Disc Herniation
8036,Adolescent Gynecology
8038,Adolescent Scoliosis
8039,Adoption Counseling
8041,Adrenal Atrophy
8042,Adhesive Capsulitis Of The Elbow
8043,Adhesive Capsulitis Of The Hip
8044,Adhesive Capsulitis Of The Shoulder
8046,Adjustment Of Lid Position
8047,Adlerian Psychotherapy
8048,Administrative Physicals
8051,Adenocarcinoma Of The Head And Neck
8056,Adenosine Stress Test
8058,Adaptive Sports Evaluation
8059,Addiction Disorders
8060,Addiction Recovery
8062,Adductor Lengthening
8063,Adductor Muscle Injury
8064,Adenocarcinoma In Situ Of The Cervix
8067,Acute Myelogenous Leukemia Aml
8074,Adaptive And Mobility Equipment Evaluation
8076,Acute Inflammation Of Orbit
8081,Acute Lymphoblastic Leukemia All
8082,Acute Military Anxiety
8086,Acute Bronchiolitis Due To Other Infectious Organisms
8088,Acute Decompensated Heart Failure
8089,Acute Demyelinating Encephalomyelitis
8093,Actinic Keratosis Ak
8096,Active Surveillance Of Prostate Cancer
8100,Acquired Sideroblastic Anemia
8101,Acquired Urachal Abnormalities Ua
8105,Acromioclavicular Fracture
8106,Acromioclavicular Joint Repair
8107,Acromioclavicular Joint Separation
8108,Acquired Absence Of Breast
8109,Acquired Arteriovenous Aneurysm
8110,Acquired Cystic Kidney Disease
8111,Acquired Deformity Of Reconstructed Breast
8112,Acquired Elliptocytosis
8113,Acquired Factor Inhibitor
8114,Acquired Immunodeficiency Syndrome Aids
8115,Acquired Lipodystrophy
8119,Acoustic Immittance Testing
8120,Acoustic Nerve Injury
8123,Acoustic Neuroma Removal
8125,Achilles Tendonosis
8129,Achy Joints
8130,Acinic Cell Cancer
8132,Accommodating Lens Implant
8133,Accommodation Spasm
8134,Accommodative Dysfunction
8135,Acetabular Surgery
8137,Achilles Tendon Disorders
8140,Achilles Tendon Tear
8141,Absent Vertebrae
8142,Absolute Uterine Factor Infertility
8145,Acceptance And Commitment Therapy
8149,Abnormalities Of The Uterus
8150,Abnormalities Of The Vocal Cords
8152,Abortion Information
8153,Abortion Recovery Counseling
8156,Absence Of Eye
8157,Abnormalities Of The Feet
8158,Abnormalities Of The Hands
8159,Abnormalities Of The Hips
8160,Abnormalities Of The Legs
8161,Abnormalities Of The Renal Tract
8162,Abnormalities Of The Skin
8163,Abnormalities Of The Tarsal Bones
8166,Abnormal Vertebrae
8167,Abnormal Vestibular Function Test
8168,Abnormal Weight Loss
8169,Abnormalities Of The Arms
8170,Abnormalities Of The Cloaca
8171,Abnormalities Of The Eyes
8174,Abnormal Pupil Function
8175,Abnormal Red Reflex
8179,Abnormal Umbilical Artery Doppler
8180,Abnormal Electrocardiogram Ekg
8181,Abnormal Genetic Test Results
8183,Abnormal Glucose Metabolism
8185,Abnormal Liver Function Blood Test
8187,Abnormal Nuchal Translucency
8188,Abnormal Obstetrical Screening
8189,Abnormal Breast
8191,Abnormal Chest Ct Scan
8192,Abnormal Chromosomal Screening
8193,Abnormal Coronary Angiography
8194,Abnormal Cortisol Level
8195,Abnormal Creatinine Blood Test
8197,Abducens Nerve Palsy And Paresis
8198,Ablation Arrhythmogenic Focus
8199,Ablation Av Node
8200,Ablation For Supraventricular Tachycardia
8201,Ablation For Ventricular Tachycardia
8202,Ablative Laser Resurfacing
8203,Abnormal Amylase Blood Test
8204,Abnormal Bicarbonate Level
8205,Abnormal Bowel Movement
8215,Abdominal Dermoid Cyst
8221,Abdominal Scars
8222,Abdominal Surgery
8224,Abdominal Aneurysm Repair
8225,Abdominal Aorta Aneurysm Repair
8227,Abdominal Aortic Ectasia
8230,Abdominal Chemotherapy
8231,22Q Deletion
8232,2 Stage Revision Of Hip Replacement
8233,2 Stage Revision Of Knee Replacement
8234,2Stage Revision Of Hip Replacement
8235,2Stage Revision Of Knee Replacement
8236,3D Conformal Radiation Therapy
8237,Aa Amyloidosis With Kidney Involvement
8239,intraventricular endoscopy
8241,bursitis of the shoulder
8242,anti inflammatory medications
8245,scheduled voiding
8247,multiple sclerosis (ms) infusion treatment
8248,multiple sclerosis (ms) counseling
8249,substance medication induced neurocognitive disorder
8251,neurocognitive disorder with lewy bodies
8252,neurocognitive disorder due to prion disease
8253,major neurocognitive disorder
8255,hiv dementia
8256,frontal lobe disinhibition
8260,behavioral issues in alzheimer's disease
8262,small bowel camera endoscopy
8263,renal artery pta
8265,community resources support
8267,assisted living
8268,spiral enteroscopy
8269,push enteroscopy
8272,elevated lipase
8273,thoracic aorta stenting
8275,consultation for transgender
8276,obesity and weight loss counseling
8277,g tube check and exchange
8278,avoidant/restrictive food intake disorder
8279,recurrent abscesses
8285,elevated ammonia
8286,elevated alkaline phosphatase level
8287,alkaline phosphatase deficiency
8290,pancreatic sphincterotomy
8292,xray of the nasal bones
8293,sleep apnea counseling
8295,spinal stenosis surgery
8296,posterior spine surgery
8297,posterior spine fusion
8298,posterior cervical spine surgery
8299,lumbar herniated disc surgery
8300,perioperative transesophageal echocardiography
8301,cardiac implant closure devices
8302,spinal cyst
8303,mri of the brain
8304,intraoperative mri
8305,endonasal transsphenoidal approach
8306,cranial helmet therapy
8308,kohler disease
8310,hemivertebrae
8311,brachial plexus birth injury
8312,work related allergic hypersensitivity
8313,rhinolaryngoscopy
8315,spontaneous coronary artery dissection
8316,intestinal ischemic syndrome
8317,coronary brachytherapy
8319,abdominal duplex ultrasound
8320,stapled transanal rectal resection
8321,solesta
8322,paget's disease of the perianal skin
8323,colonic squamous cell carcinoma
8324,psoralen ultraviolet a therapy
8325,online dermatologist
8326,microneedling with platelet rich plasma
8327,liquid face lift
8329,graft repair of wounds
8330,flaps repair of wounds
8331,dermatologic immunopathology
8332,cosmetic laser eyelid surgery
8335,pulmonary vein isolation
8337,lead malfunction
8338,cardiac contractility modulation (ccm)
8339,4d flow mri
8342,thyroid calcification
8343,fracture liaison
8344,achard thiers syndrome
8347,walled-off pancreatic necrosis
8348,third eye panoramic
8349,pancreatic rest
8351,pancreatic duct leak
8352,pancreas function test
8354,murphy sign
8355,medical clearance for colonoscopy
8359,extended ph monitoring
8360,endoscopic sleeve gastroplasty
8361,endoscopic mucosal resection of esophagus
8362,endoscopic endoluminal fundoplication
8363,duodenal adenoma
8364,dilated pancreatic duct
8365,anorectal stenosis
8366,anal carcinoma in situ
8367,ampullary adenoma
8368,akinetic syndrome
8369,airway malacia
8370,treatment appropriateness discussion
8371,spiritual and psychological support
8372,palliative care for wound management
8373,code status discussion and documentation
8374,artificial nutrition and hydration discussion
8375,total parenteral nutrition (tpn)
8376,cancer related psychiatric disorder
8377,thin basement membrane disease
8381,kidney disease counseling
8382,incremental dialysis
8385,diuretic resistance
8387,complications of immune suppression
8388,white matter hyperintensities
8389,statin myopathy
8390,posterior reversible encephalopathy syndrome
8392,neuropathic pruritus
8393,monomelic amyotrophy
8394,intraventricular cyst
8395,inclusion body myopathy
8396,hiv myopathy
8397,hiv associated neurocognitive disorder
8398,gadolinium brain deposition
8399,dropped head syndrome
8400,diabetic lumbosacral radiculoplexus neuropathy
8401,cervical plexopathy
8403,cadasil syndrome
8405,botox for dystonia
8406,unable to close eyes
8407,benign neoplasm of lacrimal gland
8408,serum matrix metalloproteinase 9 test
8409,lipiview
8410,lipiflow
8412,aspheric intraocular lens implant
8413,anterior segment diseases
8414,viscsupplementation
8416,pelvis osteoarthritis
8417,"meniscal tear, age less than 50"
8418,"meniscal tear, age greater than 50"
8419,matrix associated autologous chondrocyte implantation
8420,gorham stout disease
8421,degenerative joint disease of the symphysis
8423,sensory problem
8427,wyburn mason syndrome
8428,syphilitic keratitis
8429,selective endothelial transplant
8430,retinal and choroidal tumors
8431,retina and vitreous surgery
8432,repair of retinal detachment
8433,premium lens
8434,partial sight
8436,dacryocystectomy
8437,dacryoadenotomy
8438,ciliary body adenoma
8439,ciliary body adenocarcinoma
8440,chronic ocular graft versus host disease
8441,best vitelliform macular dystrophy
8443,spinoglenoid notch ganglion cyst
8445,degenerative joint disease of the spine
8446,biceps suspension
8447,ankylosing hyperostosis
8449,radiofrequency ablation of benign spine tumors
8450,minimally invasive sacroiliac joint fusion
8451,minimally invasive lumbar fusion
8453,endoscopic thoracic spine surgery
8454,endoscopic lumbar spine surgery
8455,endoscopic cervical spine surgery
8456,cooled radiofrequency ablation
8460,personal history of malignant neoplasm of liver
8463,care management home visit
8464,social communication disorder
8466,postpartum anxiety
8468,compulsive buying disorder
8469,competency to stand trial
8470,chemical imbalance
8472,women's mental health
8474,trauma and abuse psychology
8475,transplant psychiatry
8476,transpersonal psychology
8477,teen parenting
8478,structural family therapy
8479,strength based therapy
8480,spirituality issues
8481,somatic psychology
8484,self-esteem issues
8487,sandplay therapy
8488,repetitive behaviors
8489,relationship issues
8490,relational therapy
8492,rational emotive behaviour therapy
8493,racial identity issues
8498,psychiatric oncology
8499,prolonged exposure therapy
8500,premarital counseling
8501,pre surgical stress management
8502,positive psychology
8504,person centered therapy
8505,pedophilic disorder
8506,parent child interaction therapy
8508,organizational psychiatry
8509,night eating syndrome
8510,neurofeedback
8511,narrative therapy
8513,multicultural therapy
8514,motherhood and mental health
8515,mixed episode
8516,mindfulness based cognitive therapy
8517,men's mental health
8518,medical and surgical psychiatry
8520,life coaching
8521,lacunar amnesia
8523,jungian psychotherapy
8527,interpersonal psychotherapy
8528,integrative therapy
8529,infidelity issues
8530,imago relationship therapy
8531,humanistic therapy
8532,hiv psychiatry
8535,gottman method
8538,feminist therapy
8541,eye movement desensitization and reprocessing
8542,experiential therapy
8543,existential therapy
8544,emotionally focused therapy
8546,eclectic therapy
8548,disaster psychiatry
8549,dialectical behavioral therapy
8551,delirium tremens (dts)
8552,dance/movement therapy
8554,coping with life transitions
8555,coping with chronic illness
8557,compassion focused therapy
8559,christian counseling
8563,asthenic personality disorder
8565,applied behavior analysis
8573,kussmauls
8574,home sleep study
8575,hepatopulmonary fusion
8576,endoscopic lung volume reduction
8577,endoglin mutations
8578,congenital alveolar dysplasia
8579,bullectomy
8581,activin receptor like kinase 1
8584,uterine transplant
8585,superovulation
8586,ovarian hyperfunction
8587,naprotechnology
8588,female acanthosis nigricans
8589,clomid challenge test
8590,neonatal onset multisystem inflammatory disease
8591,immunoglobulin g deficiency
8592,hibernian fever
8593,deficiency of interleukin 36 receptor antagonist
8595,facial nerve decompression
8596,spindle cell hemangioma
8597,mole mapping
8598,multiple sleep latency testing
8600,visceral malformation
8601,venous tumors
8602,vascular trauma
8603,vascular laser
8604,valvuloplasty of femoral vein
8605,transmyocardial laser revascularization
8606,sacroplasty
8607,robotic endovascular surgery
8608,renoportal anastomosis procedure
8610,poor circulation in hands
8611,peripheral malformation
8612,open portocaval venous anastomosis
8614,laparoscopic aortic surgery
8615,interruption of vena cava
8616,drug eluting beads
8618,arteriovenous stenosis
8619,aortic atresia
8620,abnormal pulse rate
8621,ret mutation
8622,primary mediastinal goiter
8626,hypoplasia of breast
8628,congenital hypoplasia of breast
8630,atypical papilloma
8631,basalosquamous cell carcinoma
8633,stomach masses
8634,single site robotic surgery
8636,sarcoma of the abdomen
8637,macrobead implant
8638,laparoscopic gastric stimulator placement
8639,fat aspiration
8640,enterorrhaphy
8642,da vinci adrenalectomy
8643,udp galactose epimerase deficiency
8648,pyruvate carboxylase deficiency
8649,pyridoxine abnormalities
8651,ornithine transcarbamylase (otc) deficiency
8652,organic aciduria metabolism disorders
8653,oligosaccharides syndrome
8654,nutrigenomics
8655,"neuropathy, ataxia, and retinitis pigmentosa"
8657,mitochondrial neurogastrointestinal encephalopathy disease
8663,fish cancer test
8664,expanded carrier genetic screening
8666,congenital disorders of glycosylation
8667,chronic progressive external ophthalmoplegia
8671,visual reinforcement audiometry (vra)
8672,behavioral observation audiometry (boa)
8673,auditory processing testing
8674,american sign language (asl)
8675,sphenopalatine ganglion block
8676,aceruloplasminemia
8677,pulmonary radiofrequency ablation
8678,personalized cancer therapy
8680,central compartment neck dissection
8681,endovenous laser therapy
8682,cosmetic tattooing
8683,traumatic amputation of the arm
8685,magnetic mini mover procedure
8686,head deformities
8687,uniform scanning proton therapy
8688,mr linac radiation therapy
8689,moderately hypofractionated radiotherapy
8690,moderately hypofractionated proton therapy
8691,vaginoplasty (post operative care only)
8692,transurethral microwave thermotherapy
8693,transgender masculinization surgery
8694,transgender feminization surgery
8695,rezum
8696,renal autotransplant
8697,prostatic massage
8698,post prostatectomy bladder neck contracture
8699,no needle no scalpel vasectomy
8700,microsurgical vasectomy reversal
8701,microsurgical epididymal sperm aspiration
8702,laparoscopic sacrocolpopexy fistula repair
8703,gender affirmation therapy
8704,buccal mucosa vaginoplasty
8705,us of the bladder
8706,urogenital sinus defect
8707,transurethral needle ablation
8711,pelviectasis
8712,pelvic lesions
8714,microdissection testicular sperm extraction
8715,metastatic adrenal gland cancer
8716,laparoscopic orchiopexy
8717,unilateral orchidectomy
8718,single incision robotic prostatectomy
8719,screening for malignant neoplasms of prostate
8720,robotic retroperitoneal lymph node dissection
8721,radioactive seed implants
8723,prostatic fiducial marker placement
8724,percutaneous biopsy of kidney
8725,partial orchiectomy
8726,partial cystectomy
8727,laser prostate surgery
8728,laser enucleation of prostate
8730,laparoscopic orchiectomy
8732,intravesical therapy
8733,inferior vena cava thrombectomy
8734,endoscopic surgery for upper urinary tract transitional cell carcinoma
8735,endoscopic surgery for bladder cancer
8736,cryoablation of renal cancer
8737,benign neoplasm of the urethra
8738,benign neoplasm of the ureter
8739,benign neoplasm of the testis
8740,benign neoplasm of the scrotum
8741,benign neoplasm of the renal pelvis
8742,benign neoplasm of the epididymis
8743,benign carcinoid tumor of kidney
8744,worker compensation evaluation
8745,work related injury
8747,vitamin poisoning
8750,occupational health screening
8756,executive medicine
8758,body fat analysis
8759,abusive head trauma
8760,spermatic cord denervation
8761,renal decapsulation
8762,renal capsulectomy
8763,juvenile cataract
8764,biopsy of iris
8765,robotic adrenalectomy
8766,infant methemoglobinemia
8767,congenital sucrase isomaltase deficiency (csid)
8768,toe bone spur
8769,sural nerve injury
8770,peroneal nerve lesions
8772,nerve surgery of the ankle
8773,minimally invasive surgery of the foot
8774,minimally invasive bunion surgery
8775,minimal incision surgery
8776,laser ingrown nail removal
8777,frostbite of toes
8778,foot wound
8779,foot nerve disorders
8781,arthroscopy of subtalar
8782,ankle nerve disorders
8783,ankle nerve compression
8787,taylor spatial frame
8790,precise lengthening nail
8791,osteointegration amputation surgery
8792,novos lengthening nail
8793,limb realignment
8794,internal lengthening nail
8795,ilizarov surgery
8796,guided growth surgery
8797,fibular hemimelia
8799,cosmetic limb surgery
8802,congenital short femur
8803,bone defect
8804,bone and joint deformities
8805,arm or leg length differences
8806,ankle distraction arthroplasty
8807,"total elbow replacement, age less than 50"
8808,"total elbow replacement, age greater than 50"
8810,open reduction and internal fixation orif knee
8811,hip joint preservation surgery
8812,gender specific joint replacement
8813,bloodless knee replacement
8814,bloodless hip replacement
8816,post traumatic reconstruction
8818,radioembolization of tumors
8821,vascular resection and reconstruction
8822,superficial acral fibromyxoma
8823,spitzoid melanoma
8824,spiradenocarcinoma
8825,soft tissue perineurioma
8826,sarcoma tumor embolization
8827,sarcoma tumor ablation
8829,pleomorphic hyalinizing angiectatic tumour
8830,phosphaturic mesenchymal tumors
8831,perivascular epithelioid cell tumor
8832,palliative bone tumor ablation
8833,odontogenic myxoma
8835,myopericytoma
8838,malignant neoplasm of connective tissue
8839,lipomatous hemangiopericytoma
8840,juxta articular myxoma
8841,intraneural perineurioma
8842,ectopic hamartomatous thymoma
8843,ectomesenchymoma
8844,cutaneous myxoma
8847,bone resection and reconstruction
8848,benign nerve sheath tumor
8849,benign adnexal tumor
8850,bap oma
8851,atypical spitzoid melanocytic neoplasm
8852,atypical spitz nevus
8853,atypical ossifying fibromyxoid tumor
8854,atypical melanocytic neoplasm
8855,atypical lipomatous tumor
8858,global health
8859,antiretroviral salvage therapy
8861,sleep dentistry
8863,robotic oral surgery
8864,implant supported bridge
8869,pediatric like all chemotherapy
8871,thoracic spine injection evaluation
8872,thoracic spine evaluation
8873,telerehabilitation
8874,primary spine care
8875,posterior interosseous neuropathy
8876,nucleoplasty
8877,neural foramen injection
8878,lumbar spine injection evaluation
8879,lumbar spine evaluation
8880,de-weighted walking
8881,cervical spine injection evaluation
8882,cervical spine evaluation
8883,ankle rehabilitation
8884,pet scan brain
8885,vasculitic ulcers
8886,vaginal rejuvenation
8887,ultherapy
8888,silicone toxicity
8889,scrotoplasty
8890,non surgical brow lift
8891,medical tattooing
8892,inflammatory arthritis (ia)
8894,vanquish laser treatment
8895,gender reassignment medical treatment
8896,urethrectomy
8897,skin cancer on penis
8898,salvage prostatectomy
8899,salvage cryotherapy
8900,personal history of malignant neoplasm of kidney
8901,personal history of malignant neoplasm of epididymis
8902,personal history of malignant neoplasm of bladder
8904,nerve-sparing retroperitoneal lymph node dissection
8905,hadron therapy
8906,excision of retroperitoneal mass
8907,double scattering proton therapy
8911,morquio brailsford syndrome
8912,maroteaux lamy syndrome
8917,transnasal esophagoscopy
8919,resonance disorders
8920,nystagmus testing
8921,esophageal ph test
8922,sufu gene
8923,ovarian cancer genomics
8924,ovarian cancer genetics
8925,multi-cancer early detection blood test
8926,liquid biopsy testing
8927,kras mutation
8928,kit gene
8929,denys drash syndrome (dds)
8930,cdk4 gene
8931,cdh13 gene
8932,cancer predisposition syndromes
8933,breast cancer genetic mutation carriers
8934,braf v600e v600k mutations
8935,congestive heart failure related to chemotherapy
8936,complications from chemotherapy
8937,small bowel neuroendocrine tumor
8938,rectal neuroendocrine tumor
8939,neuroendocrine tumor surgery
8940,neuroendocrine tumor of duodenum
8942,metastatic neuroendocrine tumors
8943,liver-directed therapy for neuroendocrine tumors
8944,genetic testing for neuroendocrine tumors
8945,gastrointestinal management with neuroendocrine tumors
8946,gastroenteropancreatic neuroendocrine tumors
8947,cystic pancreatic neuroendocrine tumors
8948,appendiceal neuroendocrine tumor of rectum
8951,hemoglobin e trait
8952,hemoglobin e thalassemia
8953,congenital thrombocytopenia
8955,undifferentiated embryonal sarcoma of the liver
8956,ras-associated autoimmune leukoproliferative disorder
8958,hiv malignancies
8959,b cell lymphoproliferative disorder
8962,pediatric craniopharyngioma
8963,germinoma of the central nervous system (cns)
8964,central nervous system germ cell tumors
8965,cancer related cognitive disorder
8966,brain cancer chemotherapy
8967,atypical teratoid rhabdoid tumor (atrt) of the central nervous system
8968,clear cell renal cancer
8969,esophageal lesions
8970,degenerative joint disease of the hand
8971,traumatic amputation of the leg
8972,targeted muscle reinnervation (tmr) lower extremity
8973,robotic total knee replacement
8974,resurfacing of knee
8975,meniscus transplant
8976,meniscus tear surgery
8977,meniscus tear repair (arthroscopic)
8978,meniscus tear repair
8979,makoplasty
8980,ligament sparing knee replacement
8981,leg fracture surgery
8982,knee replacement complications
8983,knee fracture surgery
8984,knee cartilage restoration surgery
8985,iliac fracture surgery
8986,high tibial osteotomy
8987,gluteal tendon repair
8988,femur fracture surgery
8989,failed knee replacement
8991,discoid meniscus
8992,coxa vara surgery
8993,arthroscopic meniscal transplant
8994,amputation above the knee surgery
8995,waterproof cast
8996,upper extremity splinting
8997,upper extremity cast
8998,trigger point massage
8999,trigger finger injection
9000,total contact casting
9001,suprascapular nerve block
9002,split cast
9003,scoliosis bracing
9004,scaphoid nonunion advanced collapse (snac)
9005,radiofrequency ablation of bone lesions
9006,platelet rich plasma (prp) injection for plantar fasciitis
9008,non surgical management of meniscal tears
9009,non operative tendon injuries
9010,non operative knee ligament injuries
9011,non operative dislocations
9012,lower extremity cast
9013,knee steroid injection
9018,coracoid transfer
9019,bristow
9020,synovectomy of shoulder
9022,spinal accessory neuropathy
9023,snapping scapula syndrome
9025,shoulder steroid injection
9027,shoulder recession
9028,shoulder prosthesis
9029,shoulder joint preservation surgery
9030,shoulder fracture surgery
9031,shoulder arthroscopy revision
9032,scapulothoracic arthroscopy
9033,scapula fracture surgery
9034,rotator cuff repair revision
9035,revision shoulder arthroplasty
9036,primary shoulder arthroplasty
9037,partial shoulder replacement surgery
9038,osteochondritis dissecans (ocd) of the elbow
9039,open reduction and internal fixation orif shoulder
9040,minimally invasive shoulder surgery
9041,loose body in the shoulder
9042,locking shoulder
9043,humerus fracture surgery
9044,elbow steroid injection
9045,elbow soft tissue injury
9046,elbow plica
9047,elbow osteoarthritis
9048,complex elbow trauma
9049,clavicle fracture surgery
9050,charcot shoulder
9051,brachial plexus surgery
9052,biceps tendon repair
9053,biceps tendon injury shoulder
9054,biceps tendon injury elbow
9055,bicep tendon tear
9056,avascular necrosis of shoulder
9057,arthroscopic shoulder stabilization
9058,arthroscopic labral repair
9059,arthroscopic bankart repair
9060,arm fracture surgery
9061,acromioclavicular dislocation
9062,repeat lung transplant
9064,pre-transplant advanced lung disease
9065,pre lung transplant care
9066,post lung transplant care
9068,lung transplant recipient
9069,lung transplant evaluation
9070,ex vivo lung perfusion (evlp)
9072,robotic kidney transplant
9073,repeat small bowel transplant
9074,repeat pancreas transplant
9075,repeat kidney transplant
9076,repeat intestine transplant
9077,pediatric kidney transplant
9078,pediatric en-bloc transplant
9079,pancreas transplant rejection
9080,liver transplant us
9081,liver transplant (hiv positive)
9082,laparoscopic donor nephrectomy
9083,kidney transplant evaluation (hiv positive)
9084,kidney transplant chain
9085,kidney transplant (hiv positive)
9086,immunosuppression-free transplant
9087,high risk kidney transplant
9088,hepatitis positive kidney transplant
9089,cystoscopy stent removal post kidney transplant
9090,abo incompatible kidney transplant
9091,transplant desensitization protocols
9092,solid organ transplant to recipient with pulmonary disease
9093,partial parenteral nutrition (ppn)
9095,double kidney transplant
9096,combined transplant (liver-lung)
9097,combined transplant (kidney-lung)
9098,combined transplant (heart-liver)
9099,combined transplant (heart-kidney-liver)
9100,combined transplant (heart-kidney)
9101,bloodless transplant
9102,artificial nutrition and hydration
9103,ventricular recruitment
9104,tricuspid atresia and truncus arteriosus
9105,transthoracic echocardiographic cardiovascular stress test
9106,tetralogy of fallot with right ventricular hypertrophy (tof)
9107,tet spells
9108,systemic venous anomalies
9110,subvalvular aortic stenosis
9111,subvalvar aortic stenosis
9113,sinus venosus atrial septal defect (asd)
9114,sinus of valsalva fistula/aneurysm
9115,shone's syndrome
9116,right ventricular outlet tract obstruction
9118,pulmonary venous anomalies
9119,pulmonary av fistula
9120,pulmonary artery sling
9122,prosthetic valve failure
9123,persistant fetal circulation
9125,pediatric congenital heart disease
9126,partial anomalous pulmonary venous connection (papvc)
9127,ostium primum atrial septal defect (asd)
9129,mild pulmonic stenosis
9130,mesocardia
9131,malformation of the heart
9132,lv to aorta tunnel
9133,kawashima procedure
9136,infundibular right ventricular outflow obstruction
9137,hypoplastic right ventricle
9138,heterotaxy syndromes
9139,fontan procedure survivor
9141,double outlet ventricle
9142,double outlet left ventricle
9143,double aortic arch repair
9144,congenital anomalies of the great veins
9145,complex biventricular repair
9146,carotid intimal thickness
9147,biventricular conversion
9148,atrial isomerism
9149,aorto left ventricular fistula
9150,anomalous pulmonary venous drainage
9151,mindfulness based stress reduction
9152,tetralogy of fallot with pulmonary atresia (tof)
9153,congenital aortic valve disease
9154,vertebral artery diseases
9155,venous thromboembolism
9156,vasospastic disorders
9157,vasospasm treatment
9159,transcutaneous oximetry monitoring
9160,thrombosis of the iliac artery
9161,stent thrombosis
9162,pulse volume recording (pvr)
9163,peripheral arterial aneurysm
9164,non invasive physiologic vascular studies
9165,lymphorrhea
9166,ivc occlusion
9167,inferior vena cava filter complications
9168,embolism and thrombosis of iliac artery
9169,cryoplasty
9170,atheroembolism of renal arteries
9172,aspiration thrombectomy procedure
9173,ascending thoracic aortic aneurysm
9174,arterial ulcer
9176,aortic angioplasty
9177,angiology
9178,abdominal vascular ultrasound
9179,exercise induced syncope
9180,chest pain with exercise
9183,transcatheter tricuspid valve replacement
9184,transcatheter pulmonary valve replacement
9185,transcatheter paravalvular leak surgery
9186,subvalvular pulmonic stenosis
9187,structural heart disease
9188,staged reconstruction surgeries
9189,single ventricle surgery
9190,right ventricular dysplasia
9191,pulmonary valve surgery
9192,pulmonary stent placement
9193,percutaneous pulmonary valve surgery
9194,percutaneous paravalvular leak surgery
9195,pediatric pulmonary valve treatment
9196,pascal precision transcatheter valve repair system
9197,paravalvular leak
9198,papillary muscle disorders
9199,norwood procedure
9200,navitor valve
9201,mitraclip placement
9202,minimally invasive pulmonary valve surgery
9203,melody transcatheter pulmonary valve therapy
9204,interrupted aortic arch (iaa)
9205,glenn procedure
9206,corevalve transcutaneous aortic valve replacement system
9207,congenital tricuspid atresia
9209,amplatzer patent foramen ovale occluder
9210,microvascular dysfunction
9211,inherited aortic diseases
9212,inflammatory heart diseases
9215,ankle brachial index
9216,adult congenital heart disease in pregnancy
9218,vaginal health
9219,tubal ring removal
9220,tubal ring placement
9221,tubal ring complications
9222,recurrent febrile urinary tract infections
9223,paravaginal defect
9224,ovarian cancer risk assessment
9225,laparoscopic tubal ligation (ltl)
9226,hysteroscopy with biopsy
9227,high risk for human papilloma virus (hpv)
9229,emergency contraceptive (ec)
9230,dilation and evacuation
9231,cryotherapy for genital warts
9232,contraceptive ring complications
9233,contraceptive implant ultrasound
9234,contraceptive implant removal
9235,contraceptive implant complications
9236,complex contraceptive
9237,autoimmune ovarian failure
9238,annual breast exam
9239,relactation
9240,prenatal breastfeeding consultation
9241,poor latch
9242,nipple pain while breastfeeding
9243,infant nipple confusion
9244,breastfeeding initiation
9245,breastfeeding cue education
9246,breast pump education
9247,sterilization counseling
9248,routine obstetric care for vaginal delivery after previous cesarean
9249,prenatal massage
9250,pregnancy related musculoskeletal conditions
9251,pregnancy glucose tolerance test
9252,pregnancy and mental health
9253,midwife services
9254,mental health care in pregnancy
9255,lower back pain in pregnancy
9257,intrauterine device (iud) counseling
9258,intrauterine device (iud) complications
9259,delivery of placenta
9260,antepartum anxiety
9261,vaginal natural orifice transluminal endoscopic surgery
9262,vaginal mesh us
9263,vaginal laser therapy for vaginal atrophy
9264,surgical excision of ovarian endometriosis
9265,robotic surgery for ovarian endometriosis
9266,pelviscopy
9267,paratubal cysts benign
9268,minimally invasive surgery for ovarian endometriosis
9270,laproscopic ovarian drilling
9271,laparoscopic total hysterectomy with bilateral salpingo-oophorectomy
9272,laparoscopic surgery for ovarian endometriosis
9273,hysteroscopic adhesiolysis
9274,hysteroscopic ablation of endometrium
9275,fallopian tube recanalization
9276,contraceptive clip placement
9284,water labor
9285,water birth information
9286,water birth
9287,vaginal infections during pregnancy
9289,sexually transmitted diseases in pregnancy
9290,septate uterus in pregnancy
9291,self-managed abortion
9293,prenatal substance exposure
9294,prenatal cardiology
9295,placenta percreta
9296,pelvic us obstetric
9297,obstetrical ultrasound at 14 weeks gestation or less
9298,obstetrical ultrasound at 14 weeks gestation or greater
9299,noninvasive prenatal testing
9300,nexplanon implant removal
9301,newborn screening tests
9303,limited obstetrical ultrasound
9304,laparoscopic transabdominal cerclage
9305,insufficient weight gain in pregnancy
9307,hysteroscopic sterilization
9308,gestational diabetes counseling
9309,fetal biophysical profile without non-stress testing
9310,fetal biophysical profile with non-stress testing
9312,excessive weight gain in pregnancy
9313,diethylstilbestrol exposure
9314,detailed obstetrical ultrasound
9315,delayed cord clamping
9317,complex family planning
9318,centering pregnancy
9319,cardiotochography
9320,cardiac first trimester imaging
9321,breech birth
9323,bicornuate uterus in pregnancy
9324,antepartum depression
9327,abdominal cerclage
9328,4d ultrasound
9329,3d ultrasound
9330,urologic birth defects
9331,ureterolysis
9332,ureterolithotomy
9333,ureterocalicostomy uco
9335,robotic pyeloplasty
9337,voiding pressure study
9339,vaginoplasty revision
9340,vaginal suspension
9341,vaginal surgery complications
9343,vaginal prolapse repair
9344,vaginal native tissue repair
9347,uterosacral ligament vaginal vault fixation
9348,urethrovaginal fistula
9350,urethrocystopexy
9352,urethral instability
9353,urethral hypermobility
9354,urethral false passage
9357,ureteric fistula
9358,tvt sling
9359,transurethral cystoscopy
9360,transobturator sling
9362,tension-free vaginal tape
9363,suburethral sling
9366,robotic vesicovaginal fistula repair
9367,robotic sacrocolpopexy
9368,robotic sacral colpopexy fistula repair
9369,robotic hysteropexy
9370,robotic hysterectomy
9371,robotic gynecological surgery
9372,retropubic urethropexy
9373,retropubic sling
9374,repair of vaginal tear
9375,repair of urinary stress incontinence
9377,rectus fascia sling
9378,reconstructive gynecological surgery
9379,reconstruction of vagina
9380,reconstruction of urethra
9381,radiofrequency ablation of uterine fibroids
9382,prolapse of vaginal vault after hysterectomy
9384,pregnancy related pelvic floor dysfunction
9385,postpartum urinary incontinence
9386,postpartum prolapse
9387,plastic repair of urethrocele
9388,persistent mullerian duct syndrome
9389,periurethral suspension
9390,periurethral injection
9392,perineocele
9393,pelvic ultrasound
9395,pelvic floor pain
9396,paravaginal repair
9397,non mesh hernia repair
9398,neovaginal stenosis
9399,neovaginal cavity revision
9400,needle suspension
9401,midurethral sling
9403,levator myalgia
9404,laparoscopic urethral suspension
9405,laparoscopic salpingectomy
9406,laparoscopic sacrocolpopexy
9407,labiaplasty
9408,labial reduction
9410,incompetence of rectovaginal tissue
9411,incompetence of pubocervical tissue
9413,gynecologic cancer surgery
9415,female genital mutilation surgery (fgm)
9416,female genital mutilation (fgm)
9417,dilation after vaginoplasty
9418,culdeplasty
9423,closure urethrovaginal fistula
9424,bladder mesh surgery
9426,autologous sling
9427,artificial sacrocolpopexy
9430,advanced stage cervical cancer
9432,4th degree vaginal laceration
9433,3rd degree vaginal laceration
9434,vasectomy counseling
9436,urolift (bph)
9437,urinary fistula repair
9441,testopel insertion
9443,testicular prosthesis removal
9444,robotic surgery for prostate cancer
9445,robotic surgery for kidney cancer
9446,robotic surgery for bladder cancer
9447,robotic prostate surgery
9448,robotic orchiectomy
9450,removal of internal penile prosthesis
9453,prostate imaging
9454,prostate cancer surgery
9456,prostate arterial embolization
9457,percutaneous tibial nerve stimulation (ptns)
9458,penile plication
9459,mri ultrasound fusion imaging of the prostate
9460,mri trus fusion guided prostate biopsy
9461,laparoscopic surgery for prostate cancer
9462,laparoscopic surgery for bladder cancer
9464,genital skin examination
9466,endoscopic surgery for ureteropelvic junction obstruction
9467,complex genitourinary reconstruction
9468,bladder stone removal
9469,aquablation therapy
9470,robotic surgery
9471,laparoscopic single anastomosis duodeno ileal switch surgery
9472,laparoscopic resection head of pancreas
9473,laparoscopic removal of gastric restrictive devices
9474,laparoscopic gi surgery
9475,gastrointestinal robotic surgery
9476,da vinci robotic gastric bypass surgery
9477,da vinci pancreatectomy
9478,da vinci gastrectomy
9479,da vinci esophagectomy
9480,da vinci colon resection
9481,da vinci cholecystectomy
9482,da vinci abdominal wall hernia repair
9483,da vinci
9484,cholecystoscopy
9485,altemeier procedure
9486,postpartum bowel incontinence
9487,irritable bowel syndrome with diarrhea ibs-d
9488,irritable bowel syndrome with constipation ibs-c
9489,hypotensive peristalsis
9491,continence care
9492,bowel obstruction during pregnancy
9495,pancreas sparing duodenectomy
9496,pancreas cancer surgery
9498,hepatopancreatobiliary surgery
9499,esophageal cancer surgery
9501,bile duct stone removal
9502,bile duct repair
9503,anal cancer surgery
9504,transoral incisionless fundoplication (tif)
9505,miniprobe endoscopic ultrasound (eus)
9506,metaiodobenzylguanidine scan
9507,intraluminal stomach stenting
9508,intraluminal duodenum stenting
9509,interventional endoscopic ultrasound (eus)
9510,hida
9511,gi stent placement
9512,extracorporeal shockwave lithotripsy of the kidney
9513,extracorporeal shock wave lithotripsy (eswl)
9514,endoscopic ultrasound directed transgastric ercp (edge) procedure
9515,endoscopic ultrasound (eus) guided fine needle aspiration (fna)
9516,endoscopic ultrasound (eus) guided fiducial placement
9518,endoscopic retrograde cholangiopancreatography (ercp) with sphincterotomy/papillotomy
9520,double balloon enteroscopy
9521,ct pancreatic biopsy
9522,ct liver biopsy
9523,transcranial motor evoked potentials (tcmeps) testing
9525,somatosensory evoked potentials (ssep) testing
9528,diabetic polyneuropathies
9529,brainstem auditory evoked response (baer) test
9530,targeted electrical neuromodulation
9531,spasticity management
9532,relapsing-remitting multiple sclerosis (rrms)
9533,refractory epilepsy
9534,primary progressive multiple sclerosis (ppms)
9535,magnetic resonance imaging (mri)-guided laser ablation
9536,limb reanimation surgery
9537,intractable seizures
9538,evaluation for deep brain stimulation (dbs)
9539,dorsal root ganglion stimulator
9540,syphilitic parkinsonism
9541,spastic ataxia
9542,sleep related movement disorders
9543,secondary parkinson's disease (pd)
9545,parkinson's treatment
9546,parkinson's disease (pd) related depression/anxiety
9547,orofacial dyskinesia
9548,neurocognitive disorder due to parkinson's disease (pd)
9550,movement disorder evaluation
9552,juvenile parkinson's disease (jpd)
9554,functional movement disorders
9555,focal hand dystonia (fhd)
9558,episodic ataxia
9559,"early-onset progressive neurodegeneration, blindness, ataxia, spasticity syndrome"
9562,botulinum toxin for movement disorders
9563,autoimmune movement disorders
9564,atypical parkinsonism
9566,spinal infections
9568,central nervous system (cns) syphilis
9569,acute cerebellitis (ac)
9570,walking delay
9572,oromotor dyspraxia
9573,neurogenic dysfluency
9574,neurogenetic disorders
9575,neurodivergent
9576,fetal alcohol spectrum disorder
9578,botox for cerebral palsy
9579,asperger syndrome therapy
9582,adult attention deficit hyperactivity disorder
9583,neuroendocrine disorders
9585,ectopic cushing
9588,hereditary peripheral neuropathy
9589,hereditary and idiopathic peripheral neuropathy
9590,epilepsy neurogenetics
9591,tumefactive multiple sclerosis
9593,opsoclonus myoclonus ataxia syndrome
9595,myelin oligodendrocyte glycoprotein antibody-associated disease
9596,infusion treatment for neuromyelitis optica
9597,hashimoto encephalopathy
9598,hashimoto encephalitis
9599,clinically isolated syndrome (cis)
9600,autoimmune meningitis
9601,autoimmune encephalopathy
9602,anti-nmda receptor encephalitis
9603,anti myelin oligodendrocyte glycoprotein associated disease
9605,toxic myoneural disorders
9606,suprascapular neuropathy
9607,spinal intervention
9608,segmental dystonia
9609,quantitative sudomotor axon reflex testing
9616,neuromuscular ultrasound
9618,myoneural dysfunction
9619,myelitis/myelopathy
9620,myasthenic crisis
9621,multifocal motor neuropathy
9623,kennedy disease
9625,hereditary neuropathy with pressure palsies (hnpp)
9626,evoked potential testing
9627,elevated creatine kinase
9628,electrodiagnostic testing
9629,dystrophinopathy
9630,drug induced acute dystonia
9631,distal motor neuropathy
9632,diplegia of upper limbs
9634,clinical neurophysiology tests
9635,chronic inflammatory demyelinating polyradiculoneuropathy
9639,autoimmune neuropathy
9643,neurocognitive disorder
9644,functional neurologic disorder
9645,anger control therapy
9646,pressure equalizing (pe) tube placement
9647,patulous eustachian tube (pet)
9648,facial nerve schwannoma
9649,eustachian tube surgery
9650,eustachian tube dysfunction (etd) testing
9651,eustachian tube balloon dilation
9652,endolymphatic sac decompression surgery
9653,cogan's syndrome (cs)
9655,acquired ear deformity
9656,vascular malformation of the head and neck
9657,tumor embolization
9658,tarlov cyst surgery
9659,surgical ligation of spinal dural arteriovenous fistula
9660,stroke thrombolysis
9661,spine arteriovenous malformation (avm)
9662,spine angiography
9663,sinus stenting
9664,sinus stenosis
9665,reversible cerebral vasoconstriction syndrome (rcvs)
9666,preoperative embolization
9667,perimedullary fistula
9668,laminectomy for spinal arteriovenous fistula clipping
9669,extracranial-intracranial bypass
9670,endarterectomy of intracranial artery
9671,dural arteriovenous fistulaÂ embolization
9672,carotid cavernous fistula repair
9673,carotid angioplasty and stenting
9674,brain arteriovenous malformation
9675,acute stroke management
9676,myofibroblastoma
9677,high risk breast cancer counseling
9678,adjuvant radiation therapy
9679,transplant psychology
9680,repeat liver transplant
9682,hepatitis positive liver transplant
9683,domino liver transplant
9684,combined transplant (intestine-liver)
9687,transanal hemorrhoidal dearterialization doppler ligation
9688,stoma complications
9689,small bowel lesion
9690,sacral nerve stimulation for incontinence
9691,rectourethral fistula
9692,pull-through procedure
9693,pouching
9694,ostomy site marking
9695,ostomy reversal
9696,natural orifice transluminal endoscopic surgery
9697,minimally invasive rectal resection
9698,laparoscopic sigmoidectomy
9699,laparoscopic cecectomy
9700,laparoscopic abdominoperineal resection of the rectum
9702,inflammatory bowel disease surgery
9703,high resolution anoscopy
9704,gracilis muscle transplant for anal incontinence
9705,g-tube stoma
9706,g-j tube stoma
9707,epiploic appendagitis
9708,endoscopic hemorrhoid band ligation
9709,defecation disorders
9710,colon stenting
9711,colon and rectal surgery
9712,cecal mass
9714,bowel lengthening surgery
9715,anal rectal surgery
9716,anal fissure surgery
9717,anal cerclage
9718,abdominal hernia surgery
9719,abdominal hemorrhage
9720,splanchnic vein thrombosis (svt)
9721,pediatric liver transplant
9724,low amylase level
9726,liver transplant evaluation
9729,hepatitis b core antibody (hbcab)
9732,gilbertâ??s syndrome
9734,elevated bilirubin levels
9736,cystic fibrosis related liver disease
9737,cholestatic liver diseases of childhood
9739,abnormal results of liver function study
9740,very early onset inflammatory bowel disease (veoibd)
9741,single balloon enteroscopy
9742,indeterminate colitis
9743,ibd diet and lifestyle counseling
9744,gj tube evaluation
9745,esophagogastroduodenoscopy (egd) with biopsy
9746,colonoscopy through stoma
9747,colonic cryptitis
9749,capsule endoscopy
9750,viral suppression
9751,severe chronic epistaxis
9752,plasma cell and antibody production disorders
9754,iron metabolism disorders
9755,hypersplenism
9757,family history of clotting
9758,family history of bleeding
9759,factor twelve deficiency
9760,factor ten deficiency
9763,dsyfibrinogenemia
9768,pyruvate kinase deficiency (pkd)
9771,iron infusion therapy
9772,hereditary elliptocytosis (he)
9774,congenital sideroblastic anemia (csa)
9775,charge syndrome
9777,vaccine induced prothrombotic immune thrombocytopenia
9781,post thrombotic syndrome (pts)
9783,factor five deficiency
9784,catastrophic antiphospholipid syndrome (caps)
9785,bleeding disorder clinics
9788,transformed lymphoma
9789,t-cell large granular lymphocytic leukemia
9790,t cell acute lymphoblastic leukemia
9792,relapsed myeloma
9793,relapsed acute myelogenous leukemia (aml)
9794,plasma cell leukemia pcl
9795,philadelphia chromosome positive acute lymphoblastic leukemia
9796,philadelphia chromosome like acute lymphoblastic leukemia
9797,mucosa associated lymphoid tissue lymphoma
9798,mixed phenotype acute leukemia (mpal)
9799,lymphoma during pregnancy
9800,light chain disorders
9802,human t-cell lymphotropic virus type 2
9803,human t-cell lymphotropic virus type 1
9804,hiv lymphoma
9806,gray zone lymphoma
9809,alk negative anaplastic large cell lymphoma
9810,adjuvant chemotherapy for bladder cancer
9811,wide local excision surgery
9812,umbilical hernia surgery
9813,tunneled line
9815,serous cystadenomas
9816,reoperation surgery
9817,peg tube evaluation
9818,pediatric ulcerative colitis
9819,pediatric sedation
9820,necrotizing enterocolitis in newborn
9821,minimally invasive hernia surgery
9822,minimally invasive biopsies
9823,meshoma
9825,laceration follow up
9827,internal hernia surgery
9828,inguinal hernia mesh repair
9831,gallbladder cancer surgery
9832,flank hernia
9833,feeding tube complications
9834,feeding education & enteral discharge support
9836,duodenal stenosis in infants
9837,duodenal atresia in infants
9839,blood conservation
9840,biliary tract cancer surgery
9841,appendicitis surgery
9842,video electroencephalogram (veeg)
9844,pediatric electroencephalogram
9845,epilepsy medication management
9846,visual electrophysiology
9847,vision assessments for children with seizures/epilepsy
9850,pediatric eye care
9851,ocular nerve palsy
9852,ocular nerve disorder
9853,mitochondrial-related eye disorders
9855,leber hereditary optic neuropathy
9856,learning related vision problems
9857,delayed visual maturation
9858,brain tumor-related vision loss
9859,trauma focused cognitive behavioral therapy
9860,stroke related depression
9862,individual education evaluation
9863,fine motor skills evaluation
9864,educational testing
9866,social media addiction
9867,psychological trauma
9868,peer relationships issues
9869,obsessive compulsive and related disorder due to another medical condition
9871,internet addiction
9872,hoarding disorder
9873,grief and loss counseling
9878,antidepressant medical management
9879,antianxiety medical management
9880,video game addiction
9881,trauma informed care
9882,thought disorder
9883,telepsychiatry
9884,suicidal ideation therapy
9885,suicidal ideation counseling
9886,social engagement disorder
9888,smartphone addiction disorder
9889,sexual behavior disorders
9890,sexual abuse survivor counseling
9892,self harming behaviors
9893,schizophreniform disorder
9900,problematic interactive media use (pimu)
9902,pervasive developmental delay
9904,parent child relations therapy
9905,parent child relations counseling
9906,parent child communication therapy
9907,parent child communication counseling
9908,paranoia and delusional disorders
9909,oppositional defiance
9910,online psychiatrist
9911,novel coronavirus related mental health conditions
9912,mental health behavioral disorders
9913,mania
9919,homicide bereavement
9920,heller syndrome
9924,disinhibited attachment disorder
9925,depressive disorder due to another medical condition
9926,depression therapy
9927,depression counseling
9930,complicated bereavement disorder
9931,community violence and trauma
9932,children of incarcerated parents therapy
9933,children of incarcerated parents counselling
9934,children of addicted parents therapy
9935,children of addicted parents counseling
9936,child parent attachment therapy
9937,child parent attachment assessment
9939,bulimia therapy
9940,bulimia counseling
9943,bipolar disorder therapy
9944,bipolar disorder counseling
9945,binge eating therapy
9946,binge eating counseling
9948,behavior counseling
9949,autism therapy
9950,autism counseling
9952,anxious somatic responses therapy
9953,anxious somatic responses counseling
9954,anxiety therapy
9955,anxiety management therapy
9956,anxiety disorders therapy
9957,anxiety disorder due to another medical condition
9958,anxiety counseling
9959,anorexia therapy
9960,anorexia counseling
9961,anger issues
9965,written expression speech therapy
9966,voice therapy
9967,videofluoroscopic swallow evaluation
9968,speech therapy re evaluation
9969,speech therapy evaluation
9970,speech sound production evaluation
9971,speech sound disorder
9972,speech fluency evaluation
9973,speech and language evaluation
9974,speaking valve
9975,sensory based feeding difficulties
9976,resonance therapy
9977,reading comprehension speech therapy
9978,radiation induced dysphagia
9979,quicksin test
9980,quantitative analysis of voice onset
9981,qualitative analysis of voice onset
9982,pragmatics and social communication
9985,paradoxical vocal fold motion
9986,oral motor feeding evaluation
9987,neuromuscular therapies
9988,neurogenic language disorders
9989,muscular dystrophy therapies
9990,motor speech disorders
9992,management of hearing loss
9994,lee silverman voice treatment
9995,hyponasal speech
9996,hypernasal speech
9997,hearing in noise test (hint)
9999,fiberoptic evaluation of swallowing (fees)
10000,developmental delays therapies
10001,chronic hearing loss
10002,aural rehab therapy
10003,articulation and phonology
10005,aphasia (language) treatments
10006,wrist tendon tear
10007,wartenberg syndrome
10008,volkmann ischemic contracture
10009,ulnocarpal abutment syndrome
10010,ulnar variance
10012,ulnar nerve instability
10013,ulnar nerve compression at/in wrist or hand
10014,ulnar claw
10015,trigger thumb surgery
10016,traumatic amputation of the hand
10017,thumb reattachment
10018,thumb fracture surgery
10019,tenosynovitis of hand
10020,tenoplasty of hand
10021,replantation of extremities
10022,repair mallet finger
10023,reconstructive surgery of the hand
10024,reconstructive surgery of the finger
10025,radial pseudoarthrosis nonunion
10026,postraumatic radioulnar synostosis
10027,pediatric hand surgery of webbed fingers (syndactyly)
10028,pediatric hand surgery of duplicated fingers (polydactyly)
10029,pediatric hand surgery of absent or missing fingers
10030,palmar fasciitis
10031,open reduction and internal fixation orif wrist
10032,oligodactyly hand
10033,nerve reconstruction
10034,nail bed injury
10035,minimally invasive surgery of the wrist
10036,minimally invasive surgery of the hand
10037,microsurgical replantation of the hand
10038,microsurgery of the hand
10039,micro vascular epiphyseal plate transplant
10040,metacarpophalangeal fusion
10041,metacarpal sequestrectomy
10043,madelung deformity
10044,human bite of the hand
10045,high pressure injection injury of hand
10046,hand transplant
10048,guyon canal release
10049,ganglion cyst of the hand
10050,frostbite of finger
10051,foreign body (hand)
10052,foreign body (finger)
10053,finger tendon tear
10054,finger reattachment
10055,finger joint replacement
10056,finger fracture surgery
10057,finger flexor recession
10058,finger deformity surgery
10059,enzyme injection for dupuytren's disease
10060,digital mucous cysts
10061,cmc thumb arthroplasty
10062,carpometacarpal boss
10063,cancerous tumor removal of the hand
10064,bursectomy of hand
10065,benign tumor removal of the hand
10066,benign tumor of hand
10067,anterior interosseous nerve syndrome
10068,anterior interosseous compression neuropathy
10069,animal bite of the hand
10070,triceps tendon tear
10071,tight heel chords
10073,tendinitis of the wrist
10074,tendinitis of the hand
10075,sports related wrist injury
10076,sports related upper extremity injury
10077,sports related toe injury
10078,sports related thumb injury
10079,sports related thoracic spine injury
10080,sports related spine injury
10081,sports related spinal cord injury
10082,sports related shoulder injury
10083,sports related scapula injury
10084,sports related performance problems
10085,sports related patella injury
10086,sports related lumbar spine injury
10087,sports related lower extremity injury
10088,sports related knee injury
10089,sports related hip injury
10090,sports related health analysis
10091,sports related headaches
10092,sports related head injury
10093,sports related hand injury
10094,sports related finger injury
10095,sports related fatigue
10096,sports related elbow injury
10097,sports related coccyx injury
10098,sports related clavicle injury
10099,sports related cervical spine injury
10100,sports performance issues
10101,sports medicine injuries
10103,skiing injuries
10106,rowing injuries
10108,quadriceps femoris muscle tear
10109,pubic symphysis fracture
10110,proximal radius fracture
10111,posterior tibial tendon injury
10112,posterior cruciate ligament (pcl) injury
10113,peroneal tendonitis
10114,peroneal tendon tear
10115,peripheral joint injections
10116,pediatric sports injuries
10117,pediatric fractures
10118,pectoralis muscle tear
10119,pectoralis major tendon tear
10120,patella tendon tear
10121,orthopedic injuries treatment
10122,musculoskeletal trauma
10123,mp joint arthritis
10124,lisfranc sprain
10125,knee tendon injury
10128,intradiscal steroid injection
10129,hamstring tear
10130,equestrian safety
10131,equestrian injuries
10133,elbow ligament tear
10134,elbow instability
10135,eating disorders in athletes
10136,dance related injury
10137,chronic medical issues in athletes
10138,cartilage tear
10139,anterior cruciate ligament (acl) tear
10140,adolescent sports injuries
10141,adolescent fractures
10142,acute sports related back pain
10144,stem cell transplant for multiple myeloma
10145,repeat stem cell transplant
10146,repeat hematopoietic stem cell transplant
10147,repeat hematopoietic bone marrow transplant (bmt)
10148,repeat bone marrow transplant (bmt)
10149,repeat autologous stem cell transplant
10150,repeat autologous bone marrow transplant (bmt)
10151,repeat allogeneic stem cell transplant
10152,repeat allogeneic bone marrow transplant (bmt)
10153,natural killer cells transplant
10154,marrow stem cell defects treatment
10155,mantle zone lymphoma
10156,immune effector cell (iec) therapy
10157,hematopoietic stem cell transplant
10158,complications related to hematopoietic stem cell transplantation
10159,bone marrow transplant to recipient with pulmonary disease
10160,bone marrow transplant for multiple myeloma
10161,bone marrow transplant for lymphoma
10163,anemia and bone marrow disorders
10164,vascular thoracic outlet syndrome
10165,tracheobronchomalacia
10167,thoracic reconstruction surgery
10168,surgical treatment of chest wall deformity
10169,surgery for arterial thoracic outlet syndrome
10170,stress maneuver testing
10171,ravitch procedure
10173,peroral endoscopic myotomy
10174,omentoplasty
10175,nuss procedure
10176,neurogenic thoracic outlet syndrome (tos)
10177,neuroendocrine tumor of the lung
10178,mycetoma resection
10179,mediastinum cancer surgery
10182,lung cancer surgery
10183,linx
10184,foregut surgery
10185,endoscopic management of bile duct stones
10186,diaphragm cancer surgery
10187,chest wall defects treatment
10188,bronchial fistula
10189,benign airway tumors
10190,airway tumors
10191,spot scanning proton therapy
10192,abscopal effect
10193,xofigo
10194,unsealed source radiotherapy
10196,spaceoar hydrogel
10197,sir spheres microspheres
10198,radiosensitizing chemotherapy
10199,quadramet
10200,pencil beam proton therapy
10201,endovascular papillary angioendothelioma
10203,endobronchial tumor ablation
10205,hematopoietic bone marrow transplant
10207,cervical cancer genomics
10212,sports participation exam
10214,respiratory syncytial virus vaccine
10215,radiology services
10216,novel coronavirus vaccine booster
10217,novel coronavirus vaccine
10219,measles mumps rubella varicella vaccine
10220,male genital problems
10221,heat related illness
10226,dtap-ipv/hib vaccine
10228,digital xray
10231,burn injury treatment
10232,bivalent covid-19 vaccine
10233,post exposure prophylaxis (pep)
10234,atrial septal defect (asd) repair
10235,percutaneous atrial septal defect (asd) closure
10236,bone morphogenetic protein (bmp)
10237,light chain (al) amyloidosis
10239,intestinal failure (if)
10240,obsessive compulsive disorder (ocd)
10241,relapsed acute lymphoblastic leukemia (all)
10242,adolescent and young adult cancer (aya)
10243,autoimmune neutropenia (ain)
10244,autoimmune (aa) amyloidosis
10245,transcatheter aortic valve replacement (tavr)
10246,conditioned play audiometry (cpa)
10248,ocular metastasis
10249,total skin electron beam therapy
10250,intensity modulated proton therapy
10253,minimally invasive atrial septal defect (asd) closure
10254,glenohumeral internal rotation deficit (gird)
10255,"fructose 1, 6 bisphosphatase deficiency"
10256,fetal congenital diaphragmatic hernia (cdh) repair
10257,ex utero intrapartum treatment procedure (exit)
10259,foreign body (colon-intestine)
10260,foreign body (anus-rectum)
10261,foreign body (esophagus)
10262,epilepsy monitoring unit evaluation (emu)
10263,combined transplant (kidney-liver-pancreas)
10264,transposition of the great arteries (tga)
10266,progressive familial intrahepatic cholestasis (pfic)
10267,developmental dysplasia of the hip (ddh)
10268,foreign body (trunk)
10269,foreign body (foot)
10270,endorectal advancement flap (eraf)
10272,auditory steady state response (assr) testing
10273,otoacoustic emissions (oae) testing
10274,auditory brainstem response (abr) test
10276,osteochondritis dissecans (ocd) of the knee
10277,pulmonary arteriovenous malformation (avm)
10278,wendler's glottoplasty
10279,da vinci head & neck surgery
10280,transoral robotic surgery (tors)
10281,metabolic disorders (inherited)
10282,idiopathic pulmonary fibrosis (ipf)
10283,descemet's stripping endothelial keratoplasty
10284,peter's anomaly surgery
10285,ductal carcinoma in situ (dcis)
10286,deep inspiration breath hold (dibh)
10287,double outlet right ventricle (dorv)
10288,partial anomalous pulmonary venous return (papvr)
10289,tetralogy of fallot (tof)
10290,velo cardio facial syndrome (vcfs)
10291,anomalous coronary artery (aca)
10293,total anomalous pulmonary venous return (tapvr)
10294,"total knee replacement, age less than 50"
10295,"total knee replacement, age greater than 50"
10296,"total hip replacement, age greater than 50"
10297,"total hip replacement, age less than 50"
10298,primary peritoneal cancer (ppc)
10299,congenital grave's disease
10300,auditory processing disorder (apd)
10302,gastrointestinal (gi) stromal tumors
10303,neuroendocrine tumor of the extrahepatic bile ducts
10304,alzheimer's testing
10306,lobular carcinoma in situ (lcis)
10307,neurocognitive disorder due to huntington's disease
10308,neurocognitive disorder due to alzheimer's disease
10309,alzheimer's disease counseling
10310,attention deficit hyperactivity disorder (adhd) testing
10311,combined transplant (kidney-pancreas)
10313,posterior cruciate ligament (pcl) repair
10314,platelet rich plasma injection (prp) of the elbow
10315,platelet rich plasma (prp) injection of the hip
10316,platelet rich plasma (prp) injection of the shoulder
10317,platelet rich plasma (prp) injection of the knee
10318,dent's disease
10319,actinic keratosis (ak)
10320,chronic kidney disease (ckd) after renal transplant
10321,conservative management of chronic kidney disease (ckd)
10322,combined transplant (kidney-liver)
10323,palliative management of chronic kidney disease (ckd)
10324,human papillomavirus (hpv) related penile cancer
10325,foreign body (genitourinary tract)
10326,robotic surgery for urinary obstruction (kidney disorders)
10327,cecostomy tube (c-tube) maintenance
10328,cecostomy tube (c-tube) complications
10329,congenital urachal abnormalities (ua)
10330,minimally invasive treatment for vesicoureteral reflux (vur)
10331,vesicoureteral reflux (vur) surgery
10332,cecostomy tube (c-tube) placement
10334,transmetatarsal amputation (tma) surgery
10335,deformity correction of foot & ankle
10336,"bursitis, subcutaneous tendo achilles"
10337,basal antral follicle count (afc) test
10338,lgbtq+ fertility care
10339,pulmonary function tests (pft)
10340,adrenoleukodystrophy (ald)
10341,cartilage hair hypoplasia (chh)
10342,autoimmune lymphoproliferative syndrome (alps)
10343,gastrointestinal (gi) cancer genomics
10344,hearing loss (genetic)
10345,bone anchored hearing aids (baha)
10347,vestibular evoked myogenic potential (vemp) testing
10348,foreign body (cornea)
10349,combined transplant (heart-lung)
10350,advanced heart failure (adhf)
10351,v/q scan
10352,chronic kidney disease (ckd)
10353,heart failure (hf)
10354,renal arteriovenous malformation (avm)
10355,dietary management of chronic kidney disease (ckd)
10356,medical management of chronic kidney disease (ckd)
10358,acute myelogenous leukemia (aml)
10359,screening for sexually transmitted diseases (std)
10360,mood (affective) disorder
10361,multiple sclerosis (ms) rehabilitation
10362,neuromyelitis optica (nmo)
10363,kasabach merritt phenomenon (kmp)
10365,spasticity of spine/back
10366,"instrumented anterior cervical discectomy, fusion (acdf)"
10367,"posterior lumbar laminectomy with fusion, without instrumentation"
10368,deep brain stimulation (awake)
10369,deep brain stimulation (asleep)
10370,minimally invasive glaucoma surgery (migs)
10372,myocardial infarction (mi)
10373,atrial septal defect (asd)
10374,abnormal electrocardiogram (ekg)
10375,parkinson's disease (pd) surgery
10376,resection of cerebral arteriovenous malformation (avm)
10377,radiofrequency ablation for barrett's esophagus
10378,surgical treatment of crohn's disease
10379,peg (percutaneous endoscopic gastrostomy)
10380,congenital diaphragmatic hernia (cdh) repair
10381,foreign body (penis)
10382,foreign body (bladder-urethra)
10383,vesicoureteral reflux (vur)
10385,hearing loss (conductive)
10386,hearing loss (profound)
10389,hearing loss (neural)
10390,tympanoplasty/mastoidectomy
10391,"ear, nose and throat surgery"
10392,"dysphagia, oropharyngeal phase"
10393,hearing loss (central)
10394,hearing loss (mixed)
10395,hearing loss (asymmetrical)
10396,tympanic membrane perforation (tmp)
10397,peyronie's disease (pd)
10399,esophagogastroduodenoscopy (egd)
10400,gastrointestinal (gi) cancer screening
10401,esophagogastroduodenoscopy (egd) with botox injection
10402,esophagogastroduodenoscopy (egd) with dilation
10404,"hemorrhage of gastrointestinal tract, unspecified"
10405,foreign body (digestive system)
10406,angiodysplasia of intestine (without mention of hemorrhage)
10407,small intestine bacterial overgrowth (sibo)
10408,acute lymphoblastic leukemia (all)
10411,foreign body (airway)
10412,acquired urachal abnormalities (ua)
10414,palliative care & hospice counseling
10416,amplified musculoskeletal pain syndrome (amps)
10417,platelet rich plasma (prp) injection
10418,peripheral nerve stimulation (pns)
10419,commercial drivers license physical (cdl physicals)
10420,lgbtq+ health
10421,gastrointestinal (gi) cancer
10422,diffuse intrinsic pontine glioma (dipg)
10423,cns embryonal tumors
10424,atypical teratoid rhabdoid tumor (atrt)
10425,malignant fibrous histiocytoma (mfh)
10427,fibrosarcoma of the head & neck
10430,malignant primitive neuroectodermal tumor (pnet)
10431,myoepithelioma/mixed tumor of soft tissue
10433,central nervous system primitive neuroectodermal tumor
10435,malignant adnexal tumor
10436,preoperative radiation therapy
10437,epithelioid blue nevus
10438,malignant blue nevus
10440,radiation treatment
10442,lgbtq+ youth care
10443,acquired immunodeficiency syndrome (aids)
10444,human immunodeficiency virus (hiv)
10445,pre exposure prophylaxis (prep)
10446,periodic limb movement disorder (plmd)
10447,arteriovenous malformation (avm)
10448,intrauterine device (iud) placement
10451,anti mullerian hormone (amh) testing
10452,pruritic urticarial papules and plaques of pregancy (pupp)
10453,premenstrual syndrome (pms)
10454,intrauterine device (iud) removal
10456,cerebrovascular accident (cva)
10457,guillain barre syndrome (gbs)
10458,transient ischaemic attack (tia)
10459,parkinson's disease (pd)
10461,human papilloma virus (hpv) vaccination
10462,"dry, itchy patches"
10465,infections (bacterial and viral)
10466,electrocardiogram (ekg)
10467,shortness of breath (sob)
10468,eustachian tube dysfunction (etd)
10469,foreign body (conjunctiva)
10471,antinuclear antibody (ana) blood test
10472,chronic fatigue syndrome (cfs)
10473,carpal tunnel syndrome (cts)
10474,cryopyrin associated periodic syndrome (caps)
10479,positive antinuclear antibody (ana) test
10480,guinea worm disease (gwd)
10481,human papilloma virus (hpv)
10482,lymphogranuloma venereum (lgv)
10483,rocky mountain spotted fever (rmsf)
10484,sexually transmitted disease (std)
10486,tuberculosis (tb) test
10487,congenital diaphragmatic hernia (cdh)
10488,medial collateral ligament (mcl) tear
10489,posterior cruciate ligament (pcl) tear
